#
# There is insufficient memory for the Java Runtime Environment to continue.
# Native memory allocation (mmap) failed to map 1237319680 bytes. Error detail: G1 virtual space
# Possible reasons:
#   The system is out of physical RAM or swap space
#   This process is running with CompressedOops enabled, and the Java Heap may be blocking the growth of the native heap
# Possible solutions:
#   Reduce memory load on the system
#   Increase physical memory or swap space
#   Check if swap backing store is full
#   Decrease Java heap size (-Xmx/-Xms)
#   Decrease number of Java threads
#   Decrease Java thread stack sizes (-Xss)
#   Set larger code cache with -XX:ReservedCodeCacheSize=
#   JVM is running with Zero Based Compressed Oops mode in which the Java heap is
#     placed in the first 32GB address space. The Java Heap base address is the
#     maximum limit for the native heap growth. Please use -XX:HeapBaseMinAddress
#     to set the Java Heap base and to place the Java Heap above 32GB virtual address.
# This output file may be truncated or incomplete.
#
#  Out of Memory Error (os_windows.cpp:3554), pid=7272, tid=10828
#
# JRE version: OpenJDK Runtime Environment (25.0.1+8) (build 25.0.1+8-27)
# Java VM: OpenJDK 64-Bit Server VM (25.0.1+8-27, mixed mode, sharing, tiered, compressed oops, compressed class ptrs, g1 gc, windows-amd64)
# No core dump will be written. Minidumps are not enabled by default on client versions of Windows
#

---------------  S U M M A R Y ------------

Command Line: -Xms512m -Xmx6g --module-path=C:\javafx-sdk-25\lib --add-modules=javafx.controls -Dfile.encoding=windows-1252 -Dstdout.encoding=windows-1252 -Dstderr.encoding=windows-1252 -XX:+ShowCodeDetailsInExceptionMessages model.Main

Host: Intel(R) Core(TM) i5-14500, 20 cores, 7G,  Windows 11 , 64 bit Build 26100 (10.0.26100.5074)
Time: Tue Apr 14 02:49:08 2026 South Africa Standard Time elapsed time: 44.019494 seconds (0d 0h 0m 44s)

---------------  T H R E A D  ---------------

Current thread (0x00000148e8ac45a0):  VMThread "VM Thread"          [id=10828, stack(0x00000034d3700000,0x00000034d3800000) (1024K)]

Stack: [0x00000034d3700000,0x00000034d3800000]
Native frames: (J=compiled Java code, j=interpreted, Vv=VM code, C=native code)
V  [jvm.dll+0x7a6b59]  (no source info available)
V  [jvm.dll+0x77290d]  (no source info available)
V  [jvm.dll+0x966153]  (no source info available)
V  [jvm.dll+0x968751]  (no source info available)
V  [jvm.dll+0x968e53]  (no source info available)
V  [jvm.dll+0x2fc756]  (no source info available)
V  [jvm.dll+0x7a2d85]  (no source info available)
V  [jvm.dll+0x796197]  (no source info available)
V  [jvm.dll+0x3f4698]  (no source info available)
V  [jvm.dll+0x3fc5b6]  (no source info available)
V  [jvm.dll+0x3e8c8e]  (no source info available)
V  [jvm.dll+0x3e8f48]  (no source info available)
V  [jvm.dll+0x3c0045]  (no source info available)
V  [jvm.dll+0x3c00da]  (no source info available)
V  [jvm.dll+0x40d2b6]  (no source info available)
V  [jvm.dll+0x40bbdb]  (no source info available)
V  [jvm.dll+0x3bf787]  (no source info available)
V  [jvm.dll+0x40afdf]  (no source info available)
V  [jvm.dll+0x96f091]  (no source info available)
V  [jvm.dll+0x9703ad]  (no source info available)
V  [jvm.dll+0x970929]  (no source info available)
V  [jvm.dll+0x970bd3]  (no source info available)
V  [jvm.dll+0x906a0d]  (no source info available)
V  [jvm.dll+0x7a5135]  (no source info available)
C  [ucrtbase.dll+0x37b0]  (no source info available)
C  [KERNEL32.DLL+0x2e8d7]  (no source info available)
C  [ntdll.dll+0x8d9c]  (no source info available)

VM_Operation (0x00000034d2ffecd0): G1CollectForAllocation, mode: safepoint, requested by thread 0x00000148f7fce3f0


---------------  P R O C E S S  ---------------

Threads class SMR info:
_java_thread_list=0x00000148ee1c7f70, length=19, elements={
0x00000148c48a98e0, 0x00000148e8ad6880, 0x00000148e8ad8050, 0x00000148e8adbcb0,
0x00000148e8ade1d0, 0x00000148e8aded90, 0x00000148e8adfd20, 0x00000148e8ae93c0,
0x00000148e8af5e20, 0x00000148e9b66c60, 0x00000148eee4e2e0, 0x00000148ee529140,
0x00000148e9b7a1b0, 0x00000148e9b7ac40, 0x00000148f4b17f30, 0x00000148f4ad6c30,
0x00000148f4d2e9a0, 0x00000148f4d310b0, 0x00000148f7fce3f0
}

Java Threads: ( => current thread )
  0x00000148c48a98e0 JavaThread "main"                              [_thread_blocked, id=19444, stack(0x00000034d3000000,0x00000034d3100000) (1024K)]
  0x00000148e8ad6880 JavaThread "Reference Handler"          daemon [_thread_blocked, id=20684, stack(0x00000034d3800000,0x00000034d3900000) (1024K)]
  0x00000148e8ad8050 JavaThread "Finalizer"                  daemon [_thread_blocked, id=1344, stack(0x00000034d3900000,0x00000034d3a00000) (1024K)]
  0x00000148e8adbcb0 JavaThread "Signal Dispatcher"          daemon [_thread_blocked, id=20576, stack(0x00000034d3a00000,0x00000034d3b00000) (1024K)]
  0x00000148e8ade1d0 JavaThread "Attach Listener"            daemon [_thread_blocked, id=12380, stack(0x00000034d3b00000,0x00000034d3c00000) (1024K)]
  0x00000148e8aded90 JavaThread "Service Thread"             daemon [_thread_blocked, id=19284, stack(0x00000034d3c00000,0x00000034d3d00000) (1024K)]
  0x00000148e8adfd20 JavaThread "Monitor Deflation Thread"   daemon [_thread_blocked, id=20960, stack(0x00000034d3d00000,0x00000034d3e00000) (1024K)]
  0x00000148e8ae93c0 JavaThread "C2 CompilerThread0"         daemon [_thread_blocked, id=22328, stack(0x00000034d3e00000,0x00000034d3f00000) (1024K)]
  0x00000148e8af5e20 JavaThread "C1 CompilerThread0"         daemon [_thread_blocked, id=21884, stack(0x00000034d3f00000,0x00000034d4000000) (1024K)]
  0x00000148e9b66c60 JavaThread "Common-Cleaner"             daemon [_thread_blocked, id=19940, stack(0x00000034d4100000,0x00000034d4200000) (1024K)]
  0x00000148eee4e2e0 JavaThread "Notification Thread"        daemon [_thread_blocked, id=21440, stack(0x00000034d4800000,0x00000034d4900000) (1024K)]
  0x00000148ee529140 JavaThread "QuantumRenderer-0"          daemon [_thread_blocked, id=19088, stack(0x00000034d4900000,0x00000034d4a00000) (1024K)]
  0x00000148e9b7a1b0 JavaThread "InvokeLaterDispatcher"      daemon [_thread_blocked, id=12060, stack(0x00000034d4400000,0x00000034d4500000) (1024K)]
  0x00000148e9b7ac40 JavaThread "JavaFX Application Thread"         [_thread_in_native, id=17248, stack(0x00000034d4500000,0x00000034d4600000) (1024K)]
  0x00000148f4b17f30 JavaThread "JavaFX-Launcher"                   [_thread_blocked, id=12876, stack(0x00000034d6500000,0x00000034d6600000) (1024K)]
  0x00000148f4ad6c30 JavaThread "Thread-2"                   daemon [_thread_blocked, id=8540, stack(0x00000034d6400000,0x00000034d6500000) (1024K)]
  0x00000148f4d2e9a0 JavaThread "Prism Font Disposer"        daemon [_thread_blocked, id=20660, stack(0x00000034d7500000,0x00000034d7600000) (1024K)]
  0x00000148f4d310b0 JavaThread "Cleaner-0"                  daemon [_thread_blocked, id=21940, stack(0x00000034d7600000,0x00000034d7700000) (1024K)]
  0x00000148f7fce3f0 JavaThread "Thread-3"                   daemon [_thread_blocked, id=14688, stack(0x00000034d2f00000,0x00000034d3000000) (1024K)]
Total: 19

Other Threads:
=>0x00000148e8ac45a0 VMThread "VM Thread"                           [id=10828, stack(0x00000034d3700000,0x00000034d3800000) (1024K)]
  0x00000148e8993620 WatcherThread "VM Periodic Task Thread"        [id=17460, stack(0x00000034d3600000,0x00000034d3700000) (1024K)]
  0x00000148c6d75590 WorkerThread "GC Thread#0"                     [id=19932, stack(0x00000034d3100000,0x00000034d3200000) (1024K)]
  0x00000148e9dfccb0 WorkerThread "GC Thread#1"                     [id=19296, stack(0x00000034d6a00000,0x00000034d6b00000) (1024K)]
  0x00000148e9dfa5e0 WorkerThread "GC Thread#2"                     [id=11652, stack(0x00000034d6b00000,0x00000034d6c00000) (1024K)]
  0x00000148e9dfc860 WorkerThread "GC Thread#3"                     [id=21448, stack(0x00000034d6c00000,0x00000034d6d00000) (1024K)]
  0x00000148e9dfae80 WorkerThread "GC Thread#4"                     [id=15344, stack(0x00000034d6d00000,0x00000034d6e00000) (1024K)]
  0x00000148e9df94a0 WorkerThread "GC Thread#5"                     [id=21900, stack(0x00000034d6e00000,0x00000034d6f00000) (1024K)]
  0x00000148e9df98f0 WorkerThread "GC Thread#6"                     [id=16896, stack(0x00000034d6f00000,0x00000034d7000000) (1024K)]
  0x00000148e9df9d40 WorkerThread "GC Thread#7"                     [id=17232, stack(0x00000034d7000000,0x00000034d7100000) (1024K)]
  0x00000148e9dfa190 WorkerThread "GC Thread#8"                     [id=6780, stack(0x00000034d7100000,0x00000034d7200000) (1024K)]
  0x00000148e9dfaa30 WorkerThread "GC Thread#9"                     [id=14924, stack(0x00000034d7200000,0x00000034d7300000) (1024K)]
  0x00000148e9dfb2d0 WorkerThread "GC Thread#10"                    [id=20616, stack(0x00000034d7300000,0x00000034d7400000) (1024K)]
  0x00000148f538b960 WorkerThread "GC Thread#11"                    [id=11668, stack(0x00000034d7400000,0x00000034d7500000) (1024K)]
  0x00000148f6038360 WorkerThread "GC Thread#12"                    [id=20176, stack(0x00000034d2d00000,0x00000034d2e00000) (1024K)]
  0x00000148f6037670 WorkerThread "GC Thread#13"                    [id=21040, stack(0x00000034d2e00000,0x00000034d2f00000) (1024K)]
  0x00000148f6037ac0 WorkerThread "GC Thread#14"                    [id=21232, stack(0x00000034d4000000,0x00000034d4100000) (1024K)]
  0x00000148c6d88660 ConcurrentGCThread "G1 Main Marker"            [id=21620, stack(0x00000034d3200000,0x00000034d3300000) (1024K)]
  0x00000148c6d8a0f0 WorkerThread "G1 Conc#0"                       [id=5140, stack(0x00000034d3300000,0x00000034d3400000) (1024K)]
  0x00000148f6034700 WorkerThread "G1 Conc#1"                       [id=21668, stack(0x00000034d4200000,0x00000034d4300000) (1024K)]
  0x00000148f6036530 WorkerThread "G1 Conc#2"                       [id=7772, stack(0x00000034d4300000,0x00000034d4400000) (1024K)]
  0x00000148f60353f0 WorkerThread "G1 Conc#3"                       [id=13976, stack(0x00000034d6600000,0x00000034d6700000) (1024K)]
  0x00000148e89854d0 ConcurrentGCThread "G1 Refine#0"               [id=17872, stack(0x00000034d3400000,0x00000034d3500000) (1024K)]
  0x00000148e89880f0 ConcurrentGCThread "G1 Service"                [id=17768, stack(0x00000034d3500000,0x00000034d3600000) (1024K)]
Total: 24

Threads with active compile tasks:
Total: 0

VM state: at safepoint (normal execution)

VM Mutex/Monitor currently owned by a thread:  ([mutex/lock_event])
[0x00007ffc4f4894e8] Threads_lock - owner thread: 0x00000148e8ac45a0
[0x00007ffc4f489668] Heap_lock - owner thread: 0x00000148f7fce3f0

Heap address: 0x0000000680000000, size: 6144 MB, Compressed Oops mode: Zero based, Oop shift amount: 3

CDS archive(s) mapped at: [0x0000000097000000-0x0000000097dd0000-0x0000000097dd0000), size 14483456, SharedBaseAddress: 0x0000000097000000, ArchiveRelocationMode: 1.
Compressed class space mapped at: 0x0000000098000000-0x00000000d8000000, reserved size: 1073741824
UseCompressedClassPointers 1, UseCompactObjectHeaders 0
Narrow klass pointer bits 32, Max shift 3
Narrow klass base: 0x0000000097000000, Narrow klass shift: 0
Encoding Range: [0x0000000097000000 - 0x0000000197000000), (4294967296 bytes)
Klass Range:    [0x0000000097010000 - 0x00000000d8000000), (1090453504 bytes)
Klass ID Range:  [65536 - 1090519033) (1090453497)
Protection zone: [0x0000000097000000 - 0x0000000097010000), (65536 bytes)

GC Precious Log:
 CardTable entry size: 512
 Card Set container configuration: InlinePtr #cards 4 size 8 Array Of Cards #cards 32 size 80 Howl #buckets 8 coarsen threshold 7372 Howl Bitmap #cards 1024 size 144 coarsen threshold 921 Card regions per heap region 1 cards per card region 8192
 CPUs: 20 total, 20 available
 Memory: 7878M
 Large Page Support: Disabled
 NUMA Support: Disabled
 Compressed Oops: Enabled (Zero based)
 Heap Region Size: 4M
 Heap Min Capacity: 512M
 Heap Initial Capacity: 512M
 Heap Max Capacity: 6G
 Pre-touch: Disabled
 Parallel Workers: 15
 Concurrent Workers: 4
 Concurrent Refinement Workers: 15
 Periodic GC: Disabled

Heap:
 garbage-first heap   total reserved 6291456K, committed 3272704K, used 3076096K [0x0000000680000000, 0x0000000800000000)
  region size 4096K, 5 young (20480K), 5 survivors (20480K)

Heap Regions: E=young(eden), S=young(survivor), O=old, HS=humongous(starts), HC=humongous(continues), CS=collection set, F=free, TAMS=top-at-mark-start, PB=parsable bottom
|   0|0x0000000680000000, 0x0000000680400000, 0x0000000680400000|100%| O|  |TAMS 0x0000000680400000| PB 0x0000000680000000| Untracked |  0
|   1|0x0000000680400000, 0x0000000680800000, 0x0000000680800000|100%| O|  |TAMS 0x0000000680800000| PB 0x0000000680400000| Untracked |  0
|   2|0x0000000680800000, 0x0000000680c00000, 0x0000000680c00000|100%| O|  |TAMS 0x0000000680c00000| PB 0x0000000680800000| Untracked |  0
|   3|0x0000000680c00000, 0x0000000681000000, 0x0000000681000000|100%| O|  |TAMS 0x0000000681000000| PB 0x0000000680c00000| Untracked |  0
|   4|0x0000000681000000, 0x0000000681400000, 0x0000000681400000|100%| O|  |TAMS 0x0000000681400000| PB 0x0000000681000000| Untracked |  0
|   5|0x0000000681400000, 0x0000000681800000, 0x0000000681800000|100%| O|  |TAMS 0x0000000681800000| PB 0x0000000681400000| Untracked |  0
|   6|0x0000000681800000, 0x0000000681c00000, 0x0000000681c00000|100%| O|  |TAMS 0x0000000681c00000| PB 0x0000000681800000| Untracked |  0
|   7|0x0000000681c00000, 0x0000000682000000, 0x0000000682000000|100%| O|  |TAMS 0x0000000682000000| PB 0x0000000681c00000| Untracked |  0
|   8|0x0000000682000000, 0x0000000682400000, 0x0000000682400000|100%| O|  |TAMS 0x0000000682400000| PB 0x0000000682000000| Untracked |  0
|   9|0x0000000682400000, 0x0000000682800000, 0x0000000682800000|100%| O|  |TAMS 0x0000000682800000| PB 0x0000000682400000| Untracked |  0
|  10|0x0000000682800000, 0x0000000682c00000, 0x0000000682c00000|100%| O|  |TAMS 0x0000000682c00000| PB 0x0000000682800000| Untracked |  0
|  11|0x0000000682c00000, 0x0000000683000000, 0x0000000683000000|100%| O|  |TAMS 0x0000000683000000| PB 0x0000000682c00000| Untracked |  0
|  12|0x0000000683000000, 0x0000000683400000, 0x0000000683400000|100%| O|  |TAMS 0x0000000683400000| PB 0x0000000683000000| Untracked |  0
|  13|0x0000000683400000, 0x0000000683800000, 0x0000000683800000|100%| O|  |TAMS 0x0000000683800000| PB 0x0000000683400000| Untracked |  0
|  14|0x0000000683800000, 0x0000000683c00000, 0x0000000683c00000|100%| O|  |TAMS 0x0000000683c00000| PB 0x0000000683800000| Untracked |  0
|  15|0x0000000683c00000, 0x0000000684000000, 0x0000000684000000|100%| O|  |TAMS 0x0000000684000000| PB 0x0000000683c00000| Untracked |  0
|  16|0x0000000684000000, 0x0000000684400000, 0x0000000684400000|100%| O|  |TAMS 0x0000000684400000| PB 0x0000000684000000| Untracked |  0
|  17|0x0000000684400000, 0x0000000684800000, 0x0000000684800000|100%| O|  |TAMS 0x0000000684800000| PB 0x0000000684400000| Untracked |  0
|  18|0x0000000684800000, 0x0000000684c00000, 0x0000000684c00000|100%| O|  |TAMS 0x0000000684c00000| PB 0x0000000684800000| Untracked |  0
|  19|0x0000000684c00000, 0x0000000685000000, 0x0000000685000000|100%| O|  |TAMS 0x0000000685000000| PB 0x0000000684c00000| Untracked |  0
|  20|0x0000000685000000, 0x0000000685400000, 0x0000000685400000|100%| O|  |TAMS 0x0000000685400000| PB 0x0000000685000000| Untracked |  0
|  21|0x0000000685400000, 0x0000000685800000, 0x0000000685800000|100%| O|  |TAMS 0x0000000685800000| PB 0x0000000685400000| Untracked |  0
|  22|0x0000000685800000, 0x0000000685c00000, 0x0000000685c00000|100%| O|  |TAMS 0x0000000685c00000| PB 0x0000000685800000| Untracked |  0
|  23|0x0000000685c00000, 0x0000000686000000, 0x0000000686000000|100%| O|  |TAMS 0x0000000686000000| PB 0x0000000685c00000| Untracked |  0
|  24|0x0000000686000000, 0x0000000686400000, 0x0000000686400000|100%| O|  |TAMS 0x0000000686400000| PB 0x0000000686000000| Untracked |  0
|  25|0x0000000686400000, 0x0000000686800000, 0x0000000686800000|100%| O|  |TAMS 0x0000000686800000| PB 0x0000000686400000| Untracked |  0
|  26|0x0000000686800000, 0x0000000686c00000, 0x0000000686c00000|100%| O|  |TAMS 0x0000000686c00000| PB 0x0000000686800000| Untracked |  0
|  27|0x0000000686c00000, 0x0000000687000000, 0x0000000687000000|100%| O|  |TAMS 0x0000000687000000| PB 0x0000000686c00000| Untracked |  0
|  28|0x0000000687000000, 0x0000000687400000, 0x0000000687400000|100%| O|  |TAMS 0x0000000687400000| PB 0x0000000687000000| Untracked |  0
|  29|0x0000000687400000, 0x0000000687800000, 0x0000000687800000|100%| O|  |TAMS 0x0000000687800000| PB 0x0000000687400000| Untracked |  0
|  30|0x0000000687800000, 0x0000000687c00000, 0x0000000687c00000|100%| O|  |TAMS 0x0000000687c00000| PB 0x0000000687800000| Untracked |  0
|  31|0x0000000687c00000, 0x0000000688000000, 0x0000000688000000|100%| O|  |TAMS 0x0000000688000000| PB 0x0000000687c00000| Untracked |  0
|  32|0x0000000688000000, 0x0000000688400000, 0x0000000688400000|100%| O|  |TAMS 0x0000000688400000| PB 0x0000000688000000| Untracked |  0
|  33|0x0000000688400000, 0x0000000688800000, 0x0000000688800000|100%| O|  |TAMS 0x0000000688800000| PB 0x0000000688400000| Untracked |  0
|  34|0x0000000688800000, 0x0000000688c00000, 0x0000000688c00000|100%| O|  |TAMS 0x0000000688c00000| PB 0x0000000688800000| Untracked |  0
|  35|0x0000000688c00000, 0x0000000689000000, 0x0000000689000000|100%| O|  |TAMS 0x0000000689000000| PB 0x0000000688c00000| Untracked |  0
|  36|0x0000000689000000, 0x0000000689400000, 0x0000000689400000|100%| O|  |TAMS 0x0000000689400000| PB 0x0000000689000000| Untracked |  0
|  37|0x0000000689400000, 0x0000000689800000, 0x0000000689800000|100%| O|  |TAMS 0x0000000689800000| PB 0x0000000689400000| Untracked |  0
|  38|0x0000000689800000, 0x0000000689c00000, 0x0000000689c00000|100%| O|  |TAMS 0x0000000689c00000| PB 0x0000000689800000| Untracked |  0
|  39|0x0000000689c00000, 0x000000068a000000, 0x000000068a000000|100%| O|  |TAMS 0x000000068a000000| PB 0x0000000689c00000| Untracked |  0
|  40|0x000000068a000000, 0x000000068a400000, 0x000000068a400000|100%| O|  |TAMS 0x000000068a400000| PB 0x000000068a000000| Untracked |  0
|  41|0x000000068a400000, 0x000000068a800000, 0x000000068a800000|100%| O|  |TAMS 0x000000068a800000| PB 0x000000068a400000| Untracked |  0
|  42|0x000000068a800000, 0x000000068ac00000, 0x000000068ac00000|100%| O|  |TAMS 0x000000068ac00000| PB 0x000000068a800000| Untracked |  0
|  43|0x000000068ac00000, 0x000000068b000000, 0x000000068b000000|100%| O|  |TAMS 0x000000068b000000| PB 0x000000068ac00000| Untracked |  0
|  44|0x000000068b000000, 0x000000068b400000, 0x000000068b400000|100%| O|  |TAMS 0x000000068b400000| PB 0x000000068b000000| Untracked |  0
|  45|0x000000068b400000, 0x000000068b800000, 0x000000068b800000|100%| O|  |TAMS 0x000000068b800000| PB 0x000000068b400000| Untracked |  0
|  46|0x000000068b800000, 0x000000068bc00000, 0x000000068bc00000|100%| O|  |TAMS 0x000000068bc00000| PB 0x000000068b800000| Untracked |  0
|  47|0x000000068bc00000, 0x000000068c000000, 0x000000068c000000|100%| O|  |TAMS 0x000000068c000000| PB 0x000000068bc00000| Untracked |  0
|  48|0x000000068c000000, 0x000000068c400000, 0x000000068c400000|100%| O|  |TAMS 0x000000068c400000| PB 0x000000068c000000| Untracked |  0
|  49|0x000000068c400000, 0x000000068c800000, 0x000000068c800000|100%| O|  |TAMS 0x000000068c800000| PB 0x000000068c400000| Untracked |  0
|  50|0x000000068c800000, 0x000000068cc00000, 0x000000068cc00000|100%| O|  |TAMS 0x000000068cc00000| PB 0x000000068c800000| Untracked |  0
|  51|0x000000068cc00000, 0x000000068d000000, 0x000000068d000000|100%| O|  |TAMS 0x000000068d000000| PB 0x000000068cc00000| Untracked |  0
|  52|0x000000068d000000, 0x000000068d400000, 0x000000068d400000|100%| O|  |TAMS 0x000000068d400000| PB 0x000000068d000000| Untracked |  0
|  53|0x000000068d400000, 0x000000068d800000, 0x000000068d800000|100%| O|  |TAMS 0x000000068d800000| PB 0x000000068d400000| Untracked |  0
|  54|0x000000068d800000, 0x000000068dc00000, 0x000000068dc00000|100%| O|  |TAMS 0x000000068dc00000| PB 0x000000068d800000| Untracked |  0
|  55|0x000000068dc00000, 0x000000068e000000, 0x000000068e000000|100%| O|  |TAMS 0x000000068e000000| PB 0x000000068dc00000| Untracked |  0
|  56|0x000000068e000000, 0x000000068e400000, 0x000000068e400000|100%| O|  |TAMS 0x000000068e400000| PB 0x000000068e000000| Untracked |  0
|  57|0x000000068e400000, 0x000000068e800000, 0x000000068e800000|100%| O|  |TAMS 0x000000068e800000| PB 0x000000068e400000| Untracked |  0
|  58|0x000000068e800000, 0x000000068ec00000, 0x000000068ec00000|100%| O|  |TAMS 0x000000068ec00000| PB 0x000000068e800000| Untracked |  0
|  59|0x000000068ec00000, 0x000000068f000000, 0x000000068f000000|100%| O|  |TAMS 0x000000068f000000| PB 0x000000068ec00000| Untracked |  0
|  60|0x000000068f000000, 0x000000068f400000, 0x000000068f400000|100%| O|  |TAMS 0x000000068f400000| PB 0x000000068f000000| Untracked |  0
|  61|0x000000068f400000, 0x000000068f800000, 0x000000068f800000|100%| O|  |TAMS 0x000000068f800000| PB 0x000000068f400000| Untracked |  0
|  62|0x000000068f800000, 0x000000068fc00000, 0x000000068fc00000|100%| O|  |TAMS 0x000000068fc00000| PB 0x000000068f800000| Untracked |  0
|  63|0x000000068fc00000, 0x0000000690000000, 0x0000000690000000|100%| O|  |TAMS 0x0000000690000000| PB 0x000000068fc00000| Untracked |  0
|  64|0x0000000690000000, 0x0000000690400000, 0x0000000690400000|100%| O|  |TAMS 0x0000000690400000| PB 0x0000000690000000| Untracked |  0
|  65|0x0000000690400000, 0x0000000690800000, 0x0000000690800000|100%| O|  |TAMS 0x0000000690800000| PB 0x0000000690400000| Untracked |  0
|  66|0x0000000690800000, 0x0000000690c00000, 0x0000000690c00000|100%| O|  |TAMS 0x0000000690c00000| PB 0x0000000690800000| Untracked |  0
|  67|0x0000000690c00000, 0x0000000691000000, 0x0000000691000000|100%| O|  |TAMS 0x0000000691000000| PB 0x0000000690c00000| Untracked |  0
|  68|0x0000000691000000, 0x0000000691400000, 0x0000000691400000|100%| O|  |TAMS 0x0000000691400000| PB 0x0000000691000000| Untracked |  0
|  69|0x0000000691400000, 0x0000000691800000, 0x0000000691800000|100%| O|  |TAMS 0x0000000691800000| PB 0x0000000691400000| Untracked |  0
|  70|0x0000000691800000, 0x0000000691c00000, 0x0000000691c00000|100%| O|  |TAMS 0x0000000691c00000| PB 0x0000000691800000| Untracked |  0
|  71|0x0000000691c00000, 0x0000000692000000, 0x0000000692000000|100%| O|  |TAMS 0x0000000692000000| PB 0x0000000691c00000| Untracked |  0
|  72|0x0000000692000000, 0x0000000692400000, 0x0000000692400000|100%| O|  |TAMS 0x0000000692400000| PB 0x0000000692000000| Untracked |  0
|  73|0x0000000692400000, 0x0000000692800000, 0x0000000692800000|100%| O|  |TAMS 0x0000000692800000| PB 0x0000000692400000| Untracked |  0
|  74|0x0000000692800000, 0x0000000692c00000, 0x0000000692c00000|100%| O|  |TAMS 0x0000000692c00000| PB 0x0000000692800000| Untracked |  0
|  75|0x0000000692c00000, 0x0000000693000000, 0x0000000693000000|100%| O|  |TAMS 0x0000000693000000| PB 0x0000000692c00000| Untracked |  0
|  76|0x0000000693000000, 0x0000000693400000, 0x0000000693400000|100%| O|  |TAMS 0x0000000693400000| PB 0x0000000693000000| Untracked |  0
|  77|0x0000000693400000, 0x0000000693800000, 0x0000000693800000|100%| O|  |TAMS 0x0000000693800000| PB 0x0000000693400000| Untracked |  0
|  78|0x0000000693800000, 0x0000000693c00000, 0x0000000693c00000|100%| O|  |TAMS 0x0000000693c00000| PB 0x0000000693800000| Untracked |  0
|  79|0x0000000693c00000, 0x0000000694000000, 0x0000000694000000|100%| O|  |TAMS 0x0000000694000000| PB 0x0000000693c00000| Untracked |  0
|  80|0x0000000694000000, 0x0000000694400000, 0x0000000694400000|100%| O|  |TAMS 0x0000000694400000| PB 0x0000000694000000| Untracked |  0
|  81|0x0000000694400000, 0x0000000694800000, 0x0000000694800000|100%| O|  |TAMS 0x0000000694800000| PB 0x0000000694400000| Untracked |  0
|  82|0x0000000694800000, 0x0000000694c00000, 0x0000000694c00000|100%| O|  |TAMS 0x0000000694c00000| PB 0x0000000694800000| Untracked |  0
|  83|0x0000000694c00000, 0x0000000695000000, 0x0000000695000000|100%| O|  |TAMS 0x0000000695000000| PB 0x0000000694c00000| Untracked |  0
|  84|0x0000000695000000, 0x0000000695400000, 0x0000000695400000|100%| O|  |TAMS 0x0000000695400000| PB 0x0000000695000000| Untracked |  0
|  85|0x0000000695400000, 0x0000000695800000, 0x0000000695800000|100%| O|  |TAMS 0x0000000695800000| PB 0x0000000695400000| Untracked |  0
|  86|0x0000000695800000, 0x0000000695c00000, 0x0000000695c00000|100%| O|  |TAMS 0x0000000695c00000| PB 0x0000000695800000| Untracked |  0
|  87|0x0000000695c00000, 0x0000000696000000, 0x0000000696000000|100%| O|  |TAMS 0x0000000696000000| PB 0x0000000695c00000| Untracked |  0
|  88|0x0000000696000000, 0x0000000696400000, 0x0000000696400000|100%| O|  |TAMS 0x0000000696400000| PB 0x0000000696000000| Untracked |  0
|  89|0x0000000696400000, 0x0000000696800000, 0x0000000696800000|100%| O|  |TAMS 0x0000000696800000| PB 0x0000000696400000| Untracked |  0
|  90|0x0000000696800000, 0x0000000696c00000, 0x0000000696c00000|100%| O|  |TAMS 0x0000000696c00000| PB 0x0000000696800000| Untracked |  0
|  91|0x0000000696c00000, 0x0000000697000000, 0x0000000697000000|100%| O|  |TAMS 0x0000000697000000| PB 0x0000000696c00000| Untracked |  0
|  92|0x0000000697000000, 0x0000000697400000, 0x0000000697400000|100%| O|  |TAMS 0x0000000697400000| PB 0x0000000697000000| Untracked |  0
|  93|0x0000000697400000, 0x0000000697800000, 0x0000000697800000|100%| O|  |TAMS 0x0000000697800000| PB 0x0000000697400000| Untracked |  0
|  94|0x0000000697800000, 0x0000000697c00000, 0x0000000697c00000|100%| O|  |TAMS 0x0000000697c00000| PB 0x0000000697800000| Untracked |  0
|  95|0x0000000697c00000, 0x0000000698000000, 0x0000000698000000|100%| O|  |TAMS 0x0000000698000000| PB 0x0000000697c00000| Untracked |  0
|  96|0x0000000698000000, 0x0000000698400000, 0x0000000698400000|100%| O|  |TAMS 0x0000000698400000| PB 0x0000000698000000| Untracked |  0
|  97|0x0000000698400000, 0x0000000698800000, 0x0000000698800000|100%| O|  |TAMS 0x0000000698800000| PB 0x0000000698400000| Untracked |  0
|  98|0x0000000698800000, 0x0000000698c00000, 0x0000000698c00000|100%| O|  |TAMS 0x0000000698c00000| PB 0x0000000698800000| Untracked |  0
|  99|0x0000000698c00000, 0x0000000699000000, 0x0000000699000000|100%| O|  |TAMS 0x0000000699000000| PB 0x0000000698c00000| Untracked |  0
| 100|0x0000000699000000, 0x0000000699400000, 0x0000000699400000|100%| O|  |TAMS 0x0000000699400000| PB 0x0000000699000000| Untracked |  0
| 101|0x0000000699400000, 0x0000000699800000, 0x0000000699800000|100%| O|  |TAMS 0x0000000699800000| PB 0x0000000699400000| Untracked |  0
| 102|0x0000000699800000, 0x0000000699c00000, 0x0000000699c00000|100%| O|  |TAMS 0x0000000699c00000| PB 0x0000000699800000| Untracked |  0
| 103|0x0000000699c00000, 0x000000069a000000, 0x000000069a000000|100%| O|  |TAMS 0x000000069a000000| PB 0x0000000699c00000| Untracked |  0
| 104|0x000000069a000000, 0x000000069a400000, 0x000000069a400000|100%| O|  |TAMS 0x000000069a400000| PB 0x000000069a000000| Untracked |  0
| 105|0x000000069a400000, 0x000000069a800000, 0x000000069a800000|100%| O|  |TAMS 0x000000069a800000| PB 0x000000069a400000| Untracked |  0
| 106|0x000000069a800000, 0x000000069ac00000, 0x000000069ac00000|100%| O|  |TAMS 0x000000069ac00000| PB 0x000000069a800000| Untracked |  0
| 107|0x000000069ac00000, 0x000000069b000000, 0x000000069b000000|100%| O|  |TAMS 0x000000069b000000| PB 0x000000069ac00000| Untracked |  0
| 108|0x000000069b000000, 0x000000069b400000, 0x000000069b400000|100%| O|  |TAMS 0x000000069b400000| PB 0x000000069b000000| Untracked |  0
| 109|0x000000069b400000, 0x000000069b800000, 0x000000069b800000|100%| O|  |TAMS 0x000000069b800000| PB 0x000000069b400000| Untracked |  0
| 110|0x000000069b800000, 0x000000069bc00000, 0x000000069bc00000|100%| O|  |TAMS 0x000000069bc00000| PB 0x000000069b800000| Untracked |  0
| 111|0x000000069bc00000, 0x000000069c000000, 0x000000069c000000|100%| O|  |TAMS 0x000000069c000000| PB 0x000000069bc00000| Untracked |  0
| 112|0x000000069c000000, 0x000000069c400000, 0x000000069c400000|100%| O|  |TAMS 0x000000069c400000| PB 0x000000069c000000| Untracked |  0
| 113|0x000000069c400000, 0x000000069c800000, 0x000000069c800000|100%| O|  |TAMS 0x000000069c800000| PB 0x000000069c400000| Untracked |  0
| 114|0x000000069c800000, 0x000000069cc00000, 0x000000069cc00000|100%| O|  |TAMS 0x000000069cc00000| PB 0x000000069c800000| Untracked |  0
| 115|0x000000069cc00000, 0x000000069d000000, 0x000000069d000000|100%| O|  |TAMS 0x000000069d000000| PB 0x000000069cc00000| Untracked |  0
| 116|0x000000069d000000, 0x000000069d400000, 0x000000069d400000|100%| O|  |TAMS 0x000000069d400000| PB 0x000000069d000000| Untracked |  0
| 117|0x000000069d400000, 0x000000069d800000, 0x000000069d800000|100%|HS|  |TAMS 0x000000069d800000| PB 0x000000069d400000| Complete |  0
| 118|0x000000069d800000, 0x000000069dc00000, 0x000000069dc00000|100%|HC|  |TAMS 0x000000069dc00000| PB 0x000000069d800000| Complete |  0
| 119|0x000000069dc00000, 0x000000069e000000, 0x000000069e000000|100%|HC|  |TAMS 0x000000069e000000| PB 0x000000069dc00000| Complete |  0
| 120|0x000000069e000000, 0x000000069e400000, 0x000000069e400000|100%|HC|  |TAMS 0x000000069e400000| PB 0x000000069e000000| Complete |  0
| 121|0x000000069e400000, 0x000000069e800000, 0x000000069e800000|100%|HC|  |TAMS 0x000000069e800000| PB 0x000000069e400000| Complete |  0
| 122|0x000000069e800000, 0x000000069ec00000, 0x000000069ec00000|100%|HC|  |TAMS 0x000000069ec00000| PB 0x000000069e800000| Complete |  0
| 123|0x000000069ec00000, 0x000000069f000000, 0x000000069f000000|100%|HC|  |TAMS 0x000000069f000000| PB 0x000000069ec00000| Complete |  0
| 124|0x000000069f000000, 0x000000069f400000, 0x000000069f400000|100%|HC|  |TAMS 0x000000069f400000| PB 0x000000069f000000| Complete |  0
| 125|0x000000069f400000, 0x000000069f800000, 0x000000069f800000|100%|HC|  |TAMS 0x000000069f800000| PB 0x000000069f400000| Complete |  0
| 126|0x000000069f800000, 0x000000069fc00000, 0x000000069fc00000|100%|HC|  |TAMS 0x000000069fc00000| PB 0x000000069f800000| Complete |  0
| 127|0x000000069fc00000, 0x00000006a0000000, 0x00000006a0000000|100%|HC|  |TAMS 0x00000006a0000000| PB 0x000000069fc00000| Complete |  0
| 128|0x00000006a0000000, 0x00000006a0400000, 0x00000006a0400000|100%|HC|  |TAMS 0x00000006a0400000| PB 0x00000006a0000000| Complete |  0
| 129|0x00000006a0400000, 0x00000006a0800000, 0x00000006a0800000|100%|HC|  |TAMS 0x00000006a0800000| PB 0x00000006a0400000| Complete |  0
| 130|0x00000006a0800000, 0x00000006a0c00000, 0x00000006a0c00000|100%|HC|  |TAMS 0x00000006a0c00000| PB 0x00000006a0800000| Complete |  0
| 131|0x00000006a0c00000, 0x00000006a1000000, 0x00000006a1000000|100%|HC|  |TAMS 0x00000006a1000000| PB 0x00000006a0c00000| Complete |  0
| 132|0x00000006a1000000, 0x00000006a1400000, 0x00000006a1400000|100%|HC|  |TAMS 0x00000006a1400000| PB 0x00000006a1000000| Complete |  0
| 133|0x00000006a1400000, 0x00000006a1800000, 0x00000006a1800000|100%|HC|  |TAMS 0x00000006a1800000| PB 0x00000006a1400000| Complete |  0
| 134|0x00000006a1800000, 0x00000006a1c00000, 0x00000006a1c00000|100%|HC|  |TAMS 0x00000006a1c00000| PB 0x00000006a1800000| Complete |  0
| 135|0x00000006a1c00000, 0x00000006a2000000, 0x00000006a2000000|100%|HC|  |TAMS 0x00000006a2000000| PB 0x00000006a1c00000| Complete |  0
| 136|0x00000006a2000000, 0x00000006a2400000, 0x00000006a2400000|100%|HC|  |TAMS 0x00000006a2400000| PB 0x00000006a2000000| Complete |  0
| 137|0x00000006a2400000, 0x00000006a2800000, 0x00000006a2800000|100%|HC|  |TAMS 0x00000006a2800000| PB 0x00000006a2400000| Complete |  0
| 138|0x00000006a2800000, 0x00000006a2c00000, 0x00000006a2c00000|100%|HC|  |TAMS 0x00000006a2c00000| PB 0x00000006a2800000| Complete |  0
| 139|0x00000006a2c00000, 0x00000006a3000000, 0x00000006a3000000|100%|HC|  |TAMS 0x00000006a3000000| PB 0x00000006a2c00000| Complete |  0
| 140|0x00000006a3000000, 0x00000006a3400000, 0x00000006a3400000|100%|HC|  |TAMS 0x00000006a3400000| PB 0x00000006a3000000| Complete |  0
| 141|0x00000006a3400000, 0x00000006a3800000, 0x00000006a3800000|100%|HC|  |TAMS 0x00000006a3800000| PB 0x00000006a3400000| Complete |  0
| 142|0x00000006a3800000, 0x00000006a3c00000, 0x00000006a3c00000|100%|HC|  |TAMS 0x00000006a3c00000| PB 0x00000006a3800000| Complete |  0
| 143|0x00000006a3c00000, 0x00000006a4000000, 0x00000006a4000000|100%|HC|  |TAMS 0x00000006a4000000| PB 0x00000006a3c00000| Complete |  0
| 144|0x00000006a4000000, 0x00000006a4400000, 0x00000006a4400000|100%|HC|  |TAMS 0x00000006a4400000| PB 0x00000006a4000000| Complete |  0
| 145|0x00000006a4400000, 0x00000006a4800000, 0x00000006a4800000|100%|HC|  |TAMS 0x00000006a4800000| PB 0x00000006a4400000| Complete |  0
| 146|0x00000006a4800000, 0x00000006a4c00000, 0x00000006a4c00000|100%|HC|  |TAMS 0x00000006a4c00000| PB 0x00000006a4800000| Complete |  0
| 147|0x00000006a4c00000, 0x00000006a5000000, 0x00000006a5000000|100%|HC|  |TAMS 0x00000006a5000000| PB 0x00000006a4c00000| Complete |  0
| 148|0x00000006a5000000, 0x00000006a5400000, 0x00000006a5400000|100%|HC|  |TAMS 0x00000006a5400000| PB 0x00000006a5000000| Complete |  0
| 149|0x00000006a5400000, 0x00000006a5800000, 0x00000006a5800000|100%|HC|  |TAMS 0x00000006a5800000| PB 0x00000006a5400000| Complete |  0
| 150|0x00000006a5800000, 0x00000006a5c00000, 0x00000006a5c00000|100%|HC|  |TAMS 0x00000006a5c00000| PB 0x00000006a5800000| Complete |  0
| 151|0x00000006a5c00000, 0x00000006a6000000, 0x00000006a6000000|100%|HC|  |TAMS 0x00000006a6000000| PB 0x00000006a5c00000| Complete |  0
| 152|0x00000006a6000000, 0x00000006a6400000, 0x00000006a6400000|100%|HC|  |TAMS 0x00000006a6400000| PB 0x00000006a6000000| Complete |  0
| 153|0x00000006a6400000, 0x00000006a6800000, 0x00000006a6800000|100%|HC|  |TAMS 0x00000006a6800000| PB 0x00000006a6400000| Complete |  0
| 154|0x00000006a6800000, 0x00000006a6c00000, 0x00000006a6c00000|100%|HC|  |TAMS 0x00000006a6c00000| PB 0x00000006a6800000| Complete |  0
| 155|0x00000006a6c00000, 0x00000006a7000000, 0x00000006a7000000|100%|HC|  |TAMS 0x00000006a7000000| PB 0x00000006a6c00000| Complete |  0
| 156|0x00000006a7000000, 0x00000006a7400000, 0x00000006a7400000|100%|HC|  |TAMS 0x00000006a7400000| PB 0x00000006a7000000| Complete |  0
| 157|0x00000006a7400000, 0x00000006a7800000, 0x00000006a7800000|100%|HC|  |TAMS 0x00000006a7800000| PB 0x00000006a7400000| Complete |  0
| 158|0x00000006a7800000, 0x00000006a7c00000, 0x00000006a7c00000|100%|HC|  |TAMS 0x00000006a7c00000| PB 0x00000006a7800000| Complete |  0
| 159|0x00000006a7c00000, 0x00000006a8000000, 0x00000006a8000000|100%|HC|  |TAMS 0x00000006a8000000| PB 0x00000006a7c00000| Complete |  0
| 160|0x00000006a8000000, 0x00000006a8400000, 0x00000006a8400000|100%|HC|  |TAMS 0x00000006a8400000| PB 0x00000006a8000000| Complete |  0
| 161|0x00000006a8400000, 0x00000006a8800000, 0x00000006a8800000|100%|HC|  |TAMS 0x00000006a8800000| PB 0x00000006a8400000| Complete |  0
| 162|0x00000006a8800000, 0x00000006a8c00000, 0x00000006a8c00000|100%|HC|  |TAMS 0x00000006a8c00000| PB 0x00000006a8800000| Complete |  0
| 163|0x00000006a8c00000, 0x00000006a9000000, 0x00000006a9000000|100%|HC|  |TAMS 0x00000006a9000000| PB 0x00000006a8c00000| Complete |  0
| 164|0x00000006a9000000, 0x00000006a9400000, 0x00000006a9400000|100%|HC|  |TAMS 0x00000006a9400000| PB 0x00000006a9000000| Complete |  0
| 165|0x00000006a9400000, 0x00000006a9800000, 0x00000006a9800000|100%|HC|  |TAMS 0x00000006a9800000| PB 0x00000006a9400000| Complete |  0
| 166|0x00000006a9800000, 0x00000006a9c00000, 0x00000006a9c00000|100%|HC|  |TAMS 0x00000006a9c00000| PB 0x00000006a9800000| Complete |  0
| 167|0x00000006a9c00000, 0x00000006aa000000, 0x00000006aa000000|100%|HC|  |TAMS 0x00000006aa000000| PB 0x00000006a9c00000| Complete |  0
| 168|0x00000006aa000000, 0x00000006aa400000, 0x00000006aa400000|100%|HC|  |TAMS 0x00000006aa400000| PB 0x00000006aa000000| Complete |  0
| 169|0x00000006aa400000, 0x00000006aa800000, 0x00000006aa800000|100%|HC|  |TAMS 0x00000006aa800000| PB 0x00000006aa400000| Complete |  0
| 170|0x00000006aa800000, 0x00000006aac00000, 0x00000006aac00000|100%|HC|  |TAMS 0x00000006aac00000| PB 0x00000006aa800000| Complete |  0
| 171|0x00000006aac00000, 0x00000006ab000000, 0x00000006ab000000|100%|HC|  |TAMS 0x00000006ab000000| PB 0x00000006aac00000| Complete |  0
| 172|0x00000006ab000000, 0x00000006ab400000, 0x00000006ab400000|100%|HC|  |TAMS 0x00000006ab400000| PB 0x00000006ab000000| Complete |  0
| 173|0x00000006ab400000, 0x00000006ab800000, 0x00000006ab800000|100%|HC|  |TAMS 0x00000006ab800000| PB 0x00000006ab400000| Complete |  0
| 174|0x00000006ab800000, 0x00000006abc00000, 0x00000006abc00000|100%|HC|  |TAMS 0x00000006abc00000| PB 0x00000006ab800000| Complete |  0
| 175|0x00000006abc00000, 0x00000006ac000000, 0x00000006ac000000|100%|HC|  |TAMS 0x00000006ac000000| PB 0x00000006abc00000| Complete |  0
| 176|0x00000006ac000000, 0x00000006ac400000, 0x00000006ac400000|100%|HC|  |TAMS 0x00000006ac400000| PB 0x00000006ac000000| Complete |  0
| 177|0x00000006ac400000, 0x00000006ac800000, 0x00000006ac800000|100%|HC|  |TAMS 0x00000006ac800000| PB 0x00000006ac400000| Complete |  0
| 178|0x00000006ac800000, 0x00000006acc00000, 0x00000006acc00000|100%|HC|  |TAMS 0x00000006acc00000| PB 0x00000006ac800000| Complete |  0
| 179|0x00000006acc00000, 0x00000006ad000000, 0x00000006ad000000|100%|HC|  |TAMS 0x00000006ad000000| PB 0x00000006acc00000| Complete |  0
| 180|0x00000006ad000000, 0x00000006ad400000, 0x00000006ad400000|100%|HC|  |TAMS 0x00000006ad400000| PB 0x00000006ad000000| Complete |  0
| 181|0x00000006ad400000, 0x00000006ad800000, 0x00000006ad800000|100%|HC|  |TAMS 0x00000006ad800000| PB 0x00000006ad400000| Complete |  0
| 182|0x00000006ad800000, 0x00000006adc00000, 0x00000006adc00000|100%|HC|  |TAMS 0x00000006adc00000| PB 0x00000006ad800000| Complete |  0
| 183|0x00000006adc00000, 0x00000006ae000000, 0x00000006ae000000|100%|HC|  |TAMS 0x00000006ae000000| PB 0x00000006adc00000| Complete |  0
| 184|0x00000006ae000000, 0x00000006ae400000, 0x00000006ae400000|100%|HC|  |TAMS 0x00000006ae400000| PB 0x00000006ae000000| Complete |  0
| 185|0x00000006ae400000, 0x00000006ae800000, 0x00000006ae800000|100%|HC|  |TAMS 0x00000006ae800000| PB 0x00000006ae400000| Complete |  0
| 186|0x00000006ae800000, 0x00000006aec00000, 0x00000006aec00000|100%|HC|  |TAMS 0x00000006aec00000| PB 0x00000006ae800000| Complete |  0
| 187|0x00000006aec00000, 0x00000006af000000, 0x00000006af000000|100%|HC|  |TAMS 0x00000006af000000| PB 0x00000006aec00000| Complete |  0
| 188|0x00000006af000000, 0x00000006af400000, 0x00000006af400000|100%|HC|  |TAMS 0x00000006af400000| PB 0x00000006af000000| Complete |  0
| 189|0x00000006af400000, 0x00000006af800000, 0x00000006af800000|100%|HC|  |TAMS 0x00000006af800000| PB 0x00000006af400000| Complete |  0
| 190|0x00000006af800000, 0x00000006afc00000, 0x00000006afc00000|100%|HC|  |TAMS 0x00000006afc00000| PB 0x00000006af800000| Complete |  0
| 191|0x00000006afc00000, 0x00000006b0000000, 0x00000006b0000000|100%|HC|  |TAMS 0x00000006b0000000| PB 0x00000006afc00000| Complete |  0
| 192|0x00000006b0000000, 0x00000006b0400000, 0x00000006b0400000|100%|HC|  |TAMS 0x00000006b0400000| PB 0x00000006b0000000| Complete |  0
| 193|0x00000006b0400000, 0x00000006b0800000, 0x00000006b0800000|100%|HC|  |TAMS 0x00000006b0800000| PB 0x00000006b0400000| Complete |  0
| 194|0x00000006b0800000, 0x00000006b0c00000, 0x00000006b0c00000|100%|HC|  |TAMS 0x00000006b0c00000| PB 0x00000006b0800000| Complete |  0
| 195|0x00000006b0c00000, 0x00000006b1000000, 0x00000006b1000000|100%|HC|  |TAMS 0x00000006b1000000| PB 0x00000006b0c00000| Complete |  0
| 196|0x00000006b1000000, 0x00000006b1400000, 0x00000006b1400000|100%|HC|  |TAMS 0x00000006b1400000| PB 0x00000006b1000000| Complete |  0
| 197|0x00000006b1400000, 0x00000006b1800000, 0x00000006b1800000|100%|HC|  |TAMS 0x00000006b1800000| PB 0x00000006b1400000| Complete |  0
| 198|0x00000006b1800000, 0x00000006b1c00000, 0x00000006b1c00000|100%|HC|  |TAMS 0x00000006b1c00000| PB 0x00000006b1800000| Complete |  0
| 199|0x00000006b1c00000, 0x00000006b2000000, 0x00000006b2000000|100%|HC|  |TAMS 0x00000006b2000000| PB 0x00000006b1c00000| Complete |  0
| 200|0x00000006b2000000, 0x00000006b2400000, 0x00000006b2400000|100%|HC|  |TAMS 0x00000006b2400000| PB 0x00000006b2000000| Complete |  0
| 201|0x00000006b2400000, 0x00000006b2800000, 0x00000006b2800000|100%|HC|  |TAMS 0x00000006b2800000| PB 0x00000006b2400000| Complete |  0
| 202|0x00000006b2800000, 0x00000006b2c00000, 0x00000006b2c00000|100%|HC|  |TAMS 0x00000006b2c00000| PB 0x00000006b2800000| Complete |  0
| 203|0x00000006b2c00000, 0x00000006b3000000, 0x00000006b3000000|100%|HC|  |TAMS 0x00000006b3000000| PB 0x00000006b2c00000| Complete |  0
| 204|0x00000006b3000000, 0x00000006b3400000, 0x00000006b3400000|100%|HC|  |TAMS 0x00000006b3400000| PB 0x00000006b3000000| Complete |  0
| 205|0x00000006b3400000, 0x00000006b3800000, 0x00000006b3800000|100%|HC|  |TAMS 0x00000006b3800000| PB 0x00000006b3400000| Complete |  0
| 206|0x00000006b3800000, 0x00000006b3c00000, 0x00000006b3c00000|100%|HC|  |TAMS 0x00000006b3c00000| PB 0x00000006b3800000| Complete |  0
| 207|0x00000006b3c00000, 0x00000006b4000000, 0x00000006b4000000|100%|HC|  |TAMS 0x00000006b4000000| PB 0x00000006b3c00000| Complete |  0
| 208|0x00000006b4000000, 0x00000006b4400000, 0x00000006b4400000|100%|HC|  |TAMS 0x00000006b4400000| PB 0x00000006b4000000| Complete |  0
| 209|0x00000006b4400000, 0x00000006b4800000, 0x00000006b4800000|100%|HC|  |TAMS 0x00000006b4800000| PB 0x00000006b4400000| Complete |  0
| 210|0x00000006b4800000, 0x00000006b4c00000, 0x00000006b4c00000|100%|HC|  |TAMS 0x00000006b4c00000| PB 0x00000006b4800000| Complete |  0
| 211|0x00000006b4c00000, 0x00000006b5000000, 0x00000006b5000000|100%|HC|  |TAMS 0x00000006b5000000| PB 0x00000006b4c00000| Complete |  0
| 212|0x00000006b5000000, 0x00000006b5400000, 0x00000006b5400000|100%|HC|  |TAMS 0x00000006b5400000| PB 0x00000006b5000000| Complete |  0
| 213|0x00000006b5400000, 0x00000006b5800000, 0x00000006b5800000|100%|HC|  |TAMS 0x00000006b5800000| PB 0x00000006b5400000| Complete |  0
| 214|0x00000006b5800000, 0x00000006b5c00000, 0x00000006b5c00000|100%|HC|  |TAMS 0x00000006b5c00000| PB 0x00000006b5800000| Complete |  0
| 215|0x00000006b5c00000, 0x00000006b6000000, 0x00000006b6000000|100%|HC|  |TAMS 0x00000006b6000000| PB 0x00000006b5c00000| Complete |  0
| 216|0x00000006b6000000, 0x00000006b6400000, 0x00000006b6400000|100%|HC|  |TAMS 0x00000006b6400000| PB 0x00000006b6000000| Complete |  0
| 217|0x00000006b6400000, 0x00000006b6800000, 0x00000006b6800000|100%|HC|  |TAMS 0x00000006b6800000| PB 0x00000006b6400000| Complete |  0
| 218|0x00000006b6800000, 0x00000006b6c00000, 0x00000006b6c00000|100%|HC|  |TAMS 0x00000006b6c00000| PB 0x00000006b6800000| Complete |  0
| 219|0x00000006b6c00000, 0x00000006b7000000, 0x00000006b7000000|100%|HC|  |TAMS 0x00000006b7000000| PB 0x00000006b6c00000| Complete |  0
| 220|0x00000006b7000000, 0x00000006b7400000, 0x00000006b7400000|100%|HC|  |TAMS 0x00000006b7400000| PB 0x00000006b7000000| Complete |  0
| 221|0x00000006b7400000, 0x00000006b7800000, 0x00000006b7800000|100%|HC|  |TAMS 0x00000006b7800000| PB 0x00000006b7400000| Complete |  0
| 222|0x00000006b7800000, 0x00000006b7c00000, 0x00000006b7c00000|100%|HC|  |TAMS 0x00000006b7c00000| PB 0x00000006b7800000| Complete |  0
| 223|0x00000006b7c00000, 0x00000006b8000000, 0x00000006b8000000|100%|HC|  |TAMS 0x00000006b8000000| PB 0x00000006b7c00000| Complete |  0
| 224|0x00000006b8000000, 0x00000006b8400000, 0x00000006b8400000|100%|HC|  |TAMS 0x00000006b8400000| PB 0x00000006b8000000| Complete |  0
| 225|0x00000006b8400000, 0x00000006b8800000, 0x00000006b8800000|100%|HC|  |TAMS 0x00000006b8800000| PB 0x00000006b8400000| Complete |  0
| 226|0x00000006b8800000, 0x00000006b8c00000, 0x00000006b8c00000|100%|HC|  |TAMS 0x00000006b8c00000| PB 0x00000006b8800000| Complete |  0
| 227|0x00000006b8c00000, 0x00000006b9000000, 0x00000006b9000000|100%|HC|  |TAMS 0x00000006b9000000| PB 0x00000006b8c00000| Complete |  0
| 228|0x00000006b9000000, 0x00000006b9400000, 0x00000006b9400000|100%|HC|  |TAMS 0x00000006b9400000| PB 0x00000006b9000000| Complete |  0
| 229|0x00000006b9400000, 0x00000006b9800000, 0x00000006b9800000|100%|HC|  |TAMS 0x00000006b9800000| PB 0x00000006b9400000| Complete |  0
| 230|0x00000006b9800000, 0x00000006b9c00000, 0x00000006b9c00000|100%|HC|  |TAMS 0x00000006b9c00000| PB 0x00000006b9800000| Complete |  0
| 231|0x00000006b9c00000, 0x00000006ba000000, 0x00000006ba000000|100%|HC|  |TAMS 0x00000006ba000000| PB 0x00000006b9c00000| Complete |  0
| 232|0x00000006ba000000, 0x00000006ba400000, 0x00000006ba400000|100%|HC|  |TAMS 0x00000006ba400000| PB 0x00000006ba000000| Complete |  0
| 233|0x00000006ba400000, 0x00000006ba800000, 0x00000006ba800000|100%|HC|  |TAMS 0x00000006ba800000| PB 0x00000006ba400000| Complete |  0
| 234|0x00000006ba800000, 0x00000006bac00000, 0x00000006bac00000|100%|HC|  |TAMS 0x00000006bac00000| PB 0x00000006ba800000| Complete |  0
| 235|0x00000006bac00000, 0x00000006bb000000, 0x00000006bb000000|100%|HC|  |TAMS 0x00000006bb000000| PB 0x00000006bac00000| Complete |  0
| 236|0x00000006bb000000, 0x00000006bb400000, 0x00000006bb400000|100%|HC|  |TAMS 0x00000006bb400000| PB 0x00000006bb000000| Complete |  0
| 237|0x00000006bb400000, 0x00000006bb800000, 0x00000006bb800000|100%|HC|  |TAMS 0x00000006bb800000| PB 0x00000006bb400000| Complete |  0
| 238|0x00000006bb800000, 0x00000006bbc00000, 0x00000006bbc00000|100%|HC|  |TAMS 0x00000006bbc00000| PB 0x00000006bb800000| Complete |  0
| 239|0x00000006bbc00000, 0x00000006bc000000, 0x00000006bc000000|100%|HC|  |TAMS 0x00000006bc000000| PB 0x00000006bbc00000| Complete |  0
| 240|0x00000006bc000000, 0x00000006bc400000, 0x00000006bc400000|100%|HC|  |TAMS 0x00000006bc400000| PB 0x00000006bc000000| Complete |  0
| 241|0x00000006bc400000, 0x00000006bc800000, 0x00000006bc800000|100%|HC|  |TAMS 0x00000006bc800000| PB 0x00000006bc400000| Complete |  0
| 242|0x00000006bc800000, 0x00000006bcc00000, 0x00000006bcc00000|100%|HC|  |TAMS 0x00000006bcc00000| PB 0x00000006bc800000| Complete |  0
| 243|0x00000006bcc00000, 0x00000006bd000000, 0x00000006bd000000|100%|HC|  |TAMS 0x00000006bd000000| PB 0x00000006bcc00000| Complete |  0
| 244|0x00000006bd000000, 0x00000006bd400000, 0x00000006bd400000|100%|HC|  |TAMS 0x00000006bd400000| PB 0x00000006bd000000| Complete |  0
| 245|0x00000006bd400000, 0x00000006bd800000, 0x00000006bd800000|100%|HC|  |TAMS 0x00000006bd800000| PB 0x00000006bd400000| Complete |  0
| 246|0x00000006bd800000, 0x00000006bdc00000, 0x00000006bdc00000|100%|HC|  |TAMS 0x00000006bdc00000| PB 0x00000006bd800000| Complete |  0
| 247|0x00000006bdc00000, 0x00000006be000000, 0x00000006be000000|100%|HC|  |TAMS 0x00000006be000000| PB 0x00000006bdc00000| Complete |  0
| 248|0x00000006be000000, 0x00000006be400000, 0x00000006be400000|100%|HC|  |TAMS 0x00000006be400000| PB 0x00000006be000000| Complete |  0
| 249|0x00000006be400000, 0x00000006be800000, 0x00000006be800000|100%|HC|  |TAMS 0x00000006be800000| PB 0x00000006be400000| Complete |  0
| 250|0x00000006be800000, 0x00000006bec00000, 0x00000006bec00000|100%|HC|  |TAMS 0x00000006bec00000| PB 0x00000006be800000| Complete |  0
| 251|0x00000006bec00000, 0x00000006bf000000, 0x00000006bf000000|100%|HC|  |TAMS 0x00000006bf000000| PB 0x00000006bec00000| Complete |  0
| 252|0x00000006bf000000, 0x00000006bf400000, 0x00000006bf400000|100%|HC|  |TAMS 0x00000006bf400000| PB 0x00000006bf000000| Complete |  0
| 253|0x00000006bf400000, 0x00000006bf800000, 0x00000006bf800000|100%|HC|  |TAMS 0x00000006bf800000| PB 0x00000006bf400000| Complete |  0
| 254|0x00000006bf800000, 0x00000006bfc00000, 0x00000006bfc00000|100%|HC|  |TAMS 0x00000006bfc00000| PB 0x00000006bf800000| Complete |  0
| 255|0x00000006bfc00000, 0x00000006c0000000, 0x00000006c0000000|100%|HC|  |TAMS 0x00000006c0000000| PB 0x00000006bfc00000| Complete |  0
| 256|0x00000006c0000000, 0x00000006c0400000, 0x00000006c0400000|100%|HC|  |TAMS 0x00000006c0400000| PB 0x00000006c0000000| Complete |  0
| 257|0x00000006c0400000, 0x00000006c0800000, 0x00000006c0800000|100%|HC|  |TAMS 0x00000006c0800000| PB 0x00000006c0400000| Complete |  0
| 258|0x00000006c0800000, 0x00000006c0c00000, 0x00000006c0c00000|100%|HC|  |TAMS 0x00000006c0c00000| PB 0x00000006c0800000| Complete |  0
| 259|0x00000006c0c00000, 0x00000006c1000000, 0x00000006c1000000|100%|HC|  |TAMS 0x00000006c1000000| PB 0x00000006c0c00000| Complete |  0
| 260|0x00000006c1000000, 0x00000006c1400000, 0x00000006c1400000|100%|HC|  |TAMS 0x00000006c1400000| PB 0x00000006c1000000| Complete |  0
| 261|0x00000006c1400000, 0x00000006c1800000, 0x00000006c1800000|100%|HC|  |TAMS 0x00000006c1800000| PB 0x00000006c1400000| Complete |  0
| 262|0x00000006c1800000, 0x00000006c1c00000, 0x00000006c1c00000|100%|HC|  |TAMS 0x00000006c1c00000| PB 0x00000006c1800000| Complete |  0
| 263|0x00000006c1c00000, 0x00000006c2000000, 0x00000006c2000000|100%|HC|  |TAMS 0x00000006c2000000| PB 0x00000006c1c00000| Complete |  0
| 264|0x00000006c2000000, 0x00000006c2400000, 0x00000006c2400000|100%|HC|  |TAMS 0x00000006c2400000| PB 0x00000006c2000000| Complete |  0
| 265|0x00000006c2400000, 0x00000006c2800000, 0x00000006c2800000|100%|HC|  |TAMS 0x00000006c2800000| PB 0x00000006c2400000| Complete |  0
| 266|0x00000006c2800000, 0x00000006c2c00000, 0x00000006c2c00000|100%|HC|  |TAMS 0x00000006c2c00000| PB 0x00000006c2800000| Complete |  0
| 267|0x00000006c2c00000, 0x00000006c3000000, 0x00000006c3000000|100%|HC|  |TAMS 0x00000006c3000000| PB 0x00000006c2c00000| Complete |  0
| 268|0x00000006c3000000, 0x00000006c3400000, 0x00000006c3400000|100%|HC|  |TAMS 0x00000006c3400000| PB 0x00000006c3000000| Complete |  0
| 269|0x00000006c3400000, 0x00000006c3800000, 0x00000006c3800000|100%|HC|  |TAMS 0x00000006c3800000| PB 0x00000006c3400000| Complete |  0
| 270|0x00000006c3800000, 0x00000006c3c00000, 0x00000006c3c00000|100%|HC|  |TAMS 0x00000006c3c00000| PB 0x00000006c3800000| Complete |  0
| 271|0x00000006c3c00000, 0x00000006c4000000, 0x00000006c4000000|100%|HC|  |TAMS 0x00000006c4000000| PB 0x00000006c3c00000| Complete |  0
| 272|0x00000006c4000000, 0x00000006c4400000, 0x00000006c4400000|100%|HC|  |TAMS 0x00000006c4400000| PB 0x00000006c4000000| Complete |  0
| 273|0x00000006c4400000, 0x00000006c4800000, 0x00000006c4800000|100%|HC|  |TAMS 0x00000006c4800000| PB 0x00000006c4400000| Complete |  0
| 274|0x00000006c4800000, 0x00000006c4c00000, 0x00000006c4c00000|100%|HC|  |TAMS 0x00000006c4c00000| PB 0x00000006c4800000| Complete |  0
| 275|0x00000006c4c00000, 0x00000006c5000000, 0x00000006c5000000|100%|HC|  |TAMS 0x00000006c5000000| PB 0x00000006c4c00000| Complete |  0
| 276|0x00000006c5000000, 0x00000006c5400000, 0x00000006c5400000|100%|HC|  |TAMS 0x00000006c5400000| PB 0x00000006c5000000| Complete |  0
| 277|0x00000006c5400000, 0x00000006c5800000, 0x00000006c5800000|100%|HC|  |TAMS 0x00000006c5800000| PB 0x00000006c5400000| Complete |  0
| 278|0x00000006c5800000, 0x00000006c5c00000, 0x00000006c5c00000|100%|HC|  |TAMS 0x00000006c5c00000| PB 0x00000006c5800000| Complete |  0
| 279|0x00000006c5c00000, 0x00000006c6000000, 0x00000006c6000000|100%|HC|  |TAMS 0x00000006c6000000| PB 0x00000006c5c00000| Complete |  0
| 280|0x00000006c6000000, 0x00000006c6400000, 0x00000006c6400000|100%|HC|  |TAMS 0x00000006c6400000| PB 0x00000006c6000000| Complete |  0
| 281|0x00000006c6400000, 0x00000006c6800000, 0x00000006c6800000|100%|HC|  |TAMS 0x00000006c6800000| PB 0x00000006c6400000| Complete |  0
| 282|0x00000006c6800000, 0x00000006c6c00000, 0x00000006c6c00000|100%|HC|  |TAMS 0x00000006c6c00000| PB 0x00000006c6800000| Complete |  0
| 283|0x00000006c6c00000, 0x00000006c7000000, 0x00000006c7000000|100%|HC|  |TAMS 0x00000006c7000000| PB 0x00000006c6c00000| Complete |  0
| 284|0x00000006c7000000, 0x00000006c7400000, 0x00000006c7400000|100%|HC|  |TAMS 0x00000006c7400000| PB 0x00000006c7000000| Complete |  0
| 285|0x00000006c7400000, 0x00000006c7800000, 0x00000006c7800000|100%|HC|  |TAMS 0x00000006c7800000| PB 0x00000006c7400000| Complete |  0
| 286|0x00000006c7800000, 0x00000006c7c00000, 0x00000006c7c00000|100%|HC|  |TAMS 0x00000006c7c00000| PB 0x00000006c7800000| Complete |  0
| 287|0x00000006c7c00000, 0x00000006c8000000, 0x00000006c8000000|100%|HC|  |TAMS 0x00000006c8000000| PB 0x00000006c7c00000| Complete |  0
| 288|0x00000006c8000000, 0x00000006c8400000, 0x00000006c8400000|100%|HC|  |TAMS 0x00000006c8400000| PB 0x00000006c8000000| Complete |  0
| 289|0x00000006c8400000, 0x00000006c8800000, 0x00000006c8800000|100%|HC|  |TAMS 0x00000006c8800000| PB 0x00000006c8400000| Complete |  0
| 290|0x00000006c8800000, 0x00000006c8c00000, 0x00000006c8c00000|100%|HC|  |TAMS 0x00000006c8c00000| PB 0x00000006c8800000| Complete |  0
| 291|0x00000006c8c00000, 0x00000006c9000000, 0x00000006c9000000|100%|HC|  |TAMS 0x00000006c9000000| PB 0x00000006c8c00000| Complete |  0
| 292|0x00000006c9000000, 0x00000006c9400000, 0x00000006c9400000|100%|HC|  |TAMS 0x00000006c9400000| PB 0x00000006c9000000| Complete |  0
| 293|0x00000006c9400000, 0x00000006c9800000, 0x00000006c9800000|100%|HC|  |TAMS 0x00000006c9800000| PB 0x00000006c9400000| Complete |  0
| 294|0x00000006c9800000, 0x00000006c9c00000, 0x00000006c9c00000|100%|HC|  |TAMS 0x00000006c9c00000| PB 0x00000006c9800000| Complete |  0
| 295|0x00000006c9c00000, 0x00000006ca000000, 0x00000006ca000000|100%|HC|  |TAMS 0x00000006ca000000| PB 0x00000006c9c00000| Complete |  0
| 296|0x00000006ca000000, 0x00000006ca400000, 0x00000006ca400000|100%|HC|  |TAMS 0x00000006ca400000| PB 0x00000006ca000000| Complete |  0
| 297|0x00000006ca400000, 0x00000006ca800000, 0x00000006ca800000|100%|HC|  |TAMS 0x00000006ca800000| PB 0x00000006ca400000| Complete |  0
| 298|0x00000006ca800000, 0x00000006cac00000, 0x00000006cac00000|100%|HC|  |TAMS 0x00000006cac00000| PB 0x00000006ca800000| Complete |  0
| 299|0x00000006cac00000, 0x00000006cb000000, 0x00000006cb000000|100%|HC|  |TAMS 0x00000006cb000000| PB 0x00000006cac00000| Complete |  0
| 300|0x00000006cb000000, 0x00000006cb400000, 0x00000006cb400000|100%|HC|  |TAMS 0x00000006cb400000| PB 0x00000006cb000000| Complete |  0
| 301|0x00000006cb400000, 0x00000006cb800000, 0x00000006cb800000|100%|HC|  |TAMS 0x00000006cb800000| PB 0x00000006cb400000| Complete |  0
| 302|0x00000006cb800000, 0x00000006cbc00000, 0x00000006cbc00000|100%|HC|  |TAMS 0x00000006cbc00000| PB 0x00000006cb800000| Complete |  0
| 303|0x00000006cbc00000, 0x00000006cc000000, 0x00000006cc000000|100%|HC|  |TAMS 0x00000006cc000000| PB 0x00000006cbc00000| Complete |  0
| 304|0x00000006cc000000, 0x00000006cc400000, 0x00000006cc400000|100%|HC|  |TAMS 0x00000006cc400000| PB 0x00000006cc000000| Complete |  0
| 305|0x00000006cc400000, 0x00000006cc800000, 0x00000006cc800000|100%|HC|  |TAMS 0x00000006cc800000| PB 0x00000006cc400000| Complete |  0
| 306|0x00000006cc800000, 0x00000006ccc00000, 0x00000006ccc00000|100%|HC|  |TAMS 0x00000006ccc00000| PB 0x00000006cc800000| Complete |  0
| 307|0x00000006ccc00000, 0x00000006cd000000, 0x00000006cd000000|100%|HC|  |TAMS 0x00000006cd000000| PB 0x00000006ccc00000| Complete |  0
| 308|0x00000006cd000000, 0x00000006cd400000, 0x00000006cd400000|100%|HC|  |TAMS 0x00000006cd400000| PB 0x00000006cd000000| Complete |  0
| 309|0x00000006cd400000, 0x00000006cd800000, 0x00000006cd800000|100%|HC|  |TAMS 0x00000006cd800000| PB 0x00000006cd400000| Complete |  0
| 310|0x00000006cd800000, 0x00000006cdc00000, 0x00000006cdc00000|100%|HC|  |TAMS 0x00000006cdc00000| PB 0x00000006cd800000| Complete |  0
| 311|0x00000006cdc00000, 0x00000006ce000000, 0x00000006ce000000|100%|HC|  |TAMS 0x00000006ce000000| PB 0x00000006cdc00000| Complete |  0
| 312|0x00000006ce000000, 0x00000006ce400000, 0x00000006ce400000|100%|HC|  |TAMS 0x00000006ce400000| PB 0x00000006ce000000| Complete |  0
| 313|0x00000006ce400000, 0x00000006ce800000, 0x00000006ce800000|100%|HC|  |TAMS 0x00000006ce800000| PB 0x00000006ce400000| Complete |  0
| 314|0x00000006ce800000, 0x00000006cec00000, 0x00000006cec00000|100%|HC|  |TAMS 0x00000006cec00000| PB 0x00000006ce800000| Complete |  0
| 315|0x00000006cec00000, 0x00000006cf000000, 0x00000006cf000000|100%|HC|  |TAMS 0x00000006cf000000| PB 0x00000006cec00000| Complete |  0
| 316|0x00000006cf000000, 0x00000006cf400000, 0x00000006cf400000|100%|HC|  |TAMS 0x00000006cf400000| PB 0x00000006cf000000| Complete |  0
| 317|0x00000006cf400000, 0x00000006cf800000, 0x00000006cf800000|100%|HC|  |TAMS 0x00000006cf800000| PB 0x00000006cf400000| Complete |  0
| 318|0x00000006cf800000, 0x00000006cfc00000, 0x00000006cfc00000|100%|HC|  |TAMS 0x00000006cfc00000| PB 0x00000006cf800000| Complete |  0
| 319|0x00000006cfc00000, 0x00000006d0000000, 0x00000006d0000000|100%|HC|  |TAMS 0x00000006d0000000| PB 0x00000006cfc00000| Complete |  0
| 320|0x00000006d0000000, 0x00000006d0400000, 0x00000006d0400000|100%|HC|  |TAMS 0x00000006d0400000| PB 0x00000006d0000000| Complete |  0
| 321|0x00000006d0400000, 0x00000006d0800000, 0x00000006d0800000|100%|HC|  |TAMS 0x00000006d0800000| PB 0x00000006d0400000| Complete |  0
| 322|0x00000006d0800000, 0x00000006d0c00000, 0x00000006d0c00000|100%|HC|  |TAMS 0x00000006d0c00000| PB 0x00000006d0800000| Complete |  0
| 323|0x00000006d0c00000, 0x00000006d1000000, 0x00000006d1000000|100%|HC|  |TAMS 0x00000006d1000000| PB 0x00000006d0c00000| Complete |  0
| 324|0x00000006d1000000, 0x00000006d1400000, 0x00000006d1400000|100%|HC|  |TAMS 0x00000006d1400000| PB 0x00000006d1000000| Complete |  0
| 325|0x00000006d1400000, 0x00000006d1800000, 0x00000006d1800000|100%|HC|  |TAMS 0x00000006d1800000| PB 0x00000006d1400000| Complete |  0
| 326|0x00000006d1800000, 0x00000006d1c00000, 0x00000006d1c00000|100%|HC|  |TAMS 0x00000006d1c00000| PB 0x00000006d1800000| Complete |  0
| 327|0x00000006d1c00000, 0x00000006d2000000, 0x00000006d2000000|100%|HC|  |TAMS 0x00000006d2000000| PB 0x00000006d1c00000| Complete |  0
| 328|0x00000006d2000000, 0x00000006d2400000, 0x00000006d2400000|100%|HC|  |TAMS 0x00000006d2400000| PB 0x00000006d2000000| Complete |  0
| 329|0x00000006d2400000, 0x00000006d2800000, 0x00000006d2800000|100%|HC|  |TAMS 0x00000006d2800000| PB 0x00000006d2400000| Complete |  0
| 330|0x00000006d2800000, 0x00000006d2c00000, 0x00000006d2c00000|100%|HC|  |TAMS 0x00000006d2c00000| PB 0x00000006d2800000| Complete |  0
| 331|0x00000006d2c00000, 0x00000006d3000000, 0x00000006d3000000|100%|HC|  |TAMS 0x00000006d3000000| PB 0x00000006d2c00000| Complete |  0
| 332|0x00000006d3000000, 0x00000006d3400000, 0x00000006d3400000|100%|HC|  |TAMS 0x00000006d3400000| PB 0x00000006d3000000| Complete |  0
| 333|0x00000006d3400000, 0x00000006d3800000, 0x00000006d3800000|100%|HC|  |TAMS 0x00000006d3800000| PB 0x00000006d3400000| Complete |  0
| 334|0x00000006d3800000, 0x00000006d3c00000, 0x00000006d3c00000|100%|HC|  |TAMS 0x00000006d3c00000| PB 0x00000006d3800000| Complete |  0
| 335|0x00000006d3c00000, 0x00000006d4000000, 0x00000006d4000000|100%|HC|  |TAMS 0x00000006d4000000| PB 0x00000006d3c00000| Complete |  0
| 336|0x00000006d4000000, 0x00000006d4400000, 0x00000006d4400000|100%|HC|  |TAMS 0x00000006d4400000| PB 0x00000006d4000000| Complete |  0
| 337|0x00000006d4400000, 0x00000006d4800000, 0x00000006d4800000|100%|HC|  |TAMS 0x00000006d4800000| PB 0x00000006d4400000| Complete |  0
| 338|0x00000006d4800000, 0x00000006d4c00000, 0x00000006d4c00000|100%|HC|  |TAMS 0x00000006d4c00000| PB 0x00000006d4800000| Complete |  0
| 339|0x00000006d4c00000, 0x00000006d5000000, 0x00000006d5000000|100%|HC|  |TAMS 0x00000006d5000000| PB 0x00000006d4c00000| Complete |  0
| 340|0x00000006d5000000, 0x00000006d5400000, 0x00000006d5400000|100%|HC|  |TAMS 0x00000006d5400000| PB 0x00000006d5000000| Complete |  0
| 341|0x00000006d5400000, 0x00000006d5800000, 0x00000006d5800000|100%|HC|  |TAMS 0x00000006d5800000| PB 0x00000006d5400000| Complete |  0
| 342|0x00000006d5800000, 0x00000006d5c00000, 0x00000006d5c00000|100%|HC|  |TAMS 0x00000006d5c00000| PB 0x00000006d5800000| Complete |  0
| 343|0x00000006d5c00000, 0x00000006d6000000, 0x00000006d6000000|100%|HC|  |TAMS 0x00000006d6000000| PB 0x00000006d5c00000| Complete |  0
| 344|0x00000006d6000000, 0x00000006d6400000, 0x00000006d6400000|100%|HC|  |TAMS 0x00000006d6400000| PB 0x00000006d6000000| Complete |  0
| 345|0x00000006d6400000, 0x00000006d6800000, 0x00000006d6800000|100%|HC|  |TAMS 0x00000006d6800000| PB 0x00000006d6400000| Complete |  0
| 346|0x00000006d6800000, 0x00000006d6c00000, 0x00000006d6c00000|100%|HC|  |TAMS 0x00000006d6c00000| PB 0x00000006d6800000| Complete |  0
| 347|0x00000006d6c00000, 0x00000006d7000000, 0x00000006d7000000|100%|HC|  |TAMS 0x00000006d7000000| PB 0x00000006d6c00000| Complete |  0
| 348|0x00000006d7000000, 0x00000006d7400000, 0x00000006d7400000|100%|HC|  |TAMS 0x00000006d7400000| PB 0x00000006d7000000| Complete |  0
| 349|0x00000006d7400000, 0x00000006d7800000, 0x00000006d7800000|100%|HC|  |TAMS 0x00000006d7800000| PB 0x00000006d7400000| Complete |  0
| 350|0x00000006d7800000, 0x00000006d7c00000, 0x00000006d7c00000|100%|HC|  |TAMS 0x00000006d7c00000| PB 0x00000006d7800000| Complete |  0
| 351|0x00000006d7c00000, 0x00000006d8000000, 0x00000006d8000000|100%|HC|  |TAMS 0x00000006d8000000| PB 0x00000006d7c00000| Complete |  0
| 352|0x00000006d8000000, 0x00000006d8400000, 0x00000006d8400000|100%|HC|  |TAMS 0x00000006d8400000| PB 0x00000006d8000000| Complete |  0
| 353|0x00000006d8400000, 0x00000006d8800000, 0x00000006d8800000|100%|HC|  |TAMS 0x00000006d8800000| PB 0x00000006d8400000| Complete |  0
| 354|0x00000006d8800000, 0x00000006d8c00000, 0x00000006d8c00000|100%|HC|  |TAMS 0x00000006d8c00000| PB 0x00000006d8800000| Complete |  0
| 355|0x00000006d8c00000, 0x00000006d9000000, 0x00000006d9000000|100%|HC|  |TAMS 0x00000006d9000000| PB 0x00000006d8c00000| Complete |  0
| 356|0x00000006d9000000, 0x00000006d9400000, 0x00000006d9400000|100%|HC|  |TAMS 0x00000006d9400000| PB 0x00000006d9000000| Complete |  0
| 357|0x00000006d9400000, 0x00000006d9800000, 0x00000006d9800000|100%|HC|  |TAMS 0x00000006d9800000| PB 0x00000006d9400000| Complete |  0
| 358|0x00000006d9800000, 0x00000006d9c00000, 0x00000006d9c00000|100%|HC|  |TAMS 0x00000006d9c00000| PB 0x00000006d9800000| Complete |  0
| 359|0x00000006d9c00000, 0x00000006da000000, 0x00000006da000000|100%|HC|  |TAMS 0x00000006da000000| PB 0x00000006d9c00000| Complete |  0
| 360|0x00000006da000000, 0x00000006da400000, 0x00000006da400000|100%|HC|  |TAMS 0x00000006da400000| PB 0x00000006da000000| Complete |  0
| 361|0x00000006da400000, 0x00000006da800000, 0x00000006da800000|100%|HC|  |TAMS 0x00000006da800000| PB 0x00000006da400000| Complete |  0
| 362|0x00000006da800000, 0x00000006dac00000, 0x00000006dac00000|100%|HC|  |TAMS 0x00000006dac00000| PB 0x00000006da800000| Complete |  0
| 363|0x00000006dac00000, 0x00000006db000000, 0x00000006db000000|100%|HC|  |TAMS 0x00000006db000000| PB 0x00000006dac00000| Complete |  0
| 364|0x00000006db000000, 0x00000006db400000, 0x00000006db400000|100%|HC|  |TAMS 0x00000006db400000| PB 0x00000006db000000| Complete |  0
| 365|0x00000006db400000, 0x00000006db800000, 0x00000006db800000|100%|HC|  |TAMS 0x00000006db800000| PB 0x00000006db400000| Complete |  0
| 366|0x00000006db800000, 0x00000006dbc00000, 0x00000006dbc00000|100%|HC|  |TAMS 0x00000006dbc00000| PB 0x00000006db800000| Complete |  0
| 367|0x00000006dbc00000, 0x00000006dc000000, 0x00000006dc000000|100%|HC|  |TAMS 0x00000006dc000000| PB 0x00000006dbc00000| Complete |  0
| 368|0x00000006dc000000, 0x00000006dc400000, 0x00000006dc400000|100%|HC|  |TAMS 0x00000006dc400000| PB 0x00000006dc000000| Complete |  0
| 369|0x00000006dc400000, 0x00000006dc800000, 0x00000006dc800000|100%|HC|  |TAMS 0x00000006dc800000| PB 0x00000006dc400000| Complete |  0
| 370|0x00000006dc800000, 0x00000006dcc00000, 0x00000006dcc00000|100%|HC|  |TAMS 0x00000006dcc00000| PB 0x00000006dc800000| Complete |  0
| 371|0x00000006dcc00000, 0x00000006dd000000, 0x00000006dd000000|100%|HC|  |TAMS 0x00000006dd000000| PB 0x00000006dcc00000| Complete |  0
| 372|0x00000006dd000000, 0x00000006dd400000, 0x00000006dd400000|100%|HC|  |TAMS 0x00000006dd400000| PB 0x00000006dd000000| Complete |  0
| 373|0x00000006dd400000, 0x00000006dd800000, 0x00000006dd800000|100%|HC|  |TAMS 0x00000006dd800000| PB 0x00000006dd400000| Complete |  0
| 374|0x00000006dd800000, 0x00000006ddc00000, 0x00000006ddc00000|100%|HC|  |TAMS 0x00000006ddc00000| PB 0x00000006dd800000| Complete |  0
| 375|0x00000006ddc00000, 0x00000006de000000, 0x00000006de000000|100%|HC|  |TAMS 0x00000006de000000| PB 0x00000006ddc00000| Complete |  0
| 376|0x00000006de000000, 0x00000006de400000, 0x00000006de400000|100%|HC|  |TAMS 0x00000006de400000| PB 0x00000006de000000| Complete |  0
| 377|0x00000006de400000, 0x00000006de800000, 0x00000006de800000|100%|HC|  |TAMS 0x00000006de800000| PB 0x00000006de400000| Complete |  0
| 378|0x00000006de800000, 0x00000006dec00000, 0x00000006dec00000|100%|HC|  |TAMS 0x00000006dec00000| PB 0x00000006de800000| Complete |  0
| 379|0x00000006dec00000, 0x00000006df000000, 0x00000006df000000|100%|HC|  |TAMS 0x00000006df000000| PB 0x00000006dec00000| Complete |  0
| 380|0x00000006df000000, 0x00000006df400000, 0x00000006df400000|100%|HC|  |TAMS 0x00000006df400000| PB 0x00000006df000000| Complete |  0
| 381|0x00000006df400000, 0x00000006df800000, 0x00000006df800000|100%|HC|  |TAMS 0x00000006df800000| PB 0x00000006df400000| Complete |  0
| 382|0x00000006df800000, 0x00000006dfc00000, 0x00000006dfc00000|100%|HC|  |TAMS 0x00000006dfc00000| PB 0x00000006df800000| Complete |  0
| 383|0x00000006dfc00000, 0x00000006e0000000, 0x00000006e0000000|100%|HC|  |TAMS 0x00000006e0000000| PB 0x00000006dfc00000| Complete |  0
| 384|0x00000006e0000000, 0x00000006e0400000, 0x00000006e0400000|100%|HC|  |TAMS 0x00000006e0400000| PB 0x00000006e0000000| Complete |  0
| 385|0x00000006e0400000, 0x00000006e0800000, 0x00000006e0800000|100%|HC|  |TAMS 0x00000006e0800000| PB 0x00000006e0400000| Complete |  0
| 386|0x00000006e0800000, 0x00000006e0c00000, 0x00000006e0c00000|100%|HC|  |TAMS 0x00000006e0c00000| PB 0x00000006e0800000| Complete |  0
| 387|0x00000006e0c00000, 0x00000006e1000000, 0x00000006e1000000|100%|HC|  |TAMS 0x00000006e1000000| PB 0x00000006e0c00000| Complete |  0
| 388|0x00000006e1000000, 0x00000006e1400000, 0x00000006e1400000|100%|HC|  |TAMS 0x00000006e1400000| PB 0x00000006e1000000| Complete |  0
| 389|0x00000006e1400000, 0x00000006e1800000, 0x00000006e1800000|100%|HC|  |TAMS 0x00000006e1800000| PB 0x00000006e1400000| Complete |  0
| 390|0x00000006e1800000, 0x00000006e1c00000, 0x00000006e1c00000|100%|HC|  |TAMS 0x00000006e1c00000| PB 0x00000006e1800000| Complete |  0
| 391|0x00000006e1c00000, 0x00000006e2000000, 0x00000006e2000000|100%|HC|  |TAMS 0x00000006e2000000| PB 0x00000006e1c00000| Complete |  0
| 392|0x00000006e2000000, 0x00000006e2400000, 0x00000006e2400000|100%|HC|  |TAMS 0x00000006e2400000| PB 0x00000006e2000000| Complete |  0
| 393|0x00000006e2400000, 0x00000006e2800000, 0x00000006e2800000|100%|HC|  |TAMS 0x00000006e2800000| PB 0x00000006e2400000| Complete |  0
| 394|0x00000006e2800000, 0x00000006e2c00000, 0x00000006e2c00000|100%|HC|  |TAMS 0x00000006e2c00000| PB 0x00000006e2800000| Complete |  0
| 395|0x00000006e2c00000, 0x00000006e3000000, 0x00000006e3000000|100%|HC|  |TAMS 0x00000006e3000000| PB 0x00000006e2c00000| Complete |  0
| 396|0x00000006e3000000, 0x00000006e3400000, 0x00000006e3400000|100%|HC|  |TAMS 0x00000006e3400000| PB 0x00000006e3000000| Complete |  0
| 397|0x00000006e3400000, 0x00000006e3800000, 0x00000006e3800000|100%|HC|  |TAMS 0x00000006e3800000| PB 0x00000006e3400000| Complete |  0
| 398|0x00000006e3800000, 0x00000006e3c00000, 0x00000006e3c00000|100%|HC|  |TAMS 0x00000006e3c00000| PB 0x00000006e3800000| Complete |  0
| 399|0x00000006e3c00000, 0x00000006e4000000, 0x00000006e4000000|100%|HC|  |TAMS 0x00000006e4000000| PB 0x00000006e3c00000| Complete |  0
| 400|0x00000006e4000000, 0x00000006e4400000, 0x00000006e4400000|100%|HC|  |TAMS 0x00000006e4400000| PB 0x00000006e4000000| Complete |  0
| 401|0x00000006e4400000, 0x00000006e4800000, 0x00000006e4800000|100%|HC|  |TAMS 0x00000006e4800000| PB 0x00000006e4400000| Complete |  0
| 402|0x00000006e4800000, 0x00000006e4c00000, 0x00000006e4c00000|100%|HC|  |TAMS 0x00000006e4c00000| PB 0x00000006e4800000| Complete |  0
| 403|0x00000006e4c00000, 0x00000006e5000000, 0x00000006e5000000|100%|HC|  |TAMS 0x00000006e5000000| PB 0x00000006e4c00000| Complete |  0
| 404|0x00000006e5000000, 0x00000006e5400000, 0x00000006e5400000|100%|HC|  |TAMS 0x00000006e5400000| PB 0x00000006e5000000| Complete |  0
| 405|0x00000006e5400000, 0x00000006e5800000, 0x00000006e5800000|100%|HC|  |TAMS 0x00000006e5800000| PB 0x00000006e5400000| Complete |  0
| 406|0x00000006e5800000, 0x00000006e5c00000, 0x00000006e5c00000|100%|HC|  |TAMS 0x00000006e5c00000| PB 0x00000006e5800000| Complete |  0
| 407|0x00000006e5c00000, 0x00000006e6000000, 0x00000006e6000000|100%|HC|  |TAMS 0x00000006e6000000| PB 0x00000006e5c00000| Complete |  0
| 408|0x00000006e6000000, 0x00000006e6400000, 0x00000006e6400000|100%|HC|  |TAMS 0x00000006e6400000| PB 0x00000006e6000000| Complete |  0
| 409|0x00000006e6400000, 0x00000006e6800000, 0x00000006e6800000|100%|HC|  |TAMS 0x00000006e6800000| PB 0x00000006e6400000| Complete |  0
| 410|0x00000006e6800000, 0x00000006e6c00000, 0x00000006e6c00000|100%|HC|  |TAMS 0x00000006e6c00000| PB 0x00000006e6800000| Complete |  0
| 411|0x00000006e6c00000, 0x00000006e7000000, 0x00000006e7000000|100%|HC|  |TAMS 0x00000006e7000000| PB 0x00000006e6c00000| Complete |  0
| 412|0x00000006e7000000, 0x00000006e7400000, 0x00000006e7400000|100%|HC|  |TAMS 0x00000006e7400000| PB 0x00000006e7000000| Complete |  0
| 413|0x00000006e7400000, 0x00000006e7800000, 0x00000006e7800000|100%|HC|  |TAMS 0x00000006e7800000| PB 0x00000006e7400000| Complete |  0
| 414|0x00000006e7800000, 0x00000006e7c00000, 0x00000006e7c00000|100%|HC|  |TAMS 0x00000006e7c00000| PB 0x00000006e7800000| Complete |  0
| 415|0x00000006e7c00000, 0x00000006e8000000, 0x00000006e8000000|100%|HC|  |TAMS 0x00000006e8000000| PB 0x00000006e7c00000| Complete |  0
| 416|0x00000006e8000000, 0x00000006e8400000, 0x00000006e8400000|100%|HC|  |TAMS 0x00000006e8400000| PB 0x00000006e8000000| Complete |  0
| 417|0x00000006e8400000, 0x00000006e8800000, 0x00000006e8800000|100%|HC|  |TAMS 0x00000006e8800000| PB 0x00000006e8400000| Complete |  0
| 418|0x00000006e8800000, 0x00000006e8c00000, 0x00000006e8c00000|100%|HC|  |TAMS 0x00000006e8c00000| PB 0x00000006e8800000| Complete |  0
| 419|0x00000006e8c00000, 0x00000006e9000000, 0x00000006e9000000|100%|HC|  |TAMS 0x00000006e9000000| PB 0x00000006e8c00000| Complete |  0
| 420|0x00000006e9000000, 0x00000006e9400000, 0x00000006e9400000|100%|HC|  |TAMS 0x00000006e9400000| PB 0x00000006e9000000| Complete |  0
| 421|0x00000006e9400000, 0x00000006e9800000, 0x00000006e9800000|100%|HC|  |TAMS 0x00000006e9800000| PB 0x00000006e9400000| Complete |  0
| 422|0x00000006e9800000, 0x00000006e9c00000, 0x00000006e9c00000|100%|HC|  |TAMS 0x00000006e9c00000| PB 0x00000006e9800000| Complete |  0
| 423|0x00000006e9c00000, 0x00000006ea000000, 0x00000006ea000000|100%|HC|  |TAMS 0x00000006ea000000| PB 0x00000006e9c00000| Complete |  0
| 424|0x00000006ea000000, 0x00000006ea400000, 0x00000006ea400000|100%|HC|  |TAMS 0x00000006ea400000| PB 0x00000006ea000000| Complete |  0
| 425|0x00000006ea400000, 0x00000006ea800000, 0x00000006ea800000|100%|HC|  |TAMS 0x00000006ea800000| PB 0x00000006ea400000| Complete |  0
| 426|0x00000006ea800000, 0x00000006eac00000, 0x00000006eac00000|100%|HC|  |TAMS 0x00000006eac00000| PB 0x00000006ea800000| Complete |  0
| 427|0x00000006eac00000, 0x00000006eb000000, 0x00000006eb000000|100%|HC|  |TAMS 0x00000006eb000000| PB 0x00000006eac00000| Complete |  0
| 428|0x00000006eb000000, 0x00000006eb400000, 0x00000006eb400000|100%|HC|  |TAMS 0x00000006eb400000| PB 0x00000006eb000000| Complete |  0
| 429|0x00000006eb400000, 0x00000006eb800000, 0x00000006eb800000|100%|HC|  |TAMS 0x00000006eb800000| PB 0x00000006eb400000| Complete |  0
| 430|0x00000006eb800000, 0x00000006ebc00000, 0x00000006ebc00000|100%|HC|  |TAMS 0x00000006ebc00000| PB 0x00000006eb800000| Complete |  0
| 431|0x00000006ebc00000, 0x00000006ec000000, 0x00000006ec000000|100%|HC|  |TAMS 0x00000006ec000000| PB 0x00000006ebc00000| Complete |  0
| 432|0x00000006ec000000, 0x00000006ec400000, 0x00000006ec400000|100%|HC|  |TAMS 0x00000006ec400000| PB 0x00000006ec000000| Complete |  0
| 433|0x00000006ec400000, 0x00000006ec800000, 0x00000006ec800000|100%|HC|  |TAMS 0x00000006ec800000| PB 0x00000006ec400000| Complete |  0
| 434|0x00000006ec800000, 0x00000006ecc00000, 0x00000006ecc00000|100%|HC|  |TAMS 0x00000006ecc00000| PB 0x00000006ec800000| Complete |  0
| 435|0x00000006ecc00000, 0x00000006ed000000, 0x00000006ed000000|100%|HC|  |TAMS 0x00000006ed000000| PB 0x00000006ecc00000| Complete |  0
| 436|0x00000006ed000000, 0x00000006ed400000, 0x00000006ed400000|100%|HC|  |TAMS 0x00000006ed400000| PB 0x00000006ed000000| Complete |  0
| 437|0x00000006ed400000, 0x00000006ed800000, 0x00000006ed800000|100%|HC|  |TAMS 0x00000006ed800000| PB 0x00000006ed400000| Complete |  0
| 438|0x00000006ed800000, 0x00000006edc00000, 0x00000006edc00000|100%|HC|  |TAMS 0x00000006edc00000| PB 0x00000006ed800000| Complete |  0
| 439|0x00000006edc00000, 0x00000006ee000000, 0x00000006ee000000|100%|HC|  |TAMS 0x00000006ee000000| PB 0x00000006edc00000| Complete |  0
| 440|0x00000006ee000000, 0x00000006ee400000, 0x00000006ee400000|100%|HC|  |TAMS 0x00000006ee400000| PB 0x00000006ee000000| Complete |  0
| 441|0x00000006ee400000, 0x00000006ee800000, 0x00000006ee800000|100%|HC|  |TAMS 0x00000006ee800000| PB 0x00000006ee400000| Complete |  0
| 442|0x00000006ee800000, 0x00000006eec00000, 0x00000006eec00000|100%|HC|  |TAMS 0x00000006eec00000| PB 0x00000006ee800000| Complete |  0
| 443|0x00000006eec00000, 0x00000006ef000000, 0x00000006ef000000|100%|HC|  |TAMS 0x00000006ef000000| PB 0x00000006eec00000| Complete |  0
| 444|0x00000006ef000000, 0x00000006ef400000, 0x00000006ef400000|100%|HC|  |TAMS 0x00000006ef400000| PB 0x00000006ef000000| Complete |  0
| 445|0x00000006ef400000, 0x00000006ef800000, 0x00000006ef800000|100%|HC|  |TAMS 0x00000006ef800000| PB 0x00000006ef400000| Complete |  0
| 446|0x00000006ef800000, 0x00000006efc00000, 0x00000006efc00000|100%|HC|  |TAMS 0x00000006efc00000| PB 0x00000006ef800000| Complete |  0
| 447|0x00000006efc00000, 0x00000006f0000000, 0x00000006f0000000|100%|HC|  |TAMS 0x00000006f0000000| PB 0x00000006efc00000| Complete |  0
| 448|0x00000006f0000000, 0x00000006f0400000, 0x00000006f0400000|100%|HC|  |TAMS 0x00000006f0400000| PB 0x00000006f0000000| Complete |  0
| 449|0x00000006f0400000, 0x00000006f0800000, 0x00000006f0800000|100%|HC|  |TAMS 0x00000006f0800000| PB 0x00000006f0400000| Complete |  0
| 450|0x00000006f0800000, 0x00000006f0c00000, 0x00000006f0c00000|100%|HC|  |TAMS 0x00000006f0c00000| PB 0x00000006f0800000| Complete |  0
| 451|0x00000006f0c00000, 0x00000006f1000000, 0x00000006f1000000|100%|HC|  |TAMS 0x00000006f1000000| PB 0x00000006f0c00000| Complete |  0
| 452|0x00000006f1000000, 0x00000006f1400000, 0x00000006f1400000|100%|HC|  |TAMS 0x00000006f1400000| PB 0x00000006f1000000| Complete |  0
| 453|0x00000006f1400000, 0x00000006f1800000, 0x00000006f1800000|100%|HC|  |TAMS 0x00000006f1800000| PB 0x00000006f1400000| Complete |  0
| 454|0x00000006f1800000, 0x00000006f1c00000, 0x00000006f1c00000|100%|HC|  |TAMS 0x00000006f1c00000| PB 0x00000006f1800000| Complete |  0
| 455|0x00000006f1c00000, 0x00000006f2000000, 0x00000006f2000000|100%|HC|  |TAMS 0x00000006f2000000| PB 0x00000006f1c00000| Complete |  0
| 456|0x00000006f2000000, 0x00000006f2400000, 0x00000006f2400000|100%|HC|  |TAMS 0x00000006f2400000| PB 0x00000006f2000000| Complete |  0
| 457|0x00000006f2400000, 0x00000006f2800000, 0x00000006f2800000|100%|HC|  |TAMS 0x00000006f2800000| PB 0x00000006f2400000| Complete |  0
| 458|0x00000006f2800000, 0x00000006f2c00000, 0x00000006f2c00000|100%|HC|  |TAMS 0x00000006f2c00000| PB 0x00000006f2800000| Complete |  0
| 459|0x00000006f2c00000, 0x00000006f3000000, 0x00000006f3000000|100%|HC|  |TAMS 0x00000006f3000000| PB 0x00000006f2c00000| Complete |  0
| 460|0x00000006f3000000, 0x00000006f3400000, 0x00000006f3400000|100%|HC|  |TAMS 0x00000006f3400000| PB 0x00000006f3000000| Complete |  0
| 461|0x00000006f3400000, 0x00000006f3800000, 0x00000006f3800000|100%|HC|  |TAMS 0x00000006f3800000| PB 0x00000006f3400000| Complete |  0
| 462|0x00000006f3800000, 0x00000006f3c00000, 0x00000006f3c00000|100%|HC|  |TAMS 0x00000006f3c00000| PB 0x00000006f3800000| Complete |  0
| 463|0x00000006f3c00000, 0x00000006f4000000, 0x00000006f4000000|100%|HC|  |TAMS 0x00000006f4000000| PB 0x00000006f3c00000| Complete |  0
| 464|0x00000006f4000000, 0x00000006f4400000, 0x00000006f4400000|100%|HC|  |TAMS 0x00000006f4400000| PB 0x00000006f4000000| Complete |  0
| 465|0x00000006f4400000, 0x00000006f4800000, 0x00000006f4800000|100%|HC|  |TAMS 0x00000006f4800000| PB 0x00000006f4400000| Complete |  0
| 466|0x00000006f4800000, 0x00000006f4c00000, 0x00000006f4c00000|100%|HC|  |TAMS 0x00000006f4c00000| PB 0x00000006f4800000| Complete |  0
| 467|0x00000006f4c00000, 0x00000006f5000000, 0x00000006f5000000|100%|HC|  |TAMS 0x00000006f5000000| PB 0x00000006f4c00000| Complete |  0
| 468|0x00000006f5000000, 0x00000006f5400000, 0x00000006f5400000|100%|HC|  |TAMS 0x00000006f5400000| PB 0x00000006f5000000| Complete |  0
| 469|0x00000006f5400000, 0x00000006f5800000, 0x00000006f5800000|100%|HC|  |TAMS 0x00000006f5800000| PB 0x00000006f5400000| Complete |  0
| 470|0x00000006f5800000, 0x00000006f5c00000, 0x00000006f5c00000|100%|HC|  |TAMS 0x00000006f5c00000| PB 0x00000006f5800000| Complete |  0
| 471|0x00000006f5c00000, 0x00000006f6000000, 0x00000006f6000000|100%|HC|  |TAMS 0x00000006f6000000| PB 0x00000006f5c00000| Complete |  0
| 472|0x00000006f6000000, 0x00000006f6400000, 0x00000006f6400000|100%|HC|  |TAMS 0x00000006f6400000| PB 0x00000006f6000000| Complete |  0
| 473|0x00000006f6400000, 0x00000006f6800000, 0x00000006f6800000|100%|HC|  |TAMS 0x00000006f6800000| PB 0x00000006f6400000| Complete |  0
| 474|0x00000006f6800000, 0x00000006f6c00000, 0x00000006f6c00000|100%|HC|  |TAMS 0x00000006f6c00000| PB 0x00000006f6800000| Complete |  0
| 475|0x00000006f6c00000, 0x00000006f7000000, 0x00000006f7000000|100%|HC|  |TAMS 0x00000006f7000000| PB 0x00000006f6c00000| Complete |  0
| 476|0x00000006f7000000, 0x00000006f7400000, 0x00000006f7400000|100%|HC|  |TAMS 0x00000006f7400000| PB 0x00000006f7000000| Complete |  0
| 477|0x00000006f7400000, 0x00000006f7800000, 0x00000006f7800000|100%|HC|  |TAMS 0x00000006f7800000| PB 0x00000006f7400000| Complete |  0
| 478|0x00000006f7800000, 0x00000006f7c00000, 0x00000006f7c00000|100%|HC|  |TAMS 0x00000006f7c00000| PB 0x00000006f7800000| Complete |  0
| 479|0x00000006f7c00000, 0x00000006f8000000, 0x00000006f8000000|100%|HC|  |TAMS 0x00000006f8000000| PB 0x00000006f7c00000| Complete |  0
| 480|0x00000006f8000000, 0x00000006f8400000, 0x00000006f8400000|100%|HC|  |TAMS 0x00000006f8400000| PB 0x00000006f8000000| Complete |  0
| 481|0x00000006f8400000, 0x00000006f8800000, 0x00000006f8800000|100%|HC|  |TAMS 0x00000006f8800000| PB 0x00000006f8400000| Complete |  0
| 482|0x00000006f8800000, 0x00000006f8c00000, 0x00000006f8c00000|100%|HC|  |TAMS 0x00000006f8c00000| PB 0x00000006f8800000| Complete |  0
| 483|0x00000006f8c00000, 0x00000006f9000000, 0x00000006f9000000|100%|HC|  |TAMS 0x00000006f9000000| PB 0x00000006f8c00000| Complete |  0
| 484|0x00000006f9000000, 0x00000006f9400000, 0x00000006f9400000|100%|HC|  |TAMS 0x00000006f9400000| PB 0x00000006f9000000| Complete |  0
| 485|0x00000006f9400000, 0x00000006f9800000, 0x00000006f9800000|100%|HC|  |TAMS 0x00000006f9800000| PB 0x00000006f9400000| Complete |  0
| 486|0x00000006f9800000, 0x00000006f9c00000, 0x00000006f9c00000|100%|HC|  |TAMS 0x00000006f9c00000| PB 0x00000006f9800000| Complete |  0
| 487|0x00000006f9c00000, 0x00000006fa000000, 0x00000006fa000000|100%|HC|  |TAMS 0x00000006fa000000| PB 0x00000006f9c00000| Complete |  0
| 488|0x00000006fa000000, 0x00000006fa400000, 0x00000006fa400000|100%|HC|  |TAMS 0x00000006fa400000| PB 0x00000006fa000000| Complete |  0
| 489|0x00000006fa400000, 0x00000006fa800000, 0x00000006fa800000|100%|HC|  |TAMS 0x00000006fa800000| PB 0x00000006fa400000| Complete |  0
| 490|0x00000006fa800000, 0x00000006fac00000, 0x00000006fac00000|100%|HC|  |TAMS 0x00000006fac00000| PB 0x00000006fa800000| Complete |  0
| 491|0x00000006fac00000, 0x00000006fb000000, 0x00000006fb000000|100%|HC|  |TAMS 0x00000006fb000000| PB 0x00000006fac00000| Complete |  0
| 492|0x00000006fb000000, 0x00000006fb400000, 0x00000006fb400000|100%|HC|  |TAMS 0x00000006fb400000| PB 0x00000006fb000000| Complete |  0
| 493|0x00000006fb400000, 0x00000006fb800000, 0x00000006fb800000|100%|HC|  |TAMS 0x00000006fb800000| PB 0x00000006fb400000| Complete |  0
| 494|0x00000006fb800000, 0x00000006fbc00000, 0x00000006fbc00000|100%|HC|  |TAMS 0x00000006fbc00000| PB 0x00000006fb800000| Complete |  0
| 495|0x00000006fbc00000, 0x00000006fc000000, 0x00000006fc000000|100%|HC|  |TAMS 0x00000006fc000000| PB 0x00000006fbc00000| Complete |  0
| 496|0x00000006fc000000, 0x00000006fc400000, 0x00000006fc400000|100%|HC|  |TAMS 0x00000006fc400000| PB 0x00000006fc000000| Complete |  0
| 497|0x00000006fc400000, 0x00000006fc800000, 0x00000006fc800000|100%|HC|  |TAMS 0x00000006fc800000| PB 0x00000006fc400000| Complete |  0
| 498|0x00000006fc800000, 0x00000006fcc00000, 0x00000006fcc00000|100%|HC|  |TAMS 0x00000006fcc00000| PB 0x00000006fc800000| Complete |  0
| 499|0x00000006fcc00000, 0x00000006fd000000, 0x00000006fd000000|100%|HC|  |TAMS 0x00000006fd000000| PB 0x00000006fcc00000| Complete |  0
| 500|0x00000006fd000000, 0x00000006fd400000, 0x00000006fd400000|100%|HC|  |TAMS 0x00000006fd400000| PB 0x00000006fd000000| Complete |  0
| 501|0x00000006fd400000, 0x00000006fd800000, 0x00000006fd800000|100%| O|  |TAMS 0x00000006fd800000| PB 0x00000006fd400000| Untracked |  0
| 502|0x00000006fd800000, 0x00000006fdc00000, 0x00000006fdc00000|100%| O|  |TAMS 0x00000006fdc00000| PB 0x00000006fd800000| Untracked |  0
| 503|0x00000006fdc00000, 0x00000006fe000000, 0x00000006fe000000|100%| O|  |TAMS 0x00000006fe000000| PB 0x00000006fdc00000| Untracked |  0
| 504|0x00000006fe000000, 0x00000006fe400000, 0x00000006fe400000|100%| O|  |TAMS 0x00000006fe400000| PB 0x00000006fe000000| Untracked |  0
| 505|0x00000006fe400000, 0x00000006fe800000, 0x00000006fe800000|100%| O|  |TAMS 0x00000006fe800000| PB 0x00000006fe400000| Untracked |  0
| 506|0x00000006fe800000, 0x00000006fec00000, 0x00000006fec00000|100%| O|  |TAMS 0x00000006fec00000| PB 0x00000006fe800000| Untracked |  0
| 507|0x00000006fec00000, 0x00000006ff000000, 0x00000006ff000000|100%| O|  |TAMS 0x00000006ff000000| PB 0x00000006fec00000| Untracked |  0
| 508|0x00000006ff000000, 0x00000006ff400000, 0x00000006ff400000|100%| O|  |TAMS 0x00000006ff400000| PB 0x00000006ff000000| Untracked |  0
| 509|0x00000006ff400000, 0x00000006ff800000, 0x00000006ff800000|100%| O|  |TAMS 0x00000006ff800000| PB 0x00000006ff400000| Untracked |  0
| 510|0x00000006ff800000, 0x00000006ffc00000, 0x00000006ffc00000|100%| O|  |TAMS 0x00000006ffc00000| PB 0x00000006ff800000| Untracked |  0
| 511|0x00000006ffc00000, 0x0000000700000000, 0x0000000700000000|100%| O|  |TAMS 0x0000000700000000| PB 0x00000006ffc00000| Untracked |  0
| 512|0x0000000700000000, 0x0000000700400000, 0x0000000700400000|100%| O|  |TAMS 0x0000000700400000| PB 0x0000000700000000| Untracked |  0
| 513|0x0000000700400000, 0x0000000700800000, 0x0000000700800000|100%| O|  |TAMS 0x0000000700800000| PB 0x0000000700400000| Untracked |  0
| 514|0x0000000700800000, 0x0000000700c00000, 0x0000000700c00000|100%| O|  |TAMS 0x0000000700c00000| PB 0x0000000700800000| Untracked |  0
| 515|0x0000000700c00000, 0x0000000701000000, 0x0000000701000000|100%| O|  |TAMS 0x0000000701000000| PB 0x0000000700c00000| Untracked |  0
| 516|0x0000000701000000, 0x0000000701400000, 0x0000000701400000|100%| O|  |TAMS 0x0000000701400000| PB 0x0000000701000000| Untracked |  0
| 517|0x0000000701400000, 0x0000000701800000, 0x0000000701800000|100%| O|  |TAMS 0x0000000701800000| PB 0x0000000701400000| Untracked |  0
| 518|0x0000000701800000, 0x0000000701c00000, 0x0000000701c00000|100%| O|  |TAMS 0x0000000701c00000| PB 0x0000000701800000| Untracked |  0
| 519|0x0000000701c00000, 0x0000000702000000, 0x0000000702000000|100%| O|  |TAMS 0x0000000702000000| PB 0x0000000701c00000| Untracked |  0
| 520|0x0000000702000000, 0x0000000702400000, 0x0000000702400000|100%| O|  |TAMS 0x0000000702400000| PB 0x0000000702000000| Untracked |  0
| 521|0x0000000702400000, 0x0000000702800000, 0x0000000702800000|100%| O|  |TAMS 0x0000000702800000| PB 0x0000000702400000| Untracked |  0
| 522|0x0000000702800000, 0x0000000702c00000, 0x0000000702c00000|100%| O|  |TAMS 0x0000000702c00000| PB 0x0000000702800000| Untracked |  0
| 523|0x0000000702c00000, 0x0000000703000000, 0x0000000703000000|100%| O|  |TAMS 0x0000000703000000| PB 0x0000000702c00000| Untracked |  0
| 524|0x0000000703000000, 0x0000000703400000, 0x0000000703400000|100%| O|  |TAMS 0x0000000703400000| PB 0x0000000703000000| Untracked |  0
| 525|0x0000000703400000, 0x0000000703800000, 0x0000000703800000|100%| O|  |TAMS 0x0000000703800000| PB 0x0000000703400000| Untracked |  0
| 526|0x0000000703800000, 0x0000000703c00000, 0x0000000703c00000|100%| O|  |TAMS 0x0000000703c00000| PB 0x0000000703800000| Untracked |  0
| 527|0x0000000703c00000, 0x0000000704000000, 0x0000000704000000|100%| O|  |TAMS 0x0000000704000000| PB 0x0000000703c00000| Untracked |  0
| 528|0x0000000704000000, 0x0000000704400000, 0x0000000704400000|100%| O|  |TAMS 0x0000000704400000| PB 0x0000000704000000| Untracked |  0
| 529|0x0000000704400000, 0x0000000704800000, 0x0000000704800000|100%| O|  |TAMS 0x0000000704800000| PB 0x0000000704400000| Untracked |  0
| 530|0x0000000704800000, 0x0000000704c00000, 0x0000000704c00000|100%| O|  |TAMS 0x0000000704c00000| PB 0x0000000704800000| Untracked |  0
| 531|0x0000000704c00000, 0x0000000705000000, 0x0000000705000000|100%| O|  |TAMS 0x0000000705000000| PB 0x0000000704c00000| Untracked |  0
| 532|0x0000000705000000, 0x0000000705400000, 0x0000000705400000|100%| O|  |TAMS 0x0000000705400000| PB 0x0000000705000000| Untracked |  0
| 533|0x0000000705400000, 0x0000000705800000, 0x0000000705800000|100%| O|  |TAMS 0x0000000705800000| PB 0x0000000705400000| Untracked |  0
| 534|0x0000000705800000, 0x0000000705c00000, 0x0000000705c00000|100%| O|  |TAMS 0x0000000705c00000| PB 0x0000000705800000| Untracked |  0
| 535|0x0000000705c00000, 0x0000000706000000, 0x0000000706000000|100%| O|  |TAMS 0x0000000706000000| PB 0x0000000705c00000| Untracked |  0
| 536|0x0000000706000000, 0x0000000706400000, 0x0000000706400000|100%| O|  |TAMS 0x0000000706400000| PB 0x0000000706000000| Untracked |  0
| 537|0x0000000706400000, 0x0000000706800000, 0x0000000706800000|100%| O|  |TAMS 0x0000000706800000| PB 0x0000000706400000| Untracked |  0
| 538|0x0000000706800000, 0x0000000706c00000, 0x0000000706c00000|100%| O|  |TAMS 0x0000000706c00000| PB 0x0000000706800000| Untracked |  0
| 539|0x0000000706c00000, 0x0000000707000000, 0x0000000707000000|100%| O|  |TAMS 0x0000000707000000| PB 0x0000000706c00000| Untracked |  0
| 540|0x0000000707000000, 0x0000000707400000, 0x0000000707400000|100%| O|  |TAMS 0x0000000707400000| PB 0x0000000707000000| Untracked |  0
| 541|0x0000000707400000, 0x0000000707800000, 0x0000000707800000|100%| O|  |TAMS 0x0000000707800000| PB 0x0000000707400000| Untracked |  0
| 542|0x0000000707800000, 0x0000000707c00000, 0x0000000707c00000|100%| O|  |TAMS 0x0000000707c00000| PB 0x0000000707800000| Untracked |  0
| 543|0x0000000707c00000, 0x0000000708000000, 0x0000000708000000|100%| O|  |TAMS 0x0000000708000000| PB 0x0000000707c00000| Untracked |  0
| 544|0x0000000708000000, 0x0000000708400000, 0x0000000708400000|100%| O|  |TAMS 0x0000000708400000| PB 0x0000000708000000| Untracked |  0
| 545|0x0000000708400000, 0x0000000708800000, 0x0000000708800000|100%| O|  |TAMS 0x0000000708800000| PB 0x0000000708400000| Untracked |  0
| 546|0x0000000708800000, 0x0000000708c00000, 0x0000000708c00000|100%| O|  |TAMS 0x0000000708c00000| PB 0x0000000708800000| Untracked |  0
| 547|0x0000000708c00000, 0x0000000709000000, 0x0000000709000000|100%| O|  |TAMS 0x0000000709000000| PB 0x0000000708c00000| Untracked |  0
| 548|0x0000000709000000, 0x0000000709400000, 0x0000000709400000|100%| O|  |TAMS 0x0000000709400000| PB 0x0000000709000000| Untracked |  0
| 549|0x0000000709400000, 0x0000000709800000, 0x0000000709800000|100%| O|  |TAMS 0x0000000709800000| PB 0x0000000709400000| Untracked |  0
| 550|0x0000000709800000, 0x0000000709c00000, 0x0000000709c00000|100%| O|  |TAMS 0x0000000709c00000| PB 0x0000000709800000| Untracked |  0
| 551|0x0000000709c00000, 0x000000070a000000, 0x000000070a000000|100%| O|  |TAMS 0x000000070a000000| PB 0x0000000709c00000| Untracked |  0
| 552|0x000000070a000000, 0x000000070a400000, 0x000000070a400000|100%| O|  |TAMS 0x000000070a400000| PB 0x000000070a000000| Untracked |  0
| 553|0x000000070a400000, 0x000000070a800000, 0x000000070a800000|100%| O|  |TAMS 0x000000070a800000| PB 0x000000070a400000| Untracked |  0
| 554|0x000000070a800000, 0x000000070ac00000, 0x000000070ac00000|100%| O|  |TAMS 0x000000070ac00000| PB 0x000000070a800000| Untracked |  0
| 555|0x000000070ac00000, 0x000000070b000000, 0x000000070b000000|100%| O|  |TAMS 0x000000070b000000| PB 0x000000070ac00000| Untracked |  0
| 556|0x000000070b000000, 0x000000070b400000, 0x000000070b400000|100%| O|  |TAMS 0x000000070b400000| PB 0x000000070b000000| Untracked |  0
| 557|0x000000070b400000, 0x000000070b800000, 0x000000070b800000|100%| O|  |TAMS 0x000000070b800000| PB 0x000000070b400000| Untracked |  0
| 558|0x000000070b800000, 0x000000070bc00000, 0x000000070bc00000|100%| O|  |TAMS 0x000000070bc00000| PB 0x000000070b800000| Untracked |  0
| 559|0x000000070bc00000, 0x000000070c000000, 0x000000070c000000|100%| O|  |TAMS 0x000000070c000000| PB 0x000000070bc00000| Untracked |  0
| 560|0x000000070c000000, 0x000000070c400000, 0x000000070c400000|100%| O|  |TAMS 0x000000070c400000| PB 0x000000070c000000| Untracked |  0
| 561|0x000000070c400000, 0x000000070c800000, 0x000000070c800000|100%| O|  |TAMS 0x000000070c800000| PB 0x000000070c400000| Untracked |  0
| 562|0x000000070c800000, 0x000000070cc00000, 0x000000070cc00000|100%| O|  |TAMS 0x000000070cc00000| PB 0x000000070c800000| Untracked |  0
| 563|0x000000070cc00000, 0x000000070d000000, 0x000000070d000000|100%| O|  |TAMS 0x000000070d000000| PB 0x000000070cc00000| Untracked |  0
| 564|0x000000070d000000, 0x000000070d400000, 0x000000070d400000|100%| O|  |TAMS 0x000000070d400000| PB 0x000000070d000000| Untracked |  0
| 565|0x000000070d400000, 0x000000070d800000, 0x000000070d800000|100%| O|  |TAMS 0x000000070d800000| PB 0x000000070d400000| Untracked |  0
| 566|0x000000070d800000, 0x000000070dc00000, 0x000000070dc00000|100%| O|  |TAMS 0x000000070dc00000| PB 0x000000070d800000| Untracked |  0
| 567|0x000000070dc00000, 0x000000070e000000, 0x000000070e000000|100%| O|  |TAMS 0x000000070e000000| PB 0x000000070dc00000| Untracked |  0
| 568|0x000000070e000000, 0x000000070e400000, 0x000000070e400000|100%| O|  |TAMS 0x000000070e400000| PB 0x000000070e000000| Untracked |  0
| 569|0x000000070e400000, 0x000000070e800000, 0x000000070e800000|100%| O|  |TAMS 0x000000070e800000| PB 0x000000070e400000| Untracked |  0
| 570|0x000000070e800000, 0x000000070ec00000, 0x000000070ec00000|100%| O|  |TAMS 0x000000070ec00000| PB 0x000000070e800000| Untracked |  0
| 571|0x000000070ec00000, 0x000000070f000000, 0x000000070f000000|100%| O|  |TAMS 0x000000070f000000| PB 0x000000070ec00000| Untracked |  0
| 572|0x000000070f000000, 0x000000070f400000, 0x000000070f400000|100%| O|  |TAMS 0x000000070f400000| PB 0x000000070f000000| Untracked |  0
| 573|0x000000070f400000, 0x000000070f800000, 0x000000070f800000|100%| O|  |TAMS 0x000000070f400000| PB 0x000000070f400000| Untracked |  0
| 574|0x000000070f800000, 0x000000070fc00000, 0x000000070fc00000|100%| O|  |TAMS 0x000000070f800000| PB 0x000000070f800000| Untracked |  0
| 575|0x000000070fc00000, 0x0000000710000000, 0x0000000710000000|100%| O|  |TAMS 0x000000070fc00000| PB 0x000000070fc00000| Untracked |  0
| 576|0x0000000710000000, 0x0000000710400000, 0x0000000710400000|100%| O|  |TAMS 0x0000000710000000| PB 0x0000000710000000| Untracked |  0
| 577|0x0000000710400000, 0x0000000710800000, 0x0000000710800000|100%| O|  |TAMS 0x0000000710400000| PB 0x0000000710400000| Untracked |  0
| 578|0x0000000710800000, 0x0000000710c00000, 0x0000000710c00000|100%| O|  |TAMS 0x0000000710800000| PB 0x0000000710800000| Untracked |  0
| 579|0x0000000710c00000, 0x0000000711000000, 0x0000000711000000|100%| O|  |TAMS 0x0000000710c00000| PB 0x0000000710c00000| Untracked |  0
| 580|0x0000000711000000, 0x0000000711400000, 0x0000000711400000|100%| O|  |TAMS 0x0000000711000000| PB 0x0000000711000000| Untracked |  0
| 581|0x0000000711400000, 0x0000000711800000, 0x0000000711800000|100%| O|  |TAMS 0x0000000711400000| PB 0x0000000711400000| Untracked |  0
| 582|0x0000000711800000, 0x0000000711c00000, 0x0000000711c00000|100%| O|  |TAMS 0x0000000711800000| PB 0x0000000711800000| Untracked |  0
| 583|0x0000000711c00000, 0x0000000712000000, 0x0000000712000000|100%| O|  |TAMS 0x0000000711c00000| PB 0x0000000711c00000| Untracked |  0
| 584|0x0000000712000000, 0x0000000712400000, 0x0000000712400000|100%| O|  |TAMS 0x0000000712000000| PB 0x0000000712000000| Untracked |  0
| 585|0x0000000712400000, 0x0000000712800000, 0x0000000712800000|100%| O|  |TAMS 0x0000000712400000| PB 0x0000000712400000| Untracked |  0
| 586|0x0000000712800000, 0x0000000712c00000, 0x0000000712c00000|100%| O|  |TAMS 0x0000000712800000| PB 0x0000000712800000| Untracked |  0
| 587|0x0000000712c00000, 0x0000000713000000, 0x0000000713000000|100%| O|  |TAMS 0x0000000712c00000| PB 0x0000000712c00000| Untracked |  0
| 588|0x0000000713000000, 0x0000000713400000, 0x0000000713400000|100%| O|  |TAMS 0x0000000713000000| PB 0x0000000713000000| Untracked |  0
| 589|0x0000000713400000, 0x0000000713800000, 0x0000000713800000|100%| O|  |TAMS 0x0000000713400000| PB 0x0000000713400000| Untracked |  0
| 590|0x0000000713800000, 0x0000000713c00000, 0x0000000713c00000|100%| O|  |TAMS 0x0000000713800000| PB 0x0000000713800000| Untracked |  0
| 591|0x0000000713c00000, 0x0000000714000000, 0x0000000714000000|100%| O|  |TAMS 0x0000000713c00000| PB 0x0000000713c00000| Untracked |  0
| 592|0x0000000714000000, 0x0000000714400000, 0x0000000714400000|100%| O|  |TAMS 0x0000000714000000| PB 0x0000000714000000| Untracked |  0
| 593|0x0000000714400000, 0x0000000714800000, 0x0000000714800000|100%| O|  |TAMS 0x0000000714400000| PB 0x0000000714400000| Untracked |  0
| 594|0x0000000714800000, 0x0000000714c00000, 0x0000000714c00000|100%| O|  |TAMS 0x0000000714800000| PB 0x0000000714800000| Untracked |  0
| 595|0x0000000714c00000, 0x0000000715000000, 0x0000000715000000|100%| O|  |TAMS 0x0000000714c00000| PB 0x0000000714c00000| Untracked |  0
| 596|0x0000000715000000, 0x0000000715400000, 0x0000000715400000|100%| O|  |TAMS 0x0000000715000000| PB 0x0000000715000000| Untracked |  0
| 597|0x0000000715400000, 0x0000000715800000, 0x0000000715800000|100%| O|  |TAMS 0x0000000715400000| PB 0x0000000715400000| Untracked |  0
| 598|0x0000000715800000, 0x0000000715c00000, 0x0000000715c00000|100%| O|  |TAMS 0x0000000715800000| PB 0x0000000715800000| Untracked |  0
| 599|0x0000000715c00000, 0x0000000716000000, 0x0000000716000000|100%| O|  |TAMS 0x0000000715c00000| PB 0x0000000715c00000| Untracked |  0
| 600|0x0000000716000000, 0x0000000716400000, 0x0000000716400000|100%| O|  |TAMS 0x0000000716000000| PB 0x0000000716000000| Untracked |  0
| 601|0x0000000716400000, 0x0000000716800000, 0x0000000716800000|100%| O|  |TAMS 0x0000000716400000| PB 0x0000000716400000| Untracked |  0
| 602|0x0000000716800000, 0x0000000716c00000, 0x0000000716c00000|100%| O|  |TAMS 0x0000000716800000| PB 0x0000000716800000| Untracked |  0
| 603|0x0000000716c00000, 0x0000000717000000, 0x0000000717000000|100%| O|  |TAMS 0x0000000716c00000| PB 0x0000000716c00000| Untracked |  0
| 604|0x0000000717000000, 0x0000000717400000, 0x0000000717400000|100%| O|  |TAMS 0x0000000717000000| PB 0x0000000717000000| Untracked |  0
| 605|0x0000000717400000, 0x0000000717800000, 0x0000000717800000|100%| O|  |TAMS 0x0000000717400000| PB 0x0000000717400000| Untracked |  0
| 606|0x0000000717800000, 0x0000000717c00000, 0x0000000717c00000|100%| O|  |TAMS 0x0000000717800000| PB 0x0000000717800000| Untracked |  0
| 607|0x0000000717c00000, 0x0000000718000000, 0x0000000718000000|100%| O|  |TAMS 0x0000000717c00000| PB 0x0000000717c00000| Untracked |  0
| 608|0x0000000718000000, 0x0000000718400000, 0x0000000718400000|100%| O|  |TAMS 0x0000000718000000| PB 0x0000000718000000| Untracked |  0
| 609|0x0000000718400000, 0x0000000718800000, 0x0000000718800000|100%| O|  |TAMS 0x0000000718400000| PB 0x0000000718400000| Untracked |  0
| 610|0x0000000718800000, 0x0000000718c00000, 0x0000000718c00000|100%| O|  |TAMS 0x0000000718800000| PB 0x0000000718800000| Untracked |  0
| 611|0x0000000718c00000, 0x0000000719000000, 0x0000000719000000|100%| O|  |TAMS 0x0000000718c00000| PB 0x0000000718c00000| Untracked |  0
| 612|0x0000000719000000, 0x0000000719400000, 0x0000000719400000|100%| O|  |TAMS 0x0000000719000000| PB 0x0000000719000000| Untracked |  0
| 613|0x0000000719400000, 0x0000000719800000, 0x0000000719800000|100%| O|  |TAMS 0x0000000719400000| PB 0x0000000719400000| Untracked |  0
| 614|0x0000000719800000, 0x0000000719c00000, 0x0000000719c00000|100%| O|  |TAMS 0x0000000719800000| PB 0x0000000719800000| Untracked |  0
| 615|0x0000000719c00000, 0x000000071a000000, 0x000000071a000000|100%| O|  |TAMS 0x0000000719c00000| PB 0x0000000719c00000| Untracked |  0
| 616|0x000000071a000000, 0x000000071a400000, 0x000000071a400000|100%| O|  |TAMS 0x000000071a000000| PB 0x000000071a000000| Untracked |  0
| 617|0x000000071a400000, 0x000000071a800000, 0x000000071a800000|100%| O|  |TAMS 0x000000071a400000| PB 0x000000071a400000| Untracked |  0
| 618|0x000000071a800000, 0x000000071ac00000, 0x000000071ac00000|100%| O|  |TAMS 0x000000071a800000| PB 0x000000071a800000| Untracked |  0
| 619|0x000000071ac00000, 0x000000071b000000, 0x000000071b000000|100%| O|  |TAMS 0x000000071ac00000| PB 0x000000071ac00000| Untracked |  0
| 620|0x000000071b000000, 0x000000071b400000, 0x000000071b400000|100%| O|  |TAMS 0x000000071b000000| PB 0x000000071b000000| Untracked |  0
| 621|0x000000071b400000, 0x000000071b800000, 0x000000071b800000|100%| O|  |TAMS 0x000000071b400000| PB 0x000000071b400000| Untracked |  0
| 622|0x000000071b800000, 0x000000071bc00000, 0x000000071bc00000|100%| O|  |TAMS 0x000000071b800000| PB 0x000000071b800000| Untracked |  0
| 623|0x000000071bc00000, 0x000000071c000000, 0x000000071c000000|100%| O|  |TAMS 0x000000071bc00000| PB 0x000000071bc00000| Untracked |  0
| 624|0x000000071c000000, 0x000000071c400000, 0x000000071c400000|100%| O|  |TAMS 0x000000071c000000| PB 0x000000071c000000| Untracked |  0
| 625|0x000000071c400000, 0x000000071c800000, 0x000000071c800000|100%| O|  |TAMS 0x000000071c400000| PB 0x000000071c400000| Untracked |  0
| 626|0x000000071c800000, 0x000000071cc00000, 0x000000071cc00000|100%| O|  |TAMS 0x000000071c800000| PB 0x000000071c800000| Untracked |  0
| 627|0x000000071cc00000, 0x000000071d000000, 0x000000071d000000|100%| O|  |TAMS 0x000000071cc00000| PB 0x000000071cc00000| Untracked |  0
| 628|0x000000071d000000, 0x000000071d400000, 0x000000071d400000|100%| O|  |TAMS 0x000000071d000000| PB 0x000000071d000000| Untracked |  0
| 629|0x000000071d400000, 0x000000071d800000, 0x000000071d800000|100%| O|  |TAMS 0x000000071d400000| PB 0x000000071d400000| Untracked |  0
| 630|0x000000071d800000, 0x000000071dc00000, 0x000000071dc00000|100%| O|  |TAMS 0x000000071d800000| PB 0x000000071d800000| Untracked |  0
| 631|0x000000071dc00000, 0x000000071e000000, 0x000000071e000000|100%| O|  |TAMS 0x000000071dc00000| PB 0x000000071dc00000| Untracked |  0
| 632|0x000000071e000000, 0x000000071e400000, 0x000000071e400000|100%| O|  |TAMS 0x000000071e000000| PB 0x000000071e000000| Untracked |  0
| 633|0x000000071e400000, 0x000000071e800000, 0x000000071e800000|100%| O|  |TAMS 0x000000071e400000| PB 0x000000071e400000| Untracked |  0
| 634|0x000000071e800000, 0x000000071ec00000, 0x000000071ec00000|100%| O|  |TAMS 0x000000071e800000| PB 0x000000071e800000| Untracked |  0
| 635|0x000000071ec00000, 0x000000071f000000, 0x000000071f000000|100%| O|  |TAMS 0x000000071ec00000| PB 0x000000071ec00000| Untracked |  0
| 636|0x000000071f000000, 0x000000071f400000, 0x000000071f400000|100%| O|  |TAMS 0x000000071f000000| PB 0x000000071f000000| Untracked |  0
| 637|0x000000071f400000, 0x000000071f800000, 0x000000071f800000|100%| O|  |TAMS 0x000000071f400000| PB 0x000000071f400000| Untracked |  0
| 638|0x000000071f800000, 0x000000071fc00000, 0x000000071fc00000|100%| O|  |TAMS 0x000000071f800000| PB 0x000000071f800000| Untracked |  0
| 639|0x000000071fc00000, 0x0000000720000000, 0x0000000720000000|100%| O|  |TAMS 0x000000071fc00000| PB 0x000000071fc00000| Untracked |  0
| 640|0x0000000720000000, 0x0000000720400000, 0x0000000720400000|100%| O|  |TAMS 0x0000000720000000| PB 0x0000000720000000| Untracked |  0
| 641|0x0000000720400000, 0x0000000720800000, 0x0000000720800000|100%| O|  |TAMS 0x0000000720400000| PB 0x0000000720400000| Untracked |  0
| 642|0x0000000720800000, 0x0000000720c00000, 0x0000000720c00000|100%| O|  |TAMS 0x0000000720800000| PB 0x0000000720800000| Untracked |  0
| 643|0x0000000720c00000, 0x0000000721000000, 0x0000000721000000|100%| O|  |TAMS 0x0000000720c00000| PB 0x0000000720c00000| Untracked |  0
| 644|0x0000000721000000, 0x0000000721400000, 0x0000000721400000|100%| O|  |TAMS 0x0000000721000000| PB 0x0000000721000000| Untracked |  0
| 645|0x0000000721400000, 0x0000000721800000, 0x0000000721800000|100%| O|  |TAMS 0x0000000721400000| PB 0x0000000721400000| Untracked |  0
| 646|0x0000000721800000, 0x0000000721c00000, 0x0000000721c00000|100%| O|  |TAMS 0x0000000721800000| PB 0x0000000721800000| Untracked |  0
| 647|0x0000000721c00000, 0x0000000722000000, 0x0000000722000000|100%| O|  |TAMS 0x0000000721c00000| PB 0x0000000721c00000| Untracked |  0
| 648|0x0000000722000000, 0x0000000722400000, 0x0000000722400000|100%| O|  |TAMS 0x0000000722000000| PB 0x0000000722000000| Untracked |  0
| 649|0x0000000722400000, 0x0000000722800000, 0x0000000722800000|100%| O|  |TAMS 0x0000000722400000| PB 0x0000000722400000| Untracked |  0
| 650|0x0000000722800000, 0x0000000722c00000, 0x0000000722c00000|100%| O|  |TAMS 0x0000000722800000| PB 0x0000000722800000| Untracked |  0
| 651|0x0000000722c00000, 0x0000000723000000, 0x0000000723000000|100%| O|  |TAMS 0x0000000722c00000| PB 0x0000000722c00000| Untracked |  0
| 652|0x0000000723000000, 0x0000000723400000, 0x0000000723400000|100%| O|  |TAMS 0x0000000723000000| PB 0x0000000723000000| Untracked |  0
| 653|0x0000000723400000, 0x0000000723800000, 0x0000000723800000|100%| O|  |TAMS 0x0000000723400000| PB 0x0000000723400000| Untracked |  0
| 654|0x0000000723800000, 0x0000000723c00000, 0x0000000723c00000|100%| O|  |TAMS 0x0000000723800000| PB 0x0000000723800000| Untracked |  0
| 655|0x0000000723c00000, 0x0000000724000000, 0x0000000724000000|100%| O|  |TAMS 0x0000000723c00000| PB 0x0000000723c00000| Untracked |  0
| 656|0x0000000724000000, 0x0000000724400000, 0x0000000724400000|100%| O|  |TAMS 0x0000000724000000| PB 0x0000000724000000| Untracked |  0
| 657|0x0000000724400000, 0x0000000724800000, 0x0000000724800000|100%| O|  |TAMS 0x0000000724400000| PB 0x0000000724400000| Untracked |  0
| 658|0x0000000724800000, 0x0000000724c00000, 0x0000000724c00000|100%| O|  |TAMS 0x0000000724800000| PB 0x0000000724800000| Untracked |  0
| 659|0x0000000724c00000, 0x0000000725000000, 0x0000000725000000|100%| O|  |TAMS 0x0000000724c00000| PB 0x0000000724c00000| Untracked |  0
| 660|0x0000000725000000, 0x0000000725400000, 0x0000000725400000|100%| O|  |TAMS 0x0000000725000000| PB 0x0000000725000000| Untracked |  0
| 661|0x0000000725400000, 0x0000000725800000, 0x0000000725800000|100%| O|  |TAMS 0x0000000725400000| PB 0x0000000725400000| Untracked |  0
| 662|0x0000000725800000, 0x0000000725c00000, 0x0000000725c00000|100%| O|  |TAMS 0x0000000725800000| PB 0x0000000725800000| Untracked |  0
| 663|0x0000000725c00000, 0x0000000726000000, 0x0000000726000000|100%| O|  |TAMS 0x0000000725c00000| PB 0x0000000725c00000| Untracked |  0
| 664|0x0000000726000000, 0x0000000726400000, 0x0000000726400000|100%| O|  |TAMS 0x0000000726000000| PB 0x0000000726000000| Untracked |  0
| 665|0x0000000726400000, 0x0000000726800000, 0x0000000726800000|100%| O|  |TAMS 0x0000000726400000| PB 0x0000000726400000| Untracked |  0
| 666|0x0000000726800000, 0x0000000726c00000, 0x0000000726c00000|100%| O|  |TAMS 0x0000000726800000| PB 0x0000000726800000| Untracked |  0
| 667|0x0000000726c00000, 0x0000000727000000, 0x0000000727000000|100%| O|  |TAMS 0x0000000726c00000| PB 0x0000000726c00000| Untracked |  0
| 668|0x0000000727000000, 0x0000000727400000, 0x0000000727400000|100%| O|  |TAMS 0x0000000727000000| PB 0x0000000727000000| Untracked |  0
| 669|0x0000000727400000, 0x0000000727800000, 0x0000000727800000|100%| O|  |TAMS 0x0000000727400000| PB 0x0000000727400000| Untracked |  0
| 670|0x0000000727800000, 0x0000000727c00000, 0x0000000727c00000|100%| O|  |TAMS 0x0000000727800000| PB 0x0000000727800000| Untracked |  0
| 671|0x0000000727c00000, 0x0000000728000000, 0x0000000728000000|100%| O|  |TAMS 0x0000000727c00000| PB 0x0000000727c00000| Untracked |  0
| 672|0x0000000728000000, 0x0000000728400000, 0x0000000728400000|100%| O|  |TAMS 0x0000000728000000| PB 0x0000000728000000| Untracked |  0
| 673|0x0000000728400000, 0x0000000728800000, 0x0000000728800000|100%| O|  |TAMS 0x0000000728400000| PB 0x0000000728400000| Untracked |  0
| 674|0x0000000728800000, 0x0000000728c00000, 0x0000000728c00000|100%| O|  |TAMS 0x0000000728800000| PB 0x0000000728800000| Untracked |  0
| 675|0x0000000728c00000, 0x0000000729000000, 0x0000000729000000|100%| O|  |TAMS 0x0000000728c00000| PB 0x0000000728c00000| Untracked |  0
| 676|0x0000000729000000, 0x0000000729400000, 0x0000000729400000|100%| O|  |TAMS 0x0000000729000000| PB 0x0000000729000000| Untracked |  0
| 677|0x0000000729400000, 0x0000000729800000, 0x0000000729800000|100%| O|  |TAMS 0x0000000729400000| PB 0x0000000729400000| Untracked |  0
| 678|0x0000000729800000, 0x0000000729c00000, 0x0000000729c00000|100%| O|  |TAMS 0x0000000729800000| PB 0x0000000729800000| Untracked |  0
| 679|0x0000000729c00000, 0x000000072a000000, 0x000000072a000000|100%| O|  |TAMS 0x0000000729c00000| PB 0x0000000729c00000| Untracked |  0
| 680|0x000000072a000000, 0x000000072a400000, 0x000000072a400000|100%| O|  |TAMS 0x000000072a000000| PB 0x000000072a000000| Untracked |  0
| 681|0x000000072a400000, 0x000000072a800000, 0x000000072a800000|100%| O|  |TAMS 0x000000072a400000| PB 0x000000072a400000| Untracked |  0
| 682|0x000000072a800000, 0x000000072ac00000, 0x000000072ac00000|100%| O|  |TAMS 0x000000072a800000| PB 0x000000072a800000| Untracked |  0
| 683|0x000000072ac00000, 0x000000072b000000, 0x000000072b000000|100%| O|  |TAMS 0x000000072ac00000| PB 0x000000072ac00000| Untracked |  0
| 684|0x000000072b000000, 0x000000072b400000, 0x000000072b400000|100%| O|  |TAMS 0x000000072b000000| PB 0x000000072b000000| Untracked |  0
| 685|0x000000072b400000, 0x000000072b800000, 0x000000072b800000|100%| O|  |TAMS 0x000000072b400000| PB 0x000000072b400000| Untracked |  0
| 686|0x000000072b800000, 0x000000072bc00000, 0x000000072bc00000|100%| O|  |TAMS 0x000000072b800000| PB 0x000000072b800000| Untracked |  0
| 687|0x000000072bc00000, 0x000000072c000000, 0x000000072c000000|100%| O|  |TAMS 0x000000072bc00000| PB 0x000000072bc00000| Untracked |  0
| 688|0x000000072c000000, 0x000000072c400000, 0x000000072c400000|100%| O|  |TAMS 0x000000072c000000| PB 0x000000072c000000| Untracked |  0
| 689|0x000000072c400000, 0x000000072c800000, 0x000000072c800000|100%| O|  |TAMS 0x000000072c400000| PB 0x000000072c400000| Untracked |  0
| 690|0x000000072c800000, 0x000000072cc00000, 0x000000072cc00000|100%| O|  |TAMS 0x000000072c800000| PB 0x000000072c800000| Untracked |  0
| 691|0x000000072cc00000, 0x000000072d000000, 0x000000072d000000|100%| O|  |TAMS 0x000000072cc00000| PB 0x000000072cc00000| Untracked |  0
| 692|0x000000072d000000, 0x000000072d400000, 0x000000072d400000|100%| O|  |TAMS 0x000000072d000000| PB 0x000000072d000000| Untracked |  0
| 693|0x000000072d400000, 0x000000072d800000, 0x000000072d800000|100%| O|  |TAMS 0x000000072d400000| PB 0x000000072d400000| Untracked |  0
| 694|0x000000072d800000, 0x000000072dc00000, 0x000000072dc00000|100%| O|  |TAMS 0x000000072d800000| PB 0x000000072d800000| Untracked |  0
| 695|0x000000072dc00000, 0x000000072e000000, 0x000000072e000000|100%| O|  |TAMS 0x000000072dc00000| PB 0x000000072dc00000| Untracked |  0
| 696|0x000000072e000000, 0x000000072e400000, 0x000000072e400000|100%| O|  |TAMS 0x000000072e000000| PB 0x000000072e000000| Untracked |  0
| 697|0x000000072e400000, 0x000000072e800000, 0x000000072e800000|100%| O|  |TAMS 0x000000072e400000| PB 0x000000072e400000| Untracked |  0
| 698|0x000000072e800000, 0x000000072ec00000, 0x000000072ec00000|100%| O|  |TAMS 0x000000072e800000| PB 0x000000072e800000| Untracked |  0
| 699|0x000000072ec00000, 0x000000072f000000, 0x000000072f000000|100%| O|  |TAMS 0x000000072ec00000| PB 0x000000072ec00000| Untracked |  0
| 700|0x000000072f000000, 0x000000072f400000, 0x000000072f400000|100%| O|  |TAMS 0x000000072f000000| PB 0x000000072f000000| Untracked |  0
| 701|0x000000072f400000, 0x000000072f800000, 0x000000072f800000|100%| O|  |TAMS 0x000000072f400000| PB 0x000000072f400000| Untracked |  0
| 702|0x000000072f800000, 0x000000072fc00000, 0x000000072fc00000|100%| O|  |TAMS 0x000000072f800000| PB 0x000000072f800000| Untracked |  0
| 703|0x000000072fc00000, 0x0000000730000000, 0x0000000730000000|100%| O|  |TAMS 0x000000072fc00000| PB 0x000000072fc00000| Untracked |  0
| 704|0x0000000730000000, 0x0000000730400000, 0x0000000730400000|100%| O|  |TAMS 0x0000000730000000| PB 0x0000000730000000| Untracked |  0
| 705|0x0000000730400000, 0x0000000730800000, 0x0000000730800000|100%| O|  |TAMS 0x0000000730400000| PB 0x0000000730400000| Untracked |  0
| 706|0x0000000730800000, 0x0000000730c00000, 0x0000000730c00000|100%| O|  |TAMS 0x0000000730800000| PB 0x0000000730800000| Untracked |  0
| 707|0x0000000730c00000, 0x0000000731000000, 0x0000000731000000|100%| O|  |TAMS 0x0000000730c00000| PB 0x0000000730c00000| Untracked |  0
| 708|0x0000000731000000, 0x0000000731400000, 0x0000000731400000|100%| O|  |TAMS 0x0000000731000000| PB 0x0000000731000000| Untracked |  0
| 709|0x0000000731400000, 0x0000000731800000, 0x0000000731800000|100%| O|  |TAMS 0x0000000731400000| PB 0x0000000731400000| Untracked |  0
| 710|0x0000000731800000, 0x0000000731c00000, 0x0000000731c00000|100%| O|  |TAMS 0x0000000731800000| PB 0x0000000731800000| Untracked |  0
| 711|0x0000000731c00000, 0x0000000732000000, 0x0000000732000000|100%| O|  |TAMS 0x0000000731c00000| PB 0x0000000731c00000| Untracked |  0
| 712|0x0000000732000000, 0x0000000732400000, 0x0000000732400000|100%| O|  |TAMS 0x0000000732000000| PB 0x0000000732000000| Untracked |  0
| 713|0x0000000732400000, 0x0000000732800000, 0x0000000732800000|100%| O|  |TAMS 0x0000000732400000| PB 0x0000000732400000| Untracked |  0
| 714|0x0000000732800000, 0x0000000732c00000, 0x0000000732c00000|100%| O|  |TAMS 0x0000000732800000| PB 0x0000000732800000| Untracked |  0
| 715|0x0000000732c00000, 0x0000000733000000, 0x0000000733000000|100%| O|  |TAMS 0x0000000732c00000| PB 0x0000000732c00000| Untracked |  0
| 716|0x0000000733000000, 0x0000000733400000, 0x0000000733400000|100%| O|  |TAMS 0x0000000733000000| PB 0x0000000733000000| Untracked |  0
| 717|0x0000000733400000, 0x0000000733800000, 0x0000000733800000|100%| O|  |TAMS 0x0000000733400000| PB 0x0000000733400000| Untracked |  0
| 718|0x0000000733800000, 0x0000000733c00000, 0x0000000733c00000|100%| O|  |TAMS 0x0000000733800000| PB 0x0000000733800000| Untracked |  0
| 719|0x0000000733c00000, 0x0000000734000000, 0x0000000734000000|100%| O|  |TAMS 0x0000000733c00000| PB 0x0000000733c00000| Untracked |  0
| 720|0x0000000734000000, 0x0000000734400000, 0x0000000734400000|100%| O|  |TAMS 0x0000000734000000| PB 0x0000000734000000| Untracked |  0
| 721|0x0000000734400000, 0x0000000734800000, 0x0000000734800000|100%| O|  |TAMS 0x0000000734400000| PB 0x0000000734400000| Untracked |  0
| 722|0x0000000734800000, 0x0000000734c00000, 0x0000000734c00000|100%| O|  |TAMS 0x0000000734800000| PB 0x0000000734800000| Untracked |  0
| 723|0x0000000734c00000, 0x0000000735000000, 0x0000000735000000|100%| O|  |TAMS 0x0000000734c00000| PB 0x0000000734c00000| Untracked |  0
| 724|0x0000000735000000, 0x0000000735400000, 0x0000000735400000|100%| O|  |TAMS 0x0000000735000000| PB 0x0000000735000000| Untracked |  0
| 725|0x0000000735400000, 0x0000000735800000, 0x0000000735800000|100%| O|  |TAMS 0x0000000735400000| PB 0x0000000735400000| Untracked |  0
| 726|0x0000000735800000, 0x0000000735c00000, 0x0000000735c00000|100%| O|  |TAMS 0x0000000735800000| PB 0x0000000735800000| Untracked |  0
| 727|0x0000000735c00000, 0x0000000735c00000, 0x0000000736000000|  0%| F|  |TAMS 0x0000000735c00000| PB 0x0000000735c00000| Untracked |  0
| 728|0x0000000736000000, 0x0000000736000000, 0x0000000736400000|  0%| F|  |TAMS 0x0000000736000000| PB 0x0000000736000000| Untracked |  0
| 729|0x0000000736400000, 0x0000000736400000, 0x0000000736800000|  0%| F|  |TAMS 0x0000000736400000| PB 0x0000000736400000| Untracked |  0
| 730|0x0000000736800000, 0x0000000736800000, 0x0000000736c00000|  0%| F|  |TAMS 0x0000000736800000| PB 0x0000000736800000| Untracked |  0
| 731|0x0000000736c00000, 0x0000000736c00000, 0x0000000737000000|  0%| F|  |TAMS 0x0000000736c00000| PB 0x0000000736c00000| Untracked |  0
| 732|0x0000000737000000, 0x0000000737000000, 0x0000000737400000|  0%| F|  |TAMS 0x0000000737000000| PB 0x0000000737000000| Untracked |  0
| 733|0x0000000737400000, 0x0000000737400000, 0x0000000737800000|  0%| F|  |TAMS 0x0000000737400000| PB 0x0000000737400000| Untracked |  0
| 734|0x0000000737800000, 0x0000000737800000, 0x0000000737c00000|  0%| F|  |TAMS 0x0000000737800000| PB 0x0000000737800000| Untracked |  0
| 735|0x0000000737c00000, 0x0000000737c00000, 0x0000000738000000|  0%| F|  |TAMS 0x0000000737c00000| PB 0x0000000737c00000| Untracked |  0
| 736|0x0000000738000000, 0x0000000738000000, 0x0000000738400000|  0%| F|  |TAMS 0x0000000738000000| PB 0x0000000738000000| Untracked |  0
| 737|0x0000000738400000, 0x0000000738400000, 0x0000000738800000|  0%| F|  |TAMS 0x0000000738400000| PB 0x0000000738400000| Untracked |  0
| 738|0x0000000738800000, 0x0000000738800000, 0x0000000738c00000|  0%| F|  |TAMS 0x0000000738800000| PB 0x0000000738800000| Untracked |  0
| 739|0x0000000738c00000, 0x0000000738c00000, 0x0000000739000000|  0%| F|  |TAMS 0x0000000738c00000| PB 0x0000000738c00000| Untracked |  0
| 740|0x0000000739000000, 0x0000000739000000, 0x0000000739400000|  0%| F|  |TAMS 0x0000000739000000| PB 0x0000000739000000| Untracked |  0
| 741|0x0000000739400000, 0x0000000739400000, 0x0000000739800000|  0%| F|  |TAMS 0x0000000739400000| PB 0x0000000739400000| Untracked |  0
| 742|0x0000000739800000, 0x0000000739800000, 0x0000000739c00000|  0%| F|  |TAMS 0x0000000739800000| PB 0x0000000739800000| Untracked |  0
| 743|0x0000000739c00000, 0x000000073a000000, 0x000000073a000000|100%| S|CS|TAMS 0x0000000739c00000| PB 0x0000000739c00000| Complete |  0
| 744|0x000000073a000000, 0x000000073a400000, 0x000000073a400000|100%| S|CS|TAMS 0x000000073a000000| PB 0x000000073a000000| Complete |  0
| 745|0x000000073a400000, 0x000000073a800000, 0x000000073a800000|100%| S|CS|TAMS 0x000000073a400000| PB 0x000000073a400000| Complete |  0
| 746|0x000000073a800000, 0x000000073ac00000, 0x000000073ac00000|100%| S|CS|TAMS 0x000000073a800000| PB 0x000000073a800000| Complete |  0
| 747|0x000000073ac00000, 0x000000073b000000, 0x000000073b000000|100%| S|CS|TAMS 0x000000073ac00000| PB 0x000000073ac00000| Complete |  0
| 748|0x000000073b000000, 0x000000073b000000, 0x000000073b400000|  0%| F|  |TAMS 0x000000073b000000| PB 0x000000073b000000| Untracked |  0
| 749|0x000000073b400000, 0x000000073b400000, 0x000000073b800000|  0%| F|  |TAMS 0x000000073b400000| PB 0x000000073b400000| Untracked |  0
| 750|0x000000073b800000, 0x000000073b800000, 0x000000073bc00000|  0%| F|  |TAMS 0x000000073b800000| PB 0x000000073b800000| Untracked |  0
| 751|0x000000073bc00000, 0x000000073bc00000, 0x000000073c000000|  0%| F|  |TAMS 0x000000073bc00000| PB 0x000000073bc00000| Untracked |  0
| 752|0x000000073c000000, 0x000000073c000000, 0x000000073c400000|  0%| F|  |TAMS 0x000000073c000000| PB 0x000000073c000000| Untracked |  0
| 753|0x000000073c400000, 0x000000073c400000, 0x000000073c800000|  0%| F|  |TAMS 0x000000073c400000| PB 0x000000073c400000| Untracked |  0
| 754|0x000000073c800000, 0x000000073c800000, 0x000000073cc00000|  0%| F|  |TAMS 0x000000073c800000| PB 0x000000073c800000| Untracked |  0
| 755|0x000000073cc00000, 0x000000073cc00000, 0x000000073d000000|  0%| F|  |TAMS 0x000000073cc00000| PB 0x000000073cc00000| Untracked |  0
| 756|0x000000073d000000, 0x000000073d000000, 0x000000073d400000|  0%| F|  |TAMS 0x000000073d000000| PB 0x000000073d000000| Untracked |  0
| 757|0x000000073d400000, 0x000000073d400000, 0x000000073d800000|  0%| F|  |TAMS 0x000000073d400000| PB 0x000000073d400000| Untracked |  0
| 758|0x000000073d800000, 0x000000073d800000, 0x000000073dc00000|  0%| F|  |TAMS 0x000000073d800000| PB 0x000000073d800000| Untracked |  0
| 759|0x000000073dc00000, 0x000000073dc00000, 0x000000073e000000|  0%| F|  |TAMS 0x000000073dc00000| PB 0x000000073dc00000| Untracked |  0
| 760|0x000000073e000000, 0x000000073e000000, 0x000000073e400000|  0%| F|  |TAMS 0x000000073e000000| PB 0x000000073e000000| Untracked |  0
| 761|0x000000073e400000, 0x000000073e400000, 0x000000073e800000|  0%| F|  |TAMS 0x000000073e400000| PB 0x000000073e400000| Untracked |  0
| 762|0x000000073e800000, 0x000000073e800000, 0x000000073ec00000|  0%| F|  |TAMS 0x000000073e800000| PB 0x000000073e800000| Untracked |  0
| 763|0x000000073ec00000, 0x000000073ec00000, 0x000000073f000000|  0%| F|  |TAMS 0x000000073ec00000| PB 0x000000073ec00000| Untracked |  0
| 764|0x000000073f000000, 0x000000073f000000, 0x000000073f400000|  0%| F|  |TAMS 0x000000073f000000| PB 0x000000073f000000| Untracked |  0
| 765|0x000000073f400000, 0x000000073f400000, 0x000000073f800000|  0%| F|  |TAMS 0x000000073f400000| PB 0x000000073f400000| Untracked |  0
| 766|0x000000073f800000, 0x000000073f800000, 0x000000073fc00000|  0%| F|  |TAMS 0x000000073f800000| PB 0x000000073f800000| Untracked |  0
| 767|0x000000073fc00000, 0x000000073fc00000, 0x0000000740000000|  0%| F|  |TAMS 0x000000073fc00000| PB 0x000000073fc00000| Untracked |  0
| 768|0x0000000740000000, 0x0000000740000000, 0x0000000740400000|  0%| F|  |TAMS 0x0000000740000000| PB 0x0000000740000000| Untracked |  0
| 769|0x0000000740400000, 0x0000000740400000, 0x0000000740800000|  0%| F|  |TAMS 0x0000000740400000| PB 0x0000000740400000| Untracked |  0
| 770|0x0000000740800000, 0x0000000740800000, 0x0000000740c00000|  0%| F|  |TAMS 0x0000000740800000| PB 0x0000000740800000| Untracked |  0
| 771|0x0000000740c00000, 0x0000000740c00000, 0x0000000741000000|  0%| F|  |TAMS 0x0000000740c00000| PB 0x0000000740c00000| Untracked |  0
| 772|0x0000000741000000, 0x0000000741000000, 0x0000000741400000|  0%| F|  |TAMS 0x0000000741000000| PB 0x0000000741000000| Untracked |  0
| 773|0x0000000741400000, 0x0000000741400000, 0x0000000741800000|  0%| F|  |TAMS 0x0000000741400000| PB 0x0000000741400000| Untracked |  0
| 774|0x0000000741800000, 0x0000000741800000, 0x0000000741c00000|  0%| F|  |TAMS 0x0000000741800000| PB 0x0000000741800000| Untracked |  0
| 775|0x0000000741c00000, 0x0000000741c00000, 0x0000000742000000|  0%| F|  |TAMS 0x0000000741c00000| PB 0x0000000741c00000| Untracked |  0
| 776|0x0000000742000000, 0x0000000742000000, 0x0000000742400000|  0%| F|  |TAMS 0x0000000742000000| PB 0x0000000742000000| Untracked |  0
| 777|0x0000000742400000, 0x0000000742400000, 0x0000000742800000|  0%| F|  |TAMS 0x0000000742400000| PB 0x0000000742400000| Untracked |  0
| 778|0x0000000742800000, 0x0000000742800000, 0x0000000742c00000|  0%| F|  |TAMS 0x0000000742800000| PB 0x0000000742800000| Untracked |  0
|1516|0x00000007fb000000, 0x00000007fb400000, 0x00000007fb400000|100%| O|  |TAMS 0x00000007fb400000| PB 0x00000007fb000000| Untracked |  0
|1517|0x00000007fb400000, 0x00000007fb800000, 0x00000007fb800000|100%| O|  |TAMS 0x00000007fb800000| PB 0x00000007fb400000| Untracked |  0
|1518|0x00000007fb800000, 0x00000007fbc00000, 0x00000007fbc00000|100%| O|  |TAMS 0x00000007fbc00000| PB 0x00000007fb800000| Untracked |  0
|1519|0x00000007fbc00000, 0x00000007fc000000, 0x00000007fc000000|100%| O|  |TAMS 0x00000007fc000000| PB 0x00000007fbc00000| Untracked |  0
|1520|0x00000007fc000000, 0x00000007fc400000, 0x00000007fc400000|100%| O|  |TAMS 0x00000007fc400000| PB 0x00000007fc000000| Untracked |  0
|1521|0x00000007fc400000, 0x00000007fc800000, 0x00000007fc800000|100%| O|  |TAMS 0x00000007fc800000| PB 0x00000007fc400000| Untracked |  0
|1522|0x00000007fc800000, 0x00000007fcc00000, 0x00000007fcc00000|100%| O|  |TAMS 0x00000007fcc00000| PB 0x00000007fc800000| Untracked |  0
|1523|0x00000007fcc00000, 0x00000007fd000000, 0x00000007fd000000|100%| O|  |TAMS 0x00000007fd000000| PB 0x00000007fcc00000| Untracked |  0
|1524|0x00000007fd000000, 0x00000007fd400000, 0x00000007fd400000|100%| O|  |TAMS 0x00000007fd400000| PB 0x00000007fd000000| Untracked |  0
|1525|0x00000007fd400000, 0x00000007fd800000, 0x00000007fd800000|100%| O|  |TAMS 0x00000007fd800000| PB 0x00000007fd400000| Untracked |  0
|1526|0x00000007fd800000, 0x00000007fdc00000, 0x00000007fdc00000|100%| O|  |TAMS 0x00000007fdc00000| PB 0x00000007fd800000| Untracked |  0
|1527|0x00000007fdc00000, 0x00000007fe000000, 0x00000007fe000000|100%| O|  |TAMS 0x00000007fe000000| PB 0x00000007fdc00000| Untracked |  0
|1528|0x00000007fe000000, 0x00000007fe400000, 0x00000007fe400000|100%| O|  |TAMS 0x00000007fe400000| PB 0x00000007fe000000| Untracked |  0
|1529|0x00000007fe400000, 0x00000007fe800000, 0x00000007fe800000|100%| O|  |TAMS 0x00000007fe800000| PB 0x00000007fe400000| Untracked |  0
|1530|0x00000007fe800000, 0x00000007fec00000, 0x00000007fec00000|100%| O|  |TAMS 0x00000007fec00000| PB 0x00000007fe800000| Untracked |  0
|1531|0x00000007fec00000, 0x00000007ff000000, 0x00000007ff000000|100%| O|  |TAMS 0x00000007ff000000| PB 0x00000007fec00000| Untracked |  0
|1532|0x00000007ff000000, 0x00000007ff400000, 0x00000007ff400000|100%| O|  |TAMS 0x00000007ff400000| PB 0x00000007ff000000| Untracked |  0
|1533|0x00000007ff400000, 0x00000007ff800000, 0x00000007ff800000|100%| O|  |TAMS 0x00000007ff800000| PB 0x00000007ff400000| Untracked |  0
|1534|0x00000007ff800000, 0x00000007ffc00000, 0x00000007ffc00000|100%| O|  |TAMS 0x00000007ffc00000| PB 0x00000007ff800000| Untracked |  0
|1535|0x00000007ffc00000, 0x00000007ffc00000, 0x0000000800000000|  0%| F|  |TAMS 0x00000007ffc00000| PB 0x00000007ffc00000| Untracked |  0

Card table byte_map: [0x00000148dfbf0000,0x00000148e07f0000] _byte_map_base: 0x00000148dc7f0000

Marking Bits: (CMBitMap*) 0x00000148c6d75d20
 Bits: [0x00000148e07f0000, 0x00000148e67f0000)

Polling page: 0x00000148c4d60000

Metaspace:
Metaspace        used 14359K, committed 14592K, reserved 1114112K
 class space     used 1700K, committed 1792K, reserved 1048576K

Usage:
  Non-class:     12.36 MB used.
      Class:      1.66 MB used.
       Both:     14.02 MB used.

Virtual space:
  Non-class space:       64.00 MB reserved,      12.50 MB ( 20%) committed,  1 nodes.
      Class space:        1.00 GB reserved,       1.75 MB ( <1%) committed,  1 nodes.
             Both:        1.06 GB reserved,      14.25 MB (  1%) committed. 

Chunk freelists:
   Non-Class:  2.95 MB
       Class:  14.29 MB
        Both:  17.24 MB

MaxMetaspaceSize: unlimited
CompressedClassSpaceSize: 1.00 GB
Initial GC threshold: 21.00 MB
Current GC threshold: 23.75 MB
CDS: on
 - commit_granule_bytes: 65536.
 - commit_granule_words: 8192.
 - virtual_space_node_default_size: 8388608.
 - enlarge_chunks_in_place: 1.
UseCompressedClassPointers 1, UseCompactObjectHeaders 0
Narrow klass pointer bits 32, Max shift 3
Narrow klass base: 0x0000000097000000, Narrow klass shift: 0
Encoding Range: [0x0000000097000000 - 0x0000000197000000), (4294967296 bytes)
Klass Range:    [0x0000000097010000 - 0x00000000d8000000), (1090453504 bytes)
Klass ID Range:  [65536 - 1090519033) (1090453497)
Protection zone: [0x0000000097000000 - 0x0000000097010000), (65536 bytes)


Internal statistics:

num_allocs_failed_limit: 0.
num_arena_births: 152.
num_arena_deaths: 0.
num_vsnodes_births: 2.
num_vsnodes_deaths: 0.
num_space_committed: 228.
num_space_uncommitted: 0.
num_chunks_returned_to_freelist: 0.
num_chunks_taken_from_freelist: 610.
num_chunk_merges: 0.
num_chunk_splits: 441.
num_chunks_enlarged: 357.
num_inconsistent_stats: 0.

CodeHeap 'non-profiled nmethods': size=119232Kb used=1142Kb max_used=1142Kb free=118089Kb
 bounds [0x00000148d70e0000, 0x00000148d7350000, 0x00000148de550000]
CodeHeap 'profiled nmethods': size=119104Kb used=5093Kb max_used=5093Kb free=114010Kb
 bounds [0x00000148cf550000, 0x00000148cfa50000, 0x00000148d69a0000]
CodeHeap 'non-nmethods': size=7424Kb used=1701Kb max_used=3399Kb free=5722Kb
 bounds [0x00000148d69a0000, 0x00000148d6d00000, 0x00000148d70e0000]
CodeCache: size=245760Kb, used=7936Kb, max_used=9634Kb, free=237821Kb
 total_blobs=4101, nmethods=3276, adapters=727, full_count=0
Compilation: enabled, stopped_count=0, restarted_count=0

Compilation events (20 events):
Event: 35.412 Thread 0x00000148ee258c00 3269       3       javafx.scene.Scene$MouseHandler::clearPDREventTargets (62 bytes)
Event: 35.412 Thread 0x00000148ee259c20 3270       3       javafx.scene.Scene$ClickGenerator::postProcess (266 bytes)
Event: 35.412 Thread 0x00000148ee258c00 nmethod 3269 0x00000148cfa44988 code [0x00000148cfa44a80, 0x00000148cfa45268]
Event: 35.412 Thread 0x00000148ee259c20 nmethod 3270 0x00000148cfa45288 code [0x00000148cfa45380, 0x00000148cfa46f20]
Event: 35.420 Thread 0x00000148e8ae93c0 3271       4       com.sun.javafx.util.TempState::getInstance (10 bytes)
Event: 35.421 Thread 0x00000148e8ae93c0 nmethod 3271 0x00000148d71fb608 code [0x00000148d71fb700, 0x00000148d71fb8e8]
Event: 35.516 Thread 0x00000148ee259c20 3272   !   3       javafx.scene.Node::containsBounds (115 bytes)
Event: 35.516 Thread 0x00000148ee258c00 3273       3       com.sun.javafx.geom.RectBounds::contains (51 bytes)
Event: 35.516 Thread 0x00000148e8af5e20 3274       3       com.sun.javafx.scene.NodeHelper::computeContains (11 bytes)
Event: 35.516 Thread 0x00000148ee258c00 nmethod 3273 0x00000148cfa46f88 code [0x00000148cfa47080, 0x00000148cfa474e8]
Event: 35.516 Thread 0x00000148e8af5e20 nmethod 3274 0x00000148cfa47508 code [0x00000148cfa47600, 0x00000148cfa478d0]
Event: 35.516 Thread 0x00000148ee259c20 nmethod 3272 0x00000148cfa47908 code [0x00000148cfa47a00, 0x00000148cfa48fe8]
Event: 35.676 Thread 0x00000148e8ae93c0 3275       4       javafx.scene.Node::getLocalBounds (162 bytes)
Event: 35.679 Thread 0x00000148e8ae93c0 nmethod 3275 0x00000148d71fb908 code [0x00000148d71fba20, 0x00000148d71fc140]
Event: 35.836 Thread 0x00000148e8af5e20 3276       3       javafx.scene.Node::contains (33 bytes)
Event: 35.836 Thread 0x00000148e8af5e20 nmethod 3276 0x00000148cfa49008 code [0x00000148cfa49100, 0x00000148cfa496a8]
Event: 36.044 Thread 0x00000148e8ae93c0 3277       4       com.sun.javafx.geom.PickRay::setOrigin (12 bytes)
Event: 36.044 Thread 0x00000148e8ae93c0 nmethod 3277 0x00000148d71fc188 code [0x00000148d71fc280, 0x00000148d71fc330]
Event: 36.628 Thread 0x00000148e8ae93c0 3278   !   4       javafx.scene.Node::intersectsBounds (1005 bytes)
Event: 36.634 Thread 0x00000148e8ae93c0 nmethod 3278 0x00000148d71fc488 code [0x00000148d71fc5a0, 0x00000148d71fd870]

GC Heap Usage History (17 events):
Event: 0.593 {heap Before GC invocations=0 (full 0):
 garbage-first heap   total reserved 6291456K, committed 528384K, used 46227K [0x0000000680000000, 0x0000000800000000)
  region size 4096K, 12 young (49152K), 0 survivors (0K)
}
Event: 0.596 {heap After GC invocations=1 (full 0):
 garbage-first heap   total reserved 6291456K, committed 528384K, used 6187K [0x0000000680000000, 0x0000000800000000)
  region size 4096K, 2 young (8192K), 2 survivors (8192K)
}
Event: 34.596 {heap Before GC invocations=1 (full 0):
 garbage-first heap   total reserved 6291456K, committed 528384K, used 47147K [0x0000000680000000, 0x0000000800000000)
  region size 4096K, 13 young (53248K), 2 survivors (8192K)
}
Event: 34.603 {heap After GC invocations=2 (full 0):
 garbage-first heap   total reserved 6291456K, committed 528384K, used 9993K [0x0000000680000000, 0x0000000800000000)
  region size 4096K, 3 young (12288K), 3 survivors (12288K)
}
Event: 41.740 {heap Before GC invocations=2 (full 0):
 garbage-first heap   total reserved 6291456K, committed 2056192K, used 1853193K [0x0000000680000000, 0x0000000800000000)
  region size 4096K, 69 young (282624K), 3 survivors (12288K)
}
Event: 41.820 {heap After GC invocations=3 (full 0):
 garbage-first heap   total reserved 6291456K, committed 2134016K, used 1845068K [0x0000000680000000, 0x0000000800000000)
  region size 4096K, 9 young (36864K), 9 survivors (36864K)
}
Event: 41.832 {heap Before GC invocations=3 (full 0):
 garbage-first heap   total reserved 6291456K, committed 2134016K, used 1951564K [0x0000000680000000, 0x0000000800000000)
  region size 4096K, 35 young (143360K), 9 survivors (36864K)
}
Event: 41.850 {heap After GC invocations=4 (full 0):
 garbage-first heap   total reserved 6291456K, committed 2134016K, used 1957022K [0x0000000680000000, 0x0000000800000000)
  region size 4096K, 5 young (20480K), 5 survivors (20480K)
}
Event: 41.919 {heap Before GC invocations=5 (full 0):
 garbage-first heap   total reserved 6291456K, committed 3272704K, used 2043038K [0x0000000680000000, 0x0000000800000000)
  region size 4096K, 26 young (106496K), 5 survivors (20480K)
}
Event: 41.936 {heap After GC invocations=6 (full 0):
 garbage-first heap   total reserved 6291456K, committed 3272704K, used 2053267K [0x0000000680000000, 0x0000000800000000)
  region size 4096K, 4 young (16384K), 4 survivors (16384K)
}
Event: 42.233 {heap Before GC invocations=6 (full 0):
 garbage-first heap   total reserved 6291456K, committed 3272704K, used 2471059K [0x0000000680000000, 0x0000000800000000)
  region size 4096K, 106 young (434176K), 4 survivors (16384K)
}
Event: 42.460 {heap After GC invocations=7 (full 0):
 garbage-first heap   total reserved 6291456K, committed 3272704K, used 2482176K [0x0000000680000000, 0x0000000800000000)
  region size 4096K, 14 young (57344K), 14 survivors (57344K)
}
Event: 42.494 {heap Before GC invocations=7 (full 0):
 garbage-first heap   total reserved 6291456K, committed 3272704K, used 2732032K [0x0000000680000000, 0x0000000800000000)
  region size 4096K, 75 young (307200K), 14 survivors (57344K)
}
Event: 42.624 {heap After GC invocations=8 (full 0):
 garbage-first heap   total reserved 6291456K, committed 3272704K, used 2748416K [0x0000000680000000, 0x0000000800000000)
  region size 4096K, 10 young (40960K), 10 survivors (40960K)
}
Event: 42.640 {heap Before GC invocations=8 (full 0):
 garbage-first heap   total reserved 6291456K, committed 3272704K, used 2912256K [0x0000000680000000, 0x0000000800000000)
  region size 4096K, 50 young (204800K), 10 survivors (40960K)
}
Event: 42.761 {heap After GC invocations=9 (full 0):
 garbage-first heap   total reserved 6291456K, committed 3272704K, used 2928640K [0x0000000680000000, 0x0000000800000000)
  region size 4096K, 7 young (28672K), 7 survivors (28672K)
}
Event: 42.783 {heap Before GC invocations=9 (full 0):
 garbage-first heap   total reserved 6291456K, committed 3272704K, used 3059712K [0x0000000680000000, 0x0000000800000000)
  region size 4096K, 39 young (159744K), 7 survivors (28672K)
}

Metaspace Usage History (17 events):
Event: 0.593 {metaspace Before GC invocations=0 (full 0):
 Metaspace       used 6822K, committed 7040K, reserved 1114112K
  class space    used 649K, committed 768K, reserved 1048576K
}
Event: 0.596 {metaspace After GC invocations=1 (full 0):
 Metaspace       used 6822K, committed 7040K, reserved 1114112K
  class space    used 649K, committed 768K, reserved 1048576K
}
Event: 34.596 {metaspace Before GC invocations=1 (full 0):
 Metaspace       used 14340K, committed 14528K, reserved 1114112K
  class space    used 1700K, committed 1792K, reserved 1048576K
}
Event: 34.603 {metaspace After GC invocations=2 (full 0):
 Metaspace       used 14340K, committed 14528K, reserved 1114112K
  class space    used 1700K, committed 1792K, reserved 1048576K
}
Event: 41.740 {metaspace Before GC invocations=2 (full 0):
 Metaspace       used 14359K, committed 14592K, reserved 1114112K
  class space    used 1700K, committed 1792K, reserved 1048576K
}
Event: 41.820 {metaspace After GC invocations=3 (full 0):
 Metaspace       used 14359K, committed 14592K, reserved 1114112K
  class space    used 1700K, committed 1792K, reserved 1048576K
}
Event: 41.832 {metaspace Before GC invocations=3 (full 0):
 Metaspace       used 14359K, committed 14592K, reserved 1114112K
  class space    used 1700K, committed 1792K, reserved 1048576K
}
Event: 41.850 {metaspace After GC invocations=4 (full 0):
 Metaspace       used 14359K, committed 14592K, reserved 1114112K
  class space    used 1700K, committed 1792K, reserved 1048576K
}
Event: 41.919 {metaspace Before GC invocations=5 (full 0):
 Metaspace       used 14359K, committed 14592K, reserved 1114112K
  class space    used 1700K, committed 1792K, reserved 1048576K
}
Event: 41.936 {metaspace After GC invocations=6 (full 0):
 Metaspace       used 14359K, committed 14592K, reserved 1114112K
  class space    used 1700K, committed 1792K, reserved 1048576K
}
Event: 42.233 {metaspace Before GC invocations=6 (full 0):
 Metaspace       used 14359K, committed 14592K, reserved 1114112K
  class space    used 1700K, committed 1792K, reserved 1048576K
}
Event: 42.460 {metaspace After GC invocations=7 (full 0):
 Metaspace       used 14359K, committed 14592K, reserved 1114112K
  class space    used 1700K, committed 1792K, reserved 1048576K
}
Event: 42.494 {metaspace Before GC invocations=7 (full 0):
 Metaspace       used 14359K, committed 14592K, reserved 1114112K
  class space    used 1700K, committed 1792K, reserved 1048576K
}
Event: 42.624 {metaspace After GC invocations=8 (full 0):
 Metaspace       used 14359K, committed 14592K, reserved 1114112K
  class space    used 1700K, committed 1792K, reserved 1048576K
}
Event: 42.640 {metaspace Before GC invocations=8 (full 0):
 Metaspace       used 14359K, committed 14592K, reserved 1114112K
  class space    used 1700K, committed 1792K, reserved 1048576K
}
Event: 42.761 {metaspace After GC invocations=9 (full 0):
 Metaspace       used 14359K, committed 14592K, reserved 1114112K
  class space    used 1700K, committed 1792K, reserved 1048576K
}
Event: 42.783 {metaspace Before GC invocations=9 (full 0):
 Metaspace       used 14359K, committed 14592K, reserved 1114112K
  class space    used 1700K, committed 1792K, reserved 1048576K
}

Dll operation events (20 events):
Event: 0.181 Loaded shared library C:\javafx-sdk-25\bin\api-ms-win-crt-locale-l1-1-0.dll
Event: 0.182 Loaded shared library C:\javafx-sdk-25\bin\api-ms-win-crt-math-l1-1-0.dll
Event: 0.183 Loaded shared library C:\javafx-sdk-25\bin\api-ms-win-crt-multibyte-l1-1-0.dll
Event: 0.184 Loaded shared library C:\javafx-sdk-25\bin\api-ms-win-crt-private-l1-1-0.dll
Event: 0.185 Loaded shared library C:\javafx-sdk-25\bin\api-ms-win-crt-process-l1-1-0.dll
Event: 0.186 Loaded shared library C:\javafx-sdk-25\bin\api-ms-win-crt-runtime-l1-1-0.dll
Event: 0.187 Loaded shared library C:\javafx-sdk-25\bin\api-ms-win-crt-stdio-l1-1-0.dll
Event: 0.188 Loaded shared library C:\javafx-sdk-25\bin\api-ms-win-crt-string-l1-1-0.dll
Event: 0.189 Loaded shared library C:\javafx-sdk-25\bin\api-ms-win-crt-time-l1-1-0.dll
Event: 0.190 Loaded shared library C:\javafx-sdk-25\bin\api-ms-win-crt-utility-l1-1-0.dll
Event: 0.191 Loaded shared library C:\javafx-sdk-25\bin\ucrtbase.dll
Event: 0.193 Loaded shared library C:\javafx-sdk-25\bin\vcruntime140.dll
Event: 0.194 Loaded shared library C:\javafx-sdk-25\bin\vcruntime140_1.dll
Event: 0.195 Loaded shared library C:\javafx-sdk-25\bin\msvcp140.dll
Event: 0.197 Loaded shared library C:\javafx-sdk-25\bin\msvcp140_1.dll
Event: 0.198 Loaded shared library C:\javafx-sdk-25\bin\msvcp140_2.dll
Event: 0.222 Loaded shared library C:\javafx-sdk-25\bin\prism_d3d.dll
Event: 0.329 Loaded shared library C:\javafx-sdk-25\bin\glass.dll
Event: 0.466 Loaded shared library C:\jdk-25\bin\jimage.dll
Event: 0.573 Loaded shared library C:\javafx-sdk-25\bin\javafx_font.dll

Deoptimization events (20 events):
Event: 34.488 Thread 0x00000148e9b7ac40 DEOPT PACKING pc=0x00000148cf983c2c sp=0x00000034d45fdd00
Event: 34.488 Thread 0x00000148e9b7ac40 DEOPT UNPACKING pc=0x00000148d69f1702 sp=0x00000034d45fd1c8 mode 0
Event: 34.488 Thread 0x00000148e9b7ac40 DEOPT PACKING pc=0x00000148cf9e8e9c sp=0x00000034d45fe010
Event: 34.488 Thread 0x00000148e9b7ac40 DEOPT UNPACKING pc=0x00000148d69f1702 sp=0x00000034d45fd4f0 mode 0
Event: 34.550 Thread 0x00000148f7fce3f0 Uncommon trap: trap_request=0xffffff45 fr.pc=0x00000148d7182c00 relative=0x0000000000000080
Event: 34.550 Thread 0x00000148f7fce3f0 Uncommon trap: reason=unstable_if action=reinterpret pc=0x00000148d7182c00 method=jdk.internal.loader.URLClassPath$JarLoader.getResource(Ljava/lang/String;)Ljdk/internal/loader/Resource; @ 27 c2
Event: 34.550 Thread 0x00000148f7fce3f0 DEOPT PACKING pc=0x00000148d7182c00 sp=0x00000034d2ffe5b0
Event: 34.550 Thread 0x00000148f7fce3f0 DEOPT UNPACKING pc=0x00000148d6abfc02 sp=0x00000034d2ffe558 mode 2
Event: 35.110 Thread 0x00000148f7fce3f0 DEOPT PACKING pc=0x00000148cfa3b6ec sp=0x00000034d2fff160
Event: 35.110 Thread 0x00000148f7fce3f0 DEOPT UNPACKING pc=0x00000148d69f1702 sp=0x00000034d2ffe6d8 mode 0
Event: 35.114 Thread 0x00000148f7fce3f0 Uncommon trap: trap_request=0xffffff45 fr.pc=0x00000148d71f3d08 relative=0x0000000000000368
Event: 35.114 Thread 0x00000148f7fce3f0 Uncommon trap: reason=unstable_if action=reinterpret pc=0x00000148d71f3d08 method=com.ericbarnhill.niftijio.NiftiVolume.read(Ljava/io/BufferedInputStream;Lcom/ericbarnhill/niftijio/NiftiHeader;)Lcom/ericbarnhill/niftijio/NiftiVolume; @ 729 c2
Event: 35.114 Thread 0x00000148f7fce3f0 DEOPT PACKING pc=0x00000148d71f3d08 sp=0x00000034d2fff250
Event: 35.114 Thread 0x00000148f7fce3f0 DEOPT UNPACKING pc=0x00000148d6abfc02 sp=0x00000034d2fff1e8 mode 2
Event: 35.121 Thread 0x00000148f7fce3f0 DEOPT PACKING pc=0x00000148cfa43b5c sp=0x00000034d2fff160
Event: 35.121 Thread 0x00000148f7fce3f0 DEOPT UNPACKING pc=0x00000148d69f1702 sp=0x00000034d2ffe6d8 mode 0
Event: 41.679 Thread 0x00000148f7fce3f0 Uncommon trap: trap_request=0xffffff95 fr.pc=0x00000148d71f4bac relative=0x000000000000038c
Event: 41.679 Thread 0x00000148f7fce3f0 Uncommon trap: reason=unreached action=reinterpret pc=0x00000148d71f4bac method=com.ericbarnhill.niftijio.NiftiVolume.read(Ljava/io/BufferedInputStream;Lcom/ericbarnhill/niftijio/NiftiHeader;)Lcom/ericbarnhill/niftijio/NiftiVolume; @ 749 c2
Event: 41.679 Thread 0x00000148f7fce3f0 DEOPT PACKING pc=0x00000148d71f4bac sp=0x00000034d2fff250
Event: 41.679 Thread 0x00000148f7fce3f0 DEOPT UNPACKING pc=0x00000148d6abfc02 sp=0x00000034d2fff1e8 mode 2

Classes loaded (20 events):
Event: 0.972 Loading class java/lang/invoke/VarHandleSegmentAsIntsAligned
Event: 0.972 Loading class java/lang/invoke/VarHandleSegmentAsIntsAligned done
Event: 0.972 Loading class java/lang/invoke/SegmentVarHandle
Event: 0.972 Loading class java/lang/invoke/SegmentVarHandle done
Event: 0.973 Loading class java/lang/foreign/Arena$1Holder
Event: 0.973 Loading class java/lang/foreign/Arena$1Holder done
Event: 0.973 Loading class java/lang/invoke/VarHandleSegmentAsBytes
Event: 0.973 Loading class java/lang/invoke/VarHandleSegmentAsBytes done
Event: 4.311 Loading class java/io/UnsupportedEncodingException
Event: 4.314 Loading class java/io/UnsupportedEncodingException done
Event: 34.490 Loading class java/awt/image/RenderedImage
Event: 34.492 Loading class java/awt/image/RenderedImage done
Event: 34.551 Loading class java/util/zip/GZIPOutputStream
Event: 34.553 Loading class java/util/zip/DeflaterOutputStream
Event: 34.553 Loading class java/util/zip/DeflaterOutputStream done
Event: 34.553 Loading class java/util/zip/GZIPOutputStream done
Event: 34.553 Loading class java/util/zip/GZIPInputStream
Event: 34.554 Loading class java/util/zip/GZIPInputStream done
Event: 34.592 Loading class java/util/zip/CheckedInputStream
Event: 34.593 Loading class java/util/zip/CheckedInputStream done

Classes unloaded (0 events):
No events

Classes redefined (0 events):
No events

Internal exceptions (20 events):
Event: 0.662 Thread 0x00000148e9b7ac40 Implicit null exception at 0x00000148d7130239 to 0x00000148d7130f68
Event: 0.664 Thread 0x00000148e9b7ac40 Implicit null exception at 0x00000148d7171bcd to 0x00000148d7171df0
Event: 0.732 Thread 0x00000148e9b7ac40 Exception <a 'java/lang/NoSuchMethodError'{0x000000069ef4a670}: 'java.lang.Object java.lang.invoke.DirectMethodHandle$Holder.invokeInterface(java.lang.Object, java.lang.Object, java.lang.Object)'> (0x000000069ef4a670) 
thrown [s\open\src\hotspot\share\interpreter\linkResolver.cpp, line 804]
Event: 0.733 Thread 0x00000148e9b7ac40 Exception <a 'java/lang/IncompatibleClassChangeError'{0x000000069ef52700}: Found class java.lang.Object, but interface was expected> (0x000000069ef52700) 
thrown [s\open\src\hotspot\share\interpreter\linkResolver.cpp, line 871]
Event: 0.797 Thread 0x00000148e9b7ac40 Exception <a 'java/lang/NoSuchMethodError'{0x000000069e730218}: 'java.lang.Object java.lang.invoke.DirectMethodHandle$Holder.invokeStatic(java.lang.Object, java.lang.Object, java.lang.Object, java.lang.Object, int)'> (0x000000069e730218) 
thrown [s\open\src\hotspot\share\interpreter\linkResolver.cpp, line 804]
Event: 0.815 Thread 0x00000148e9b7ac40 Exception <a 'java/lang/NoSuchMethodError'{0x000000069e009150}: 'java.lang.Object java.lang.invoke.DirectMethodHandle$Holder.newInvokeSpecial(java.lang.Object, java.lang.Object, int)'> (0x000000069e009150) 
thrown [s\open\src\hotspot\share\interpreter\linkResolver.cpp, line 804]
Event: 0.866 Thread 0x00000148ee529140 Exception <a 'java/lang/NoSuchMethodError'{0x000000069e221e78}: 'int java.lang.invoke.DirectMethodHandle$Holder.invokeStaticInit(java.lang.Object, java.lang.Object)'> (0x000000069e221e78) 
thrown [s\open\src\hotspot\share\interpreter\linkResolver.cpp, line 804]
Event: 0.959 Thread 0x00000148ee529140 Exception <a 'java/lang/NoSuchMethodError'{0x000000069df39000}: 'long java.lang.invoke.DirectMethodHandle$Holder.invokeStatic(java.lang.Object, java.lang.Object)'> (0x000000069df39000) 
thrown [s\open\src\hotspot\share\interpreter\linkResolver.cpp, line 804]
Event: 0.960 Thread 0x00000148ee529140 Exception <a 'java/lang/NoSuchMethodError'{0x000000069df41308}: 'long java.lang.invoke.DirectMethodHandle$Holder.invokeStaticInit(java.lang.Object, java.lang.Object)'> (0x000000069df41308) 
thrown [s\open\src\hotspot\share\interpreter\linkResolver.cpp, line 804]
Event: 0.960 Thread 0x00000148ee529140 Exception <a 'java/lang/NoSuchMethodError'{0x000000069df49c40}: 'java.lang.Object java.lang.invoke.DirectMethodHandle$Holder.invokeStatic(java.lang.Object, long, java.lang.Object)'> (0x000000069df49c40) 
thrown [s\open\src\hotspot\share\interpreter\linkResolver.cpp, line 804]
Event: 0.960 Thread 0x00000148ee529140 Exception <a 'java/lang/NoSuchMethodError'{0x000000069df52040}: 'java.lang.Object java.lang.invoke.DirectMethodHandle$Holder.invokeStaticInit(java.lang.Object, long, java.lang.Object)'> (0x000000069df52040) 
thrown [s\open\src\hotspot\share\interpreter\linkResolver.cpp, line 804]
Event: 0.960 Thread 0x00000148ee529140 Exception <a 'java/lang/NoSuchMethodError'{0x000000069df5aad0}: 'java.lang.Object java.lang.invoke.DirectMethodHandle$Holder.invokeStaticInit(java.lang.Object, long)'> (0x000000069df5aad0) 
thrown [s\open\src\hotspot\share\interpreter\linkResolver.cpp, line 804]
Event: 0.970 Thread 0x00000148ee529140 Exception <a 'java/lang/NoSuchMethodError'{0x000000069dffcba8}: 'long java.lang.invoke.DirectMethodHandle$Holder.invokeStaticInit(java.lang.Object, long, long, long, long)'> (0x000000069dffcba8) 
thrown [s\open\src\hotspot\share\interpreter\linkResolver.cpp, line 804]
Event: 0.970 Thread 0x00000148ee529140 Exception <a 'java/lang/NoSuchMethodError'{0x000000069d807260}: 'java.lang.Object java.lang.invoke.DirectMethodHandle$Holder.invokeInterface(java.lang.Object, java.lang.Object, long, long)'> (0x000000069d807260) 
thrown [s\open\src\hotspot\share\interpreter\linkResolver.cpp, line 804]
Event: 0.971 Thread 0x00000148ee529140 Exception <a 'java/lang/NoSuchMethodError'{0x000000069d81fe18}: 'void java.lang.invoke.DirectMethodHandle$Holder.invokeStaticInit(java.lang.Object, java.lang.Object, long, java.lang.Object)'> (0x000000069d81fe18) 
thrown [s\open\src\hotspot\share\interpreter\linkResolver.cpp, line 804]
Event: 0.971 Thread 0x00000148ee529140 Exception <a 'java/lang/NoSuchMethodError'{0x000000069d828950}: 'long java.lang.invoke.DirectMethodHandle$Holder.invokeStatic(java.lang.Object, long, long)'> (0x000000069d828950) 
thrown [s\open\src\hotspot\share\interpreter\linkResolver.cpp, line 804]
Event: 0.981 Thread 0x00000148ee529140 Exception <a 'java/lang/NoSuchMethodError'{0x000000069d9b3ea8}: 'java.lang.Object java.lang.invoke.Invokers$Holder.invokeExact_MT(java.lang.Object, java.lang.Object, java.lang.Object, java.lang.Object, java.lang.Object)'> (0x000000069d9b3ea8) 
thrown [s\open\src\hotspot\share\interpreter\linkResolver.cpp, line 804]
Event: 4.338 Thread 0x00000148e9b7ac40 Exception <a 'java/lang/NoSuchMethodError'{0x000000069db29da8}: 'long java.lang.invoke.DirectMethodHandle$Holder.invokeStaticInit(java.lang.Object, java.lang.Object, java.lang.Object)'> (0x000000069db29da8) 
thrown [s\open\src\hotspot\share\interpreter\linkResolver.cpp, line 804]
Event: 34.548 Thread 0x00000148f7fce3f0 Exception <a 'sun/nio/fs/WindowsException'{0x000000069d5fef90}> (0x000000069d5fef90) 
thrown [s\open\src\hotspot\share\prims\jni.cpp, line 516]
Event: 34.548 Thread 0x00000148f7fce3f0 Exception <a 'sun/nio/fs/WindowsException'{0x000000069d5ff990}> (0x000000069d5ff990) 
thrown [s\open\src\hotspot\share\prims\jni.cpp, line 516]

VM Operations (20 events):
Event: 34.594 Executing non-safepoint VM operation: HandshakeAllThreads (Deoptimize) done
Event: 34.596 Executing safepoint VM operation: G1TryInitiateConcMark (G1 Humongous Allocation)
Event: 34.603 Executing safepoint VM operation: G1TryInitiateConcMark (G1 Humongous Allocation) done
Event: 41.740 Executing safepoint VM operation: G1CollectForAllocation (G1 Evacuation Pause)
Event: 41.820 Executing safepoint VM operation: G1CollectForAllocation (G1 Evacuation Pause) done
Event: 41.832 Executing safepoint VM operation: G1CollectForAllocation (G1 Evacuation Pause)
Event: 41.850 Executing safepoint VM operation: G1CollectForAllocation (G1 Evacuation Pause) done
Event: 41.857 Executing safepoint VM operation: G1PauseRemark
Event: 41.863 Executing safepoint VM operation: G1PauseRemark done
Event: 41.865 Executing safepoint VM operation: G1PauseCleanup
Event: 41.868 Executing safepoint VM operation: G1PauseCleanup done
Event: 41.919 Executing safepoint VM operation: G1CollectForAllocation (G1 Evacuation Pause)
Event: 41.936 Executing safepoint VM operation: G1CollectForAllocation (G1 Evacuation Pause) done
Event: 42.233 Executing safepoint VM operation: G1CollectForAllocation (G1 Evacuation Pause)
Event: 42.460 Executing safepoint VM operation: G1CollectForAllocation (G1 Evacuation Pause) done
Event: 42.494 Executing safepoint VM operation: G1CollectForAllocation (G1 Evacuation Pause)
Event: 42.624 Executing safepoint VM operation: G1CollectForAllocation (G1 Evacuation Pause) done
Event: 42.640 Executing safepoint VM operation: G1CollectForAllocation (G1 Evacuation Pause)
Event: 42.761 Executing safepoint VM operation: G1CollectForAllocation (G1 Evacuation Pause) done
Event: 42.777 Executing safepoint VM operation: G1CollectForAllocation (G1 Evacuation Pause)

Memory protections (0 events):
No events

Nmethod flushes (0 events):
No events

Events (20 events):
Event: 0.479 Thread 0x00000148eebad860 Thread added: 0x00000148eebae070
Event: 0.484 Thread 0x00000148eebad050 Thread added: 0x00000148eebaa800
Event: 0.727 Thread 0x00000148e9b7ac40 Thread added: 0x00000148f4d2e9a0
Event: 0.953 Thread 0x00000148ee529140 Thread added: 0x00000148f4d310b0
Event: 1.132 Thread 0x00000148eebaa800 Thread exited: 0x00000148eebaa800
Event: 1.333 Thread 0x00000148eebae070 Thread exited: 0x00000148eebae070
Event: 1.396 Thread 0x00000148eebad860 Thread exited: 0x00000148eebad860
Event: 1.406 Thread 0x00000148eebad050 Thread exited: 0x00000148eebad050
Event: 4.328 Thread 0x00000148e9bbc1a0 Thread exited: 0x00000148e9bbc1a0
Event: 6.545 Thread 0x00000148e9b8f520 Thread exited: 0x00000148e9b8f520
Event: 11.898 Thread 0x00000148e9aa2670 Thread exited: 0x00000148e9aa2670
Event: 30.104 Thread 0x00000148e8af5e20 Thread added: 0x00000148ee2563b0
Event: 30.104 Thread 0x00000148e8af5e20 Thread added: 0x00000148ee25a430
Event: 33.244 Thread 0x00000148ee25a430 Thread exited: 0x00000148ee25a430
Event: 33.245 Thread 0x00000148ee2563b0 Thread exited: 0x00000148ee2563b0
Event: 34.260 Thread 0x00000148e8af5e20 Thread added: 0x00000148ee258c00
Event: 34.261 Thread 0x00000148ee258c00 Thread added: 0x00000148ee259c20
Event: 34.488 Thread 0x00000148e9b7ac40 Thread added: 0x00000148f7fce3f0
Event: 36.044 Thread 0x00000148ee259c20 Thread exited: 0x00000148ee259c20
Event: 36.044 Thread 0x00000148ee258c00 Thread exited: 0x00000148ee258c00


Dynamic libraries:
0x00007ff7704f0000 - 0x00007ff7704fe000 	C:\jdk-25\bin\javaw.exe
0x00007ffce2a60000 - 0x00007ffce2cc9000 	C:\WINDOWS\SYSTEM32\ntdll.dll
0x00007ffce0e50000 - 0x00007ffce0f19000 	C:\WINDOWS\System32\KERNEL32.DLL
0x00007ffcdfca0000 - 0x00007ffce0093000 	C:\WINDOWS\System32\KERNELBASE.dll
0x00007ffcdc3c0000 - 0x00007ffcdc45e000 	C:\WINDOWS\SYSTEM32\apphelp.dll
0x0000000059f10000 - 0x0000000059fae000 	C:\ProgramData\Symantec\Symantec Endpoint Protection\14.3.9681.7000.105\Data\Sysfer\x64\sysfer.dll
0x00007ffce0340000 - 0x00007ffce048b000 	C:\WINDOWS\System32\ucrtbase.dll
0x00007ffcb2a30000 - 0x00007ffcb2a4e000 	C:\jdk-25\bin\VCRUNTIME140.dll
0x00007ffc9c160000 - 0x00007ffc9c177000 	C:\jdk-25\bin\jli.dll
0x00007ffce0b00000 - 0x00007ffce0cc4000 	C:\WINDOWS\System32\USER32.dll
0x00007ffce0740000 - 0x00007ffce0767000 	C:\WINDOWS\System32\win32u.dll
0x00007ffce0830000 - 0x00007ffce085b000 	C:\WINDOWS\System32\GDI32.dll
0x00007ffcc1980000 - 0x00007ffcc1c13000 	C:\WINDOWS\WinSxS\amd64_microsoft.windows.common-controls_6595b64144ccf1df_6.0.26100.5074_none_3e0d6f78e32fd63f\COMCTL32.dll
0x00007ffce0210000 - 0x00007ffce033d000 	C:\WINDOWS\System32\gdi32full.dll
0x00007ffce1fd0000 - 0x00007ffce2079000 	C:\WINDOWS\System32\msvcrt.dll
0x00007ffcdfbf0000 - 0x00007ffcdfc93000 	C:\WINDOWS\System32\msvcp_win.dll
0x00007ffce2080000 - 0x00007ffce20af000 	C:\WINDOWS\System32\IMM32.DLL
0x00007ffcb6780000 - 0x00007ffcb678c000 	C:\jdk-25\bin\vcruntime140_1.dll
0x00007ffc75210000 - 0x00007ffc7529d000 	C:\jdk-25\bin\msvcp140.dll
0x00007ffc4e710000 - 0x00007ffc4f56f000 	C:\jdk-25\bin\server\jvm.dll
0x00007ffce1f10000 - 0x00007ffce1fc4000 	C:\WINDOWS\System32\ADVAPI32.dll
0x00007ffce2870000 - 0x00007ffce2916000 	C:\WINDOWS\System32\sechost.dll
0x00007ffce1440000 - 0x00007ffce1558000 	C:\WINDOWS\System32\RPCRT4.dll
0x00007ffce1cb0000 - 0x00007ffce1d24000 	C:\WINDOWS\System32\WS2_32.dll
0x00007ffcdfa50000 - 0x00007ffcdfaae000 	C:\WINDOWS\SYSTEM32\POWRPROF.dll
0x00007ffcd5cf0000 - 0x00007ffcd5d25000 	C:\WINDOWS\SYSTEM32\WINMM.dll
0x00007ffcc3b90000 - 0x00007ffcc3b9b000 	C:\WINDOWS\SYSTEM32\VERSION.dll
0x00007ffcdf980000 - 0x00007ffcdf994000 	C:\WINDOWS\SYSTEM32\UMPDC.dll
0x00007ffcde990000 - 0x00007ffcde9ab000 	C:\WINDOWS\SYSTEM32\kernel.appcore.dll
0x00007ffcb2b70000 - 0x00007ffcb2b7a000 	C:\jdk-25\bin\jimage.dll
0x00007ffcdcfd0000 - 0x00007ffcdd212000 	C:\WINDOWS\SYSTEM32\DBGHELP.DLL
0x00007ffce0f20000 - 0x00007ffce129b000 	C:\WINDOWS\System32\combase.dll
0x00007ffce0a10000 - 0x00007ffce0ae7000 	C:\WINDOWS\System32\OLEAUT32.dll
0x00007ffcb6bb0000 - 0x00007ffcb6bed000 	C:\WINDOWS\SYSTEM32\dbgcore.DLL
0x00007ffce0490000 - 0x00007ffce0529000 	C:\WINDOWS\System32\bcryptPrimitives.dll
0x00007ffc9c120000 - 0x00007ffc9c13f000 	C:\jdk-25\bin\java.dll
0x00007ffce12a0000 - 0x00007ffce1438000 	C:\WINDOWS\System32\ole32.dll
0x00007ffce1560000 - 0x00007ffce1cad000 	C:\WINDOWS\System32\SHELL32.dll
0x00007ffce00a0000 - 0x00007ffce020c000 	C:\WINDOWS\System32\wintypes.dll
0x00007ffcdd710000 - 0x00007ffcddf69000 	C:\WINDOWS\SYSTEM32\windows.storage.dll
0x00007ffce2920000 - 0x00007ffce2a10000 	C:\WINDOWS\System32\SHCORE.dll
0x00007ffce26e0000 - 0x00007ffce2742000 	C:\WINDOWS\System32\shlwapi.dll
0x00007ffcdfb10000 - 0x00007ffcdfb39000 	C:\WINDOWS\SYSTEM32\profapi.dll
0x00007ffc9b760000 - 0x00007ffc9b772000 	C:\jdk-25\bin\net.dll
0x00007ffcdeef0000 - 0x00007ffcdef5b000 	C:\WINDOWS\system32\mswsock.dll
0x00007ffc9b670000 - 0x00007ffc9b686000 	C:\jdk-25\bin\nio.dll
0x00007ffc9b490000 - 0x00007ffc9b4a7000 	C:\jdk-25\bin\zip.dll
0x00000148c4da0000 - 0x00000148c4da4000 	C:\javafx-sdk-25\bin\api-ms-win-core-console-l1-1-0.dll
0x00000148c4db0000 - 0x00000148c4db4000 	C:\javafx-sdk-25\bin\api-ms-win-core-console-l1-2-0.dll
0x00000148c4dc0000 - 0x00000148c4dc4000 	C:\javafx-sdk-25\bin\api-ms-win-core-datetime-l1-1-0.dll
0x00000148e9f60000 - 0x00000148e9f64000 	C:\javafx-sdk-25\bin\api-ms-win-core-debug-l1-1-0.dll
0x00000148e9f70000 - 0x00000148e9f74000 	C:\javafx-sdk-25\bin\api-ms-win-core-errorhandling-l1-1-0.dll
0x00000148e9f80000 - 0x00000148e9f85000 	C:\javafx-sdk-25\bin\api-ms-win-core-file-l1-1-0.dll
0x00000148e9f90000 - 0x00000148e9f94000 	C:\javafx-sdk-25\bin\api-ms-win-core-file-l1-2-0.dll
0x00000148e9fa0000 - 0x00000148e9fa4000 	C:\javafx-sdk-25\bin\api-ms-win-core-file-l2-1-0.dll
0x00000148e9fb0000 - 0x00000148e9fb4000 	C:\javafx-sdk-25\bin\api-ms-win-core-handle-l1-1-0.dll
0x00000148e9fc0000 - 0x00000148e9fc4000 	C:\javafx-sdk-25\bin\api-ms-win-core-heap-l1-1-0.dll
0x00000148e9fd0000 - 0x00000148e9fd4000 	C:\javafx-sdk-25\bin\api-ms-win-core-interlocked-l1-1-0.dll
0x00000148e9fe0000 - 0x00000148e9fe4000 	C:\javafx-sdk-25\bin\api-ms-win-core-libraryloader-l1-1-0.dll
0x00000148e9ff0000 - 0x00000148e9ff4000 	C:\javafx-sdk-25\bin\api-ms-win-core-localization-l1-2-0.dll
0x00000148efa10000 - 0x00000148efa14000 	C:\javafx-sdk-25\bin\api-ms-win-core-memory-l1-1-0.dll
0x00000148ef8f0000 - 0x00000148ef8f4000 	C:\javafx-sdk-25\bin\api-ms-win-core-namedpipe-l1-1-0.dll
0x00000148ef900000 - 0x00000148ef904000 	C:\javafx-sdk-25\bin\api-ms-win-core-processenvironment-l1-1-0.dll
0x00000148ef910000 - 0x00000148ef914000 	C:\javafx-sdk-25\bin\api-ms-win-core-processthreads-l1-1-0.dll
0x00000148ef920000 - 0x00000148ef924000 	C:\javafx-sdk-25\bin\api-ms-win-core-processthreads-l1-1-1.dll
0x00000148ef930000 - 0x00000148ef934000 	C:\javafx-sdk-25\bin\api-ms-win-core-profile-l1-1-0.dll
0x00000148ef940000 - 0x00000148ef944000 	C:\javafx-sdk-25\bin\api-ms-win-core-rtlsupport-l1-1-0.dll
0x00000148ef950000 - 0x00000148ef954000 	C:\javafx-sdk-25\bin\api-ms-win-core-string-l1-1-0.dll
0x00000148ef960000 - 0x00000148ef964000 	C:\javafx-sdk-25\bin\api-ms-win-core-synch-l1-1-0.dll
0x00000148ef970000 - 0x00000148ef974000 	C:\javafx-sdk-25\bin\api-ms-win-core-synch-l1-2-0.dll
0x00000148ef980000 - 0x00000148ef984000 	C:\javafx-sdk-25\bin\api-ms-win-core-sysinfo-l1-1-0.dll
0x00000148ef990000 - 0x00000148ef994000 	C:\javafx-sdk-25\bin\api-ms-win-core-timezone-l1-1-0.dll
0x00000148ef9a0000 - 0x00000148ef9a4000 	C:\javafx-sdk-25\bin\api-ms-win-core-util-l1-1-0.dll
0x00000148ef9b0000 - 0x00000148ef9b4000 	C:\javafx-sdk-25\bin\api-ms-win-crt-conio-l1-1-0.dll
0x00000148ef9c0000 - 0x00000148ef9c5000 	C:\javafx-sdk-25\bin\api-ms-win-crt-convert-l1-1-0.dll
0x00000148ef7d0000 - 0x00000148ef7d4000 	C:\javafx-sdk-25\bin\api-ms-win-crt-environment-l1-1-0.dll
0x00000148ef7e0000 - 0x00000148ef7e4000 	C:\javafx-sdk-25\bin\api-ms-win-crt-filesystem-l1-1-0.dll
0x00000148ef7f0000 - 0x00000148ef7f4000 	C:\javafx-sdk-25\bin\api-ms-win-crt-heap-l1-1-0.dll
0x00000148ef800000 - 0x00000148ef804000 	C:\javafx-sdk-25\bin\api-ms-win-crt-locale-l1-1-0.dll
0x00000148ef810000 - 0x00000148ef816000 	C:\javafx-sdk-25\bin\api-ms-win-crt-math-l1-1-0.dll
0x00000148ef820000 - 0x00000148ef826000 	C:\javafx-sdk-25\bin\api-ms-win-crt-multibyte-l1-1-0.dll
0x00000148ef830000 - 0x00000148ef841000 	C:\javafx-sdk-25\bin\api-ms-win-crt-private-l1-1-0.dll
0x00000148ef850000 - 0x00000148ef854000 	C:\javafx-sdk-25\bin\api-ms-win-crt-process-l1-1-0.dll
0x00000148ef860000 - 0x00000148ef865000 	C:\javafx-sdk-25\bin\api-ms-win-crt-runtime-l1-1-0.dll
0x00000148ef870000 - 0x00000148ef875000 	C:\javafx-sdk-25\bin\api-ms-win-crt-stdio-l1-1-0.dll
0x00000148ef880000 - 0x00000148ef885000 	C:\javafx-sdk-25\bin\api-ms-win-crt-string-l1-1-0.dll
0x00000148ef890000 - 0x00000148ef894000 	C:\javafx-sdk-25\bin\api-ms-win-crt-time-l1-1-0.dll
0x00000148ef8a0000 - 0x00000148ef8a4000 	C:\javafx-sdk-25\bin\api-ms-win-crt-utility-l1-1-0.dll
0x00007ffc4f650000 - 0x00007ffc4f79b000 	C:\javafx-sdk-25\bin\ucrtbase.dll
0x00007ffcbc3e0000 - 0x00007ffcbc3fe000 	C:\javafx-sdk-25\bin\vcruntime140.dll
0x00007ffccece0000 - 0x00007ffccecec000 	C:\javafx-sdk-25\bin\vcruntime140_1.dll
0x00007ffc997d0000 - 0x00007ffc9985d000 	C:\javafx-sdk-25\bin\msvcp140.dll
0x00007ffcbd0d0000 - 0x00007ffcbd0d9000 	C:\javafx-sdk-25\bin\msvcp140_1.dll
0x00007ffcbc2f0000 - 0x00007ffcbc331000 	C:\javafx-sdk-25\bin\msvcp140_2.dll
0x00007ffc997a0000 - 0x00007ffc997d0000 	C:\javafx-sdk-25\bin\prism_d3d.dll
0x00007ffc4e550000 - 0x00007ffc4e701000 	C:\WINDOWS\system32\d3d9.dll
0x00007ffcdca60000 - 0x00007ffcdca8b000 	C:\WINDOWS\SYSTEM32\dwmapi.dll
0x00007ffcdc8b0000 - 0x00007ffcdc8f4000 	C:\WINDOWS\SYSTEM32\dxcore.dll
0x00007ffcdc7a0000 - 0x00007ffcdc848000 	C:\WINDOWS\system32\uxtheme.dll
0x00007ffc4e2b0000 - 0x00007ffc4e54f000 	C:\WINDOWS\System32\DriverStore\FileRepository\iigd_dch.inf_amd64_cc53041c629cfdec\igdumdim64.dll
0x00007ffc48590000 - 0x00007ffc4a22a000 	C:\WINDOWS\System32\DriverStore\FileRepository\iigd_dch.inf_amd64_cc53041c629cfdec\igd9trinity64.dll
0x00007ffcdc900000 - 0x00007ffcdca3a000 	C:\WINDOWS\system32\dxgi.dll
0x00007ffcd5130000 - 0x00007ffcd56db000 	C:\WINDOWS\System32\DriverStore\FileRepository\iigd_dch.inf_amd64_cc53041c629cfdec\igdgmm64.dll
0x00007ffccfbd0000 - 0x00007ffcd4e84000 	C:\WINDOWS\System32\DriverStore\FileRepository\iigd_dch.inf_amd64_cc53041c629cfdec\igc64.dll
0x00007ffcdf7c0000 - 0x00007ffcdf817000 	C:\WINDOWS\SYSTEM32\CFGMGR32.dll
0x00007ffcd8560000 - 0x00007ffcd85c0000 	C:\WINDOWS\SYSTEM32\directxdatabasehelper.dll
0x00007ffc46e20000 - 0x00007ffc4858b000 	C:\WINDOWS\System32\DriverStore\FileRepository\iigd_dch.inf_amd64_cc53041c629cfdec\igd9dxva64.dll
0x00007ffce2150000 - 0x00007ffce25d7000 	C:\WINDOWS\System32\SETUPAPI.dll
0x00007ffcc4ed0000 - 0x00007ffcc6fa3000 	C:\WINDOWS\System32\DriverStore\FileRepository\iigd_dch.inf_amd64_cc53041c629cfdec\media_bin_64.dll
0x00007ffc996e0000 - 0x00007ffc99729000 	C:\javafx-sdk-25\bin\glass.dll
0x00007ffce25e0000 - 0x00007ffce26d1000 	C:\WINDOWS\System32\COMDLG32.dll
0x00007ffce0940000 - 0x00007ffce09f1000 	C:\WINDOWS\System32\clbcatq.dll
0x00007ffcc9fb0000 - 0x00007ffcca100000 	C:\Windows\System32\Windows.UI.dll
0x00007ffccdfd0000 - 0x00007ffcce08c000 	C:\Windows\System32\Windows.Networking.Connectivity.dll
0x00007ffccf780000 - 0x00007ffccf9b9000 	C:\Windows\System32\twinapi.appcore.dll
0x00007ffce0cd0000 - 0x00007ffce0e28000 	C:\WINDOWS\System32\MSCTF.dll
0x00007ffc4e100000 - 0x00007ffc4e2a1000 	C:\WINDOWS\System32\DriverStore\FileRepository\iigd_dch.inf_amd64_cc53041c629cfdec\igdml64.dll
0x00007ffcc4df0000 - 0x00007ffcc4e18000 	C:\WINDOWS\System32\DriverStore\FileRepository\iigd_dch.inf_amd64_cc53041c629cfdec\igdinfo64.dll
0x00007ffcc6fb0000 - 0x00007ffcc70fd000 	C:\Windows\System32\Windows.UI.Immersive.dll
0x00007ffcd6ea0000 - 0x00007ffcd6eb9000 	C:\WINDOWS\System32\npmproxy.dll
0x00007ffcde180000 - 0x00007ffcde1b4000 	C:\Windows\System32\IPHLPAPI.DLL
0x00007ffce2750000 - 0x00007ffce275a000 	C:\WINDOWS\System32\NSI.dll
0x00007ffc94e50000 - 0x00007ffc94e63000 	C:\Windows\System32\dusmapi.dll
0x00007ffc9cac0000 - 0x00007ffc9cad5000 	C:\javafx-sdk-25\bin\javafx_font.dll
0x00007ffcdaf80000 - 0x00007ffcdb1e7000 	C:\WINDOWS\SYSTEM32\dwrite.dll
0x00007ffcdad40000 - 0x00007ffcdaf6f000 	C:\WINDOWS\SYSTEM32\WindowsCodecs.dll
0x00007ffc9cef0000 - 0x00007ffc9cf4a000 	C:\WINDOWS\system32\dataexchange.dll
0x00007ffc99500000 - 0x00007ffc9952c000 	C:\Program Files\Common Files\Microsoft Shared\Ink\rtscom.dll

JVMTI agents: none

dbghelp: loaded successfully - version: 4.0.5 - missing functions: none
symbol engine: initialized successfully - sym options: 0x614 - pdb path: .;C:\jdk-25\bin;C:\WINDOWS\SYSTEM32;C:\ProgramData\Symantec\Symantec Endpoint Protection\14.3.9681.7000.105\Data\Sysfer\x64;C:\WINDOWS\WinSxS\amd64_microsoft.windows.common-controls_6595b64144ccf1df_6.0.26100.5074_none_3e0d6f78e32fd63f;C:\jdk-25\bin\server;C:\javafx-sdk-25\bin;C:\WINDOWS\System32\DriverStore\FileRepository\iigd_dch.inf_amd64_cc53041c629cfdec;C:\Program Files\Common Files\Microsoft Shared\Ink;C:\WINDOWS\WinSxS\amd64_microsoft.windows.gdiplus_6595b64144ccf1df_1.1.26100.5074_none_6ef8625e3dc2500d

VM Arguments:
jvm_args: -Xms512m -Xmx6g --module-path=C:\javafx-sdk-25\lib --add-modules=javafx.controls -Dfile.encoding=windows-1252 -Dstdout.encoding=windows-1252 -Dstderr.encoding=windows-1252 -XX:+ShowCodeDetailsInExceptionMessages 
java_command: model.Main
java_class_path (initial): E:\Airway_Analysis\bin;E:\Airway_Analysis\lib\niftijio.jar;C:\javafx-sdk-25\lib\javafx.base.jar;C:\javafx-sdk-25\lib\javafx.controls.jar;C:\javafx-sdk-25\lib\javafx.fxml.jar;C:\javafx-sdk-25\lib\javafx.graphics.jar;C:\javafx-sdk-25\lib\javafx.media.jar;C:\javafx-sdk-25\lib\javafx.swing.jar;C:\javafx-sdk-25\lib\javafx.web.jar;C:\javafx-sdk-25\lib\javafx-swt.jar;C:\javafx-sdk-25\lib\jdk.jsobject.jar;C:\javafx-sdk-25\lib\jfx.incubator.input.jar;C:\javafx-sdk-25\lib\jfx.incubator.richtext.jar
Launcher Type: SUN_STANDARD

[Global flags]
     intx CICompilerCount                          = 12                                        {product} {ergonomic}
     uint ConcGCThreads                            = 4                                         {product} {ergonomic}
     uint G1ConcRefinementThreads                  = 15                                        {product} {ergonomic}
   size_t G1HeapRegionSize                         = 4194304                                   {product} {ergonomic}
   size_t InitialHeapSize                          = 536870912                                 {product} {command line}
   size_t MarkStackSize                            = 4194304                                   {product} {ergonomic}
   size_t MarkStackSizeMax                         = 536870912                                 {product} {ergonomic}
   size_t MaxHeapSize                              = 6442450944                                {product} {command line}
   size_t MaxNewSize                               = 3862953984                                {product} {ergonomic}
   size_t MinHeapDeltaBytes                        = 4194304                                   {product} {ergonomic}
   size_t MinHeapSize                              = 536870912                                 {product} {command line}
    uintx NonNMethodCodeHeapSize                   = 7602176                                {pd product} {ergonomic}
    uintx NonProfiledCodeHeapSize                  = 122093568                              {pd product} {ergonomic}
    uintx ProfiledCodeHeapSize                     = 121962496                              {pd product} {ergonomic}
    uintx ReservedCodeCacheSize                    = 251658240                              {pd product} {ergonomic}
     bool SegmentedCodeCache                       = true                                      {product} {ergonomic}
     bool ShowCodeDetailsInExceptionMessages       = true                                   {manageable} {command line}
   size_t SoftMaxHeapSize                          = 6442450944                             {manageable} {ergonomic}
     bool UseCompressedOops                        = true                           {product lp64_product} {ergonomic}
     bool UseG1GC                                  = true                                      {product} {ergonomic}
     bool UseLargePagesIndividualAllocation        = false                                  {pd product} {ergonomic}

Logging:
Log output configuration:
 #0: stdout all=warning uptime,level,tags foldmultilines=false
 #1: stderr all=off uptime,level,tags foldmultilines=false

Release file:
IMPLEMENTOR="Oracle Corporation" 
JAVA_RUNTIME_VERSION="25.0.1+8-27" 
JAVA_VERSION="25.0.1" 
JAVA_VERSION_DATE="2025-10-21" 
LIBC="default" 
MODULES="java.base java.compiler java.datatransfer java.xml java.prefs java.desktop java.instrument java.logging java.management java.security.sasl java.naming java.rmi java.management.rmi java.net.http java.scripting java.security.jgss java.transaction.xa java.sql java.sql.rowset java.xml.crypto java.se java.smartcardio jdk.accessibility jdk.internal.jvmstat jdk.attach jdk.charsets jdk.internal.opt jdk.zipfs jdk.compiler jdk.crypto.cryptoki jdk.crypto.ec jdk.crypto.mscapi jdk.dynalink jdk.internal.ed jdk.editpad jdk.internal.vm.ci jdk.graal.compiler jdk.graal.compiler.management jdk.hotspot.agent jdk.httpserver jdk.incubator.vector jdk.internal.le jdk.internal.md jdk.jartool jdk.javadoc jdk.jcmd jdk.management jdk.management.agent jdk.jconsole jdk.jdeps jdk.jdwp.agent jdk.jdi jdk.jfr jdk.jlink jdk.jpackage jdk.jshell jdk.jsobject jdk.jstatd jdk.localedata jdk.management.jfr jdk.naming.dns jdk.naming.rmi jdk.net jdk.nio.mapmode jdk.sctp jdk.security.auth jdk.security.jgss jdk.unsupported jdk.unsupported.desktop jdk.xml.dom" 
OS_ARCH="x86_64" 
OS_NAME="Windows" 
SOURCE=".:git:78770bfaefd2" 

Environment Variables:
PATH=C:\WINDOWS\system32;C:\WINDOWS;C:\WINDOWS\System32\Wbem;C:\WINDOWS\System32\WindowsPowerShell\v1.0\;C:\WINDOWS\System32\OpenSSH\;C:\Program Files (x86)\Microsoft SQL Server\160\Tools\Binn\;C:\Program Files\Microsoft SQL Server\160\Tools\Binn\;C:\Program Files\Microsoft SQL Server\Client SDK\ODBC\170\Tools\Binn\;C:\Program Files\Microsoft SQL Server\160\DTS\Binn\;C:\Program Files (x86)\Microsoft SQL Server\160\DTS\Binn\;C:\Program Files\Azure Data Studio\bin;C:\Program Files\Microsoft SQL Server\130\Tools\Binn\;C:\Program Files (x86)\Windows Kits\10\Windows Performance Toolkit\;C:\Program Files (x86)\Windows Kits\10\Microsoft Application Virtualization\Sequencer\;C:\Users\General\AppData\Local\Microsoft\WindowsApps;
USERNAME=General
OS=Windows_NT
PROCESSOR_IDENTIFIER=Intel64 Family 6 Model 191 Stepping 2, GenuineIntel
TMP=C:\Users\General\AppData\Local\Temp
TEMP=C:\Users\General\AppData\Local\Temp




Compilation memory statistics disabled.

Periodic native trim disabled

---------------  S Y S T E M  ---------------

OS:
 Windows 11 , 64 bit Build 26100 (10.0.26100.5074)
OS uptime: 1 days 21:42 hours
Hyper-V role detected

CPU: total 20 (initial active 20) (10 cores per cpu, 2 threads per core) family 6 model 191 stepping 2 microcode 0x3a, cx8, cmov, fxsr, ht, mmx, 3dnowpref, sse, sse2, sse3, ssse3, sse4.1, sse4.2, popcnt, lzcnt, tsc, tscinvbit, avx, avx2, aes, erms, clmul, bmi1, bmi2, adx, sha, fma, vzeroupper, clflush, clflushopt, clwb, hv, serialize, rdtscp, rdpid, fsrm, gfni, f16c, cet_ibt, cet_ss
Processor Information for the first 20 processors :
  Max Mhz: 2600, Current Mhz: 2600, Mhz Limit: 2600

Memory: 4k page, system-wide physical 7878M (74M free)
TotalPageFile size 16070M (AvailPageFile size 1119M)
current process WorkingSet (physical memory assigned to process): 2949M, peak: 2970M
current process commit charge ("private bytes"): 3512M, peak: 4688M

vm_info: OpenJDK 64-Bit Server VM (25.0.1+8-27) for windows-amd64 JRE (25.0.1+8-27), built on 2025-09-25T16:41:16Z with unknown MS VC++:1943

END.
