#
# There is insufficient memory for the Java Runtime Environment to continue.
# Native memory allocation (mmap) failed to map 1711276032 bytes. Error detail: G1 virtual space
# Possible reasons:
#   The system is out of physical RAM or swap space
#   This process is running with CompressedOops enabled, and the Java Heap may be blocking the growth of the native heap
# Possible solutions:
#   Reduce memory load on the system
#   Increase physical memory or swap space
#   Check if swap backing store is full
#   Decrease Java heap size (-Xmx/-Xms)
#   Decrease number of Java threads
#   Decrease Java thread stack sizes (-Xss)
#   Set larger code cache with -XX:ReservedCodeCacheSize=
#   JVM is running with Zero Based Compressed Oops mode in which the Java heap is
#     placed in the first 32GB address space. The Java Heap base address is the
#     maximum limit for the native heap growth. Please use -XX:HeapBaseMinAddress
#     to set the Java Heap base and to place the Java Heap above 32GB virtual address.
# This output file may be truncated or incomplete.
#
#  Out of Memory Error (os_windows.cpp:3554), pid=55716, tid=98844
#
# JRE version: OpenJDK Runtime Environment (25.0.1+8) (build 25.0.1+8-27)
# Java VM: OpenJDK 64-Bit Server VM (25.0.1+8-27, mixed mode, sharing, tiered, compressed oops, compressed class ptrs, g1 gc, windows-amd64)
# No core dump will be written. Minidumps are not enabled by default on client versions of Windows
#

---------------  S U M M A R Y ------------

Command Line: -Xms512m -Xmx6g --enable-native-access=javafx.graphics --module-path=C:\javafx-sdk-21\javafx-sdk-21\lib --add-modules=javafx.controls,javafx.fxml,javafx.graphics,javafx.base,javafx.media,javafx.swing,javafx.web -Dfile.encoding=UTF-8 -Dstdout.encoding=UTF-8 -Dstderr.encoding=UTF-8 -XX:+ShowCodeDetailsInExceptionMessages model.Main

Host: Intel(R) Core(TM) i5-14500, 20 cores, 7G,  Windows 11 , 64 bit Build 26100 (10.0.26100.5074)
Time: Thu May  7 21:00:51 2026 South Africa Standard Time elapsed time: 24.313982 seconds (0d 0h 0m 24s)

---------------  T H R E A D  ---------------

Current thread (0x000002327a3c9a30):  VMThread "VM Thread"          [id=98844, stack(0x0000009ebba00000,0x0000009ebbb00000) (1024K)]

Stack: [0x0000009ebba00000,0x0000009ebbb00000]
Native frames: (J=compiled Java code, j=interpreted, Vv=VM code, C=native code)
V  [jvm.dll+0x7a6b59]  (no source info available)
V  [jvm.dll+0x77290d]  (no source info available)
V  [jvm.dll+0x966153]  (no source info available)
V  [jvm.dll+0x968751]  (no source info available)
V  [jvm.dll+0x968e53]  (no source info available)
V  [jvm.dll+0x2fc756]  (no source info available)
V  [jvm.dll+0x7a2d85]  (no source info available)
V  [jvm.dll+0x796197]  (no source info available)
V  [jvm.dll+0x3f4698]  (no source info available)
V  [jvm.dll+0x3fc5b6]  (no source info available)
V  [jvm.dll+0x3e8c8e]  (no source info available)
V  [jvm.dll+0x3e8f48]  (no source info available)
V  [jvm.dll+0x3c0045]  (no source info available)
V  [jvm.dll+0x3c00da]  (no source info available)
V  [jvm.dll+0x40d2b6]  (no source info available)
V  [jvm.dll+0x40bbdb]  (no source info available)
V  [jvm.dll+0x3bf787]  (no source info available)
V  [jvm.dll+0x40afdf]  (no source info available)
V  [jvm.dll+0x96f091]  (no source info available)
V  [jvm.dll+0x9703ad]  (no source info available)
V  [jvm.dll+0x970929]  (no source info available)
V  [jvm.dll+0x970bd3]  (no source info available)
V  [jvm.dll+0x906a0d]  (no source info available)
V  [jvm.dll+0x7a5135]  (no source info available)
C  [ucrtbase.dll+0x37b0]  (no source info available)
C  [KERNEL32.DLL+0x2e8d7]  (no source info available)
C  [ntdll.dll+0x8d9c]  (no source info available)

VM_Operation (0x0000009ebc3fe6e0): G1CollectForAllocation, mode: safepoint, requested by thread 0x000002320534c3c0


---------------  P R O C E S S  ---------------

Threads class SMR info:
_java_thread_list=0x000002320c060c80, length=21, elements={
0x0000023255fdaf60, 0x000002327a3d90d0, 0x000002327a3d99e0, 0x000002327a3dd700,
0x000002327a3de2c0, 0x000002327a3e52b0, 0x000002327a3ede80, 0x000002327a3f2230,
0x000002327a406e70, 0x00000232041486d0, 0x0000023204a2a820, 0x00000232048101b0,
0x0000023204fbeaa0, 0x0000023204fd2560, 0x000002320b2d2750, 0x000002320b2fdb60,
0x000002320b5bcf50, 0x000002320b5be6c0, 0x000002320534c3c0, 0x0000023204272880,
0x000002321d0f30a0
}

Java Threads: ( => current thread )
  0x0000023255fdaf60 JavaThread "main"                              [_thread_blocked, id=124460, stack(0x0000009ebb300000,0x0000009ebb400000) (1024K)]
  0x000002327a3d90d0 JavaThread "Reference Handler"          daemon [_thread_blocked, id=97040, stack(0x0000009ebbb00000,0x0000009ebbc00000) (1024K)]
  0x000002327a3d99e0 JavaThread "Finalizer"                  daemon [_thread_blocked, id=98288, stack(0x0000009ebbc00000,0x0000009ebbd00000) (1024K)]
  0x000002327a3dd700 JavaThread "Signal Dispatcher"          daemon [_thread_blocked, id=98940, stack(0x0000009ebbd00000,0x0000009ebbe00000) (1024K)]
  0x000002327a3de2c0 JavaThread "Attach Listener"            daemon [_thread_blocked, id=97096, stack(0x0000009ebbe00000,0x0000009ebbf00000) (1024K)]
  0x000002327a3e52b0 JavaThread "Service Thread"             daemon [_thread_blocked, id=97284, stack(0x0000009ebbf00000,0x0000009ebc000000) (1024K)]
  0x000002327a3ede80 JavaThread "Monitor Deflation Thread"   daemon [_thread_blocked, id=98988, stack(0x0000009ebc000000,0x0000009ebc100000) (1024K)]
  0x000002327a3f2230 JavaThread "C2 CompilerThread0"         daemon [_thread_blocked, id=98556, stack(0x0000009ebc100000,0x0000009ebc200000) (1024K)]
  0x000002327a406e70 JavaThread "C1 CompilerThread0"         daemon [_thread_blocked, id=98340, stack(0x0000009ebc200000,0x0000009ebc300000) (1024K)]
  0x00000232041486d0 JavaThread "Common-Cleaner"             daemon [_thread_blocked, id=84388, stack(0x0000009ebc400000,0x0000009ebc500000) (1024K)]
  0x0000023204a2a820 JavaThread "Notification Thread"        daemon [_thread_blocked, id=97196, stack(0x0000009ebcb00000,0x0000009ebcc00000) (1024K)]
  0x00000232048101b0 JavaThread "QuantumRenderer-0"          daemon [_thread_blocked, id=105036, stack(0x0000009ebcc00000,0x0000009ebcd00000) (1024K)]
  0x0000023204fbeaa0 JavaThread "InvokeLaterDispatcher"      daemon [_thread_blocked, id=105160, stack(0x0000009ebca00000,0x0000009ebcb00000) (1024K)]
  0x0000023204fd2560 JavaThread "JavaFX Application Thread"         [_thread_blocked, id=103844, stack(0x0000009ebcd00000,0x0000009ebce00000) (1024K)]
  0x000002320b2d2750 JavaThread "JavaFX-Launcher"                   [_thread_blocked, id=102852, stack(0x0000009ebe600000,0x0000009ebe700000) (1024K)]
  0x000002320b2fdb60 JavaThread "Thread-2"                   daemon [_thread_blocked, id=101748, stack(0x0000009ebe500000,0x0000009ebe600000) (1024K)]
  0x000002320b5bcf50 JavaThread "Prism Font Disposer"        daemon [_thread_blocked, id=97836, stack(0x0000009ebf500000,0x0000009ebf600000) (1024K)]
  0x000002320b5be6c0 JavaThread "Cleaner-0"                  daemon [_thread_blocked, id=100248, stack(0x0000009ebf600000,0x0000009ebf700000) (1024K)]
  0x000002320534c3c0 JavaThread "Thread-4"                          [_thread_blocked, id=105264, stack(0x0000009ebc300000,0x0000009ebc400000) (1024K)]
  0x0000023204272880 JavaThread "C1 CompilerThread1"         daemon [_thread_blocked, id=106736, stack(0x0000009ebfb00000,0x0000009ebfc00000) (1024K)]
  0x000002321d0f30a0 JavaThread "C1 CompilerThread2"         daemon [_thread_blocked, id=80368, stack(0x0000009ebc500000,0x0000009ebc600000) (1024K)]
Total: 21

Other Threads:
=>0x000002327a3c9a30 VMThread "VM Thread"                           [id=98844, stack(0x0000009ebba00000,0x0000009ebbb00000) (1024K)]
  0x000002327a294fd0 WatcherThread "VM Periodic Task Thread"        [id=98652, stack(0x0000009ebb900000,0x0000009ebba00000) (1024K)]
  0x0000023258493830 WorkerThread "GC Thread#0"                     [id=96172, stack(0x0000009ebb400000,0x0000009ebb500000) (1024K)]
  0x0000023204995c00 WorkerThread "GC Thread#1"                     [id=102676, stack(0x0000009ebe700000,0x0000009ebe800000) (1024K)]
  0x0000023204996d40 WorkerThread "GC Thread#2"                     [id=102584, stack(0x0000009ebe800000,0x0000009ebe900000) (1024K)]
  0x0000023204996050 WorkerThread "GC Thread#3"                     [id=103332, stack(0x0000009ebe900000,0x0000009ebea00000) (1024K)]
  0x00000232049964a0 WorkerThread "GC Thread#4"                     [id=102460, stack(0x0000009ebea00000,0x0000009ebeb00000) (1024K)]
  0x00000232049975e0 WorkerThread "GC Thread#5"                     [id=101344, stack(0x0000009ebeb00000,0x0000009ebec00000) (1024K)]
  0x0000023204997a30 WorkerThread "GC Thread#6"                     [id=101896, stack(0x0000009ebec00000,0x0000009ebed00000) (1024K)]
  0x0000023204997e80 WorkerThread "GC Thread#7"                     [id=101740, stack(0x0000009ebed00000,0x0000009ebee00000) (1024K)]
  0x0000023204998b70 WorkerThread "GC Thread#8"                     [id=103016, stack(0x0000009ebee00000,0x0000009ebef00000) (1024K)]
  0x0000023204998720 WorkerThread "GC Thread#9"                     [id=96476, stack(0x0000009ebef00000,0x0000009ebf000000) (1024K)]
  0x0000023204995360 WorkerThread "GC Thread#10"                    [id=99580, stack(0x0000009ebf000000,0x0000009ebf100000) (1024K)]
  0x000002320b66ad30 WorkerThread "GC Thread#11"                    [id=95692, stack(0x0000009ebf100000,0x0000009ebf200000) (1024K)]
  0x000002320bdd2590 WorkerThread "GC Thread#12"                    [id=84612, stack(0x0000009ebc600000,0x0000009ebc700000) (1024K)]
  0x000002320bdd0bb0 WorkerThread "GC Thread#13"                    [id=84472, stack(0x0000009ebfc00000,0x0000009ebfd00000) (1024K)]
  0x000002320bdd1000 WorkerThread "GC Thread#14"                    [id=84928, stack(0x0000009ebfd00000,0x0000009ebfe00000) (1024K)]
  0x00000232584a7bc0 ConcurrentGCThread "G1 Main Marker"            [id=87856, stack(0x0000009ebb500000,0x0000009ebb600000) (1024K)]
  0x00000232584a8f00 WorkerThread "G1 Conc#0"                       [id=128880, stack(0x0000009ebb600000,0x0000009ebb700000) (1024K)]
  0x000002320d50ba00 WorkerThread "G1 Conc#1"                       [id=94812, stack(0x0000009ebfe00000,0x0000009ebff00000) (1024K)]
  0x000002320d50cf90 WorkerThread "G1 Conc#2"                       [id=94556, stack(0x0000009ebff00000,0x0000009ec0000000) (1024K)]
  0x000002320d50be50 WorkerThread "G1 Conc#3"                       [id=106312, stack(0x0000009ec0000000,0x0000009ec0100000) (1024K)]
  0x000002327a286bf0 ConcurrentGCThread "G1 Refine#0"               [id=128376, stack(0x0000009ebb700000,0x0000009ebb800000) (1024K)]
  0x000002327a288810 ConcurrentGCThread "G1 Service"                [id=87436, stack(0x0000009ebb800000,0x0000009ebb900000) (1024K)]
Total: 24

Threads with active compile tasks:
Total: 0

VM state: at safepoint (normal execution)

VM Mutex/Monitor currently owned by a thread:  ([mutex/lock_event])
[0x00007ffb7f3b94e8] Threads_lock - owner thread: 0x000002327a3c9a30
[0x00007ffb7f3b9668] Heap_lock - owner thread: 0x000002320534c3c0

Heap address: 0x0000000680000000, size: 6144 MB, Compressed Oops mode: Zero based, Oop shift amount: 3

CDS archive(s) mapped at: [0x0000000017000000-0x0000000017dd0000-0x0000000017dd0000), size 14483456, SharedBaseAddress: 0x0000000017000000, ArchiveRelocationMode: 1.
Compressed class space mapped at: 0x0000000018000000-0x0000000058000000, reserved size: 1073741824
UseCompressedClassPointers 1, UseCompactObjectHeaders 0
Narrow klass pointer bits 32, Max shift 3
Narrow klass base: 0x0000000017000000, Narrow klass shift: 0
Encoding Range: [0x0000000017000000 - 0x0000000117000000), (4294967296 bytes)
Klass Range:    [0x0000000017010000 - 0x0000000058000000), (1090453504 bytes)
Klass ID Range:  [65536 - 1090519033) (1090453497)
Protection zone: [0x0000000017000000 - 0x0000000017010000), (65536 bytes)

GC Precious Log:
 CardTable entry size: 512
 Card Set container configuration: InlinePtr #cards 4 size 8 Array Of Cards #cards 32 size 80 Howl #buckets 8 coarsen threshold 7372 Howl Bitmap #cards 1024 size 144 coarsen threshold 921 Card regions per heap region 1 cards per card region 8192
 CPUs: 20 total, 20 available
 Memory: 7878M
 Large Page Support: Disabled
 NUMA Support: Disabled
 Compressed Oops: Enabled (Zero based)
 Heap Region Size: 4M
 Heap Min Capacity: 512M
 Heap Initial Capacity: 512M
 Heap Max Capacity: 6G
 Pre-touch: Disabled
 Parallel Workers: 15
 Concurrent Workers: 4
 Concurrent Refinement Workers: 15
 Periodic GC: Disabled

Heap:
 garbage-first heap   total reserved 6291456K, committed 2117632K, used 2014435K [0x0000000680000000, 0x0000000800000000)
  region size 4096K, 3 young (12288K), 3 survivors (12288K)

Heap Regions: E=young(eden), S=young(survivor), O=old, HS=humongous(starts), HC=humongous(continues), CS=collection set, F=free, TAMS=top-at-mark-start, PB=parsable bottom
|   0|0x0000000680000000, 0x0000000680400000, 0x0000000680400000|100%| O|  |TAMS 0x0000000680400000| PB 0x0000000680000000| Untracked |  0
|   1|0x0000000680400000, 0x0000000680800000, 0x0000000680800000|100%| O|  |TAMS 0x0000000680800000| PB 0x0000000680400000| Untracked |  0
|   2|0x0000000680800000, 0x0000000680c00000, 0x0000000680c00000|100%| O|  |TAMS 0x0000000680c00000| PB 0x0000000680800000| Untracked |  0
|   3|0x0000000680c00000, 0x0000000681000000, 0x0000000681000000|100%| O|  |TAMS 0x0000000681000000| PB 0x0000000680c00000| Untracked |  0
|   4|0x0000000681000000, 0x0000000681400000, 0x0000000681400000|100%| O|  |TAMS 0x0000000681400000| PB 0x0000000681000000| Untracked |  0
|   5|0x0000000681400000, 0x0000000681800000, 0x0000000681800000|100%| O|  |TAMS 0x0000000681800000| PB 0x0000000681400000| Untracked |  0
|   6|0x0000000681800000, 0x0000000681c00000, 0x0000000681c00000|100%| O|  |TAMS 0x0000000681c00000| PB 0x0000000681800000| Untracked |  0
|   7|0x0000000681c00000, 0x0000000682000000, 0x0000000682000000|100%| O|  |TAMS 0x0000000682000000| PB 0x0000000681c00000| Untracked |  0
|   8|0x0000000682000000, 0x0000000682400000, 0x0000000682400000|100%| O|  |TAMS 0x0000000682400000| PB 0x0000000682000000| Untracked |  0
|   9|0x0000000682400000, 0x0000000682800000, 0x0000000682800000|100%| O|  |TAMS 0x0000000682800000| PB 0x0000000682400000| Untracked |  0
|  10|0x0000000682800000, 0x0000000682c00000, 0x0000000682c00000|100%| O|  |TAMS 0x0000000682c00000| PB 0x0000000682800000| Untracked |  0
|  11|0x0000000682c00000, 0x0000000683000000, 0x0000000683000000|100%| O|  |TAMS 0x0000000683000000| PB 0x0000000682c00000| Untracked |  0
|  12|0x0000000683000000, 0x0000000683400000, 0x0000000683400000|100%| O|  |TAMS 0x0000000683400000| PB 0x0000000683000000| Untracked |  0
|  13|0x0000000683400000, 0x0000000683800000, 0x0000000683800000|100%| O|  |TAMS 0x0000000683800000| PB 0x0000000683400000| Untracked |  0
|  14|0x0000000683800000, 0x0000000683c00000, 0x0000000683c00000|100%| O|  |TAMS 0x0000000683c00000| PB 0x0000000683800000| Untracked |  0
|  15|0x0000000683c00000, 0x0000000684000000, 0x0000000684000000|100%| O|  |TAMS 0x0000000684000000| PB 0x0000000683c00000| Untracked |  0
|  16|0x0000000684000000, 0x0000000684400000, 0x0000000684400000|100%| O|  |TAMS 0x0000000684400000| PB 0x0000000684000000| Untracked |  0
|  17|0x0000000684400000, 0x0000000684800000, 0x0000000684800000|100%| O|  |TAMS 0x0000000684800000| PB 0x0000000684400000| Untracked |  0
|  18|0x0000000684800000, 0x0000000684c00000, 0x0000000684c00000|100%| O|  |TAMS 0x0000000684c00000| PB 0x0000000684800000| Untracked |  0
|  19|0x0000000684c00000, 0x0000000685000000, 0x0000000685000000|100%| O|  |TAMS 0x0000000685000000| PB 0x0000000684c00000| Untracked |  0
|  20|0x0000000685000000, 0x0000000685400000, 0x0000000685400000|100%| O|  |TAMS 0x0000000685400000| PB 0x0000000685000000| Untracked |  0
|  21|0x0000000685400000, 0x0000000685800000, 0x0000000685800000|100%| O|  |TAMS 0x0000000685800000| PB 0x0000000685400000| Untracked |  0
|  22|0x0000000685800000, 0x0000000685c00000, 0x0000000685c00000|100%| O|  |TAMS 0x0000000685c00000| PB 0x0000000685800000| Untracked |  0
|  23|0x0000000685c00000, 0x0000000686000000, 0x0000000686000000|100%| O|  |TAMS 0x0000000686000000| PB 0x0000000685c00000| Untracked |  0
|  24|0x0000000686000000, 0x0000000686400000, 0x0000000686400000|100%| O|  |TAMS 0x0000000686400000| PB 0x0000000686000000| Untracked |  0
|  25|0x0000000686400000, 0x0000000686800000, 0x0000000686800000|100%| O|  |TAMS 0x0000000686800000| PB 0x0000000686400000| Untracked |  0
|  26|0x0000000686800000, 0x0000000686c00000, 0x0000000686c00000|100%| O|  |TAMS 0x0000000686800000| PB 0x0000000686800000| Untracked |  0
|  27|0x0000000686c00000, 0x0000000687000000, 0x0000000687000000|100%| O|  |TAMS 0x0000000686c00000| PB 0x0000000686c00000| Untracked |  0
|  28|0x0000000687000000, 0x0000000687400000, 0x0000000687400000|100%| O|  |TAMS 0x0000000687000000| PB 0x0000000687000000| Untracked |  0
|  29|0x0000000687400000, 0x0000000687800000, 0x0000000687800000|100%| O|  |TAMS 0x0000000687400000| PB 0x0000000687400000| Untracked |  0
|  30|0x0000000687800000, 0x0000000687c00000, 0x0000000687c00000|100%| O|  |TAMS 0x0000000687800000| PB 0x0000000687800000| Untracked |  0
|  31|0x0000000687c00000, 0x0000000688000000, 0x0000000688000000|100%| O|  |TAMS 0x0000000687c00000| PB 0x0000000687c00000| Untracked |  0
|  32|0x0000000688000000, 0x0000000688400000, 0x0000000688400000|100%| O|  |TAMS 0x0000000688000000| PB 0x0000000688000000| Untracked |  0
|  33|0x0000000688400000, 0x0000000688800000, 0x0000000688800000|100%| O|  |TAMS 0x0000000688400000| PB 0x0000000688400000| Untracked |  0
|  34|0x0000000688800000, 0x0000000688c00000, 0x0000000688c00000|100%| O|  |TAMS 0x0000000688800000| PB 0x0000000688800000| Untracked |  0
|  35|0x0000000688c00000, 0x0000000689000000, 0x0000000689000000|100%| O|  |TAMS 0x0000000688c00000| PB 0x0000000688c00000| Untracked |  0
|  36|0x0000000689000000, 0x0000000689400000, 0x0000000689400000|100%| O|  |TAMS 0x0000000689000000| PB 0x0000000689000000| Untracked |  0
|  37|0x0000000689400000, 0x0000000689800000, 0x0000000689800000|100%| O|  |TAMS 0x0000000689400000| PB 0x0000000689400000| Untracked |  0
|  38|0x0000000689800000, 0x0000000689c00000, 0x0000000689c00000|100%| O|  |TAMS 0x0000000689800000| PB 0x0000000689800000| Untracked |  0
|  39|0x0000000689c00000, 0x000000068a000000, 0x000000068a000000|100%| O|  |TAMS 0x0000000689c00000| PB 0x0000000689c00000| Untracked |  0
|  40|0x000000068a000000, 0x000000068a400000, 0x000000068a400000|100%| O|  |TAMS 0x000000068a000000| PB 0x000000068a000000| Untracked |  0
|  41|0x000000068a400000, 0x000000068a800000, 0x000000068a800000|100%| O|  |TAMS 0x000000068a400000| PB 0x000000068a400000| Untracked |  0
|  42|0x000000068a800000, 0x000000068ac00000, 0x000000068ac00000|100%| O|  |TAMS 0x000000068a800000| PB 0x000000068a800000| Untracked |  0
|  43|0x000000068ac00000, 0x000000068b000000, 0x000000068b000000|100%| O|  |TAMS 0x000000068ac00000| PB 0x000000068ac00000| Untracked |  0
|  44|0x000000068b000000, 0x000000068b400000, 0x000000068b400000|100%| O|  |TAMS 0x000000068b000000| PB 0x000000068b000000| Untracked |  0
|  45|0x000000068b400000, 0x000000068b800000, 0x000000068b800000|100%| O|  |TAMS 0x000000068b400000| PB 0x000000068b400000| Untracked |  0
|  46|0x000000068b800000, 0x000000068bc00000, 0x000000068bc00000|100%| O|  |TAMS 0x000000068b800000| PB 0x000000068b800000| Untracked |  0
|  47|0x000000068bc00000, 0x000000068c000000, 0x000000068c000000|100%| O|  |TAMS 0x000000068bc00000| PB 0x000000068bc00000| Untracked |  0
|  48|0x000000068c000000, 0x000000068c400000, 0x000000068c400000|100%| O|  |TAMS 0x000000068c000000| PB 0x000000068c000000| Untracked |  0
|  49|0x000000068c400000, 0x000000068c800000, 0x000000068c800000|100%| O|  |TAMS 0x000000068c400000| PB 0x000000068c400000| Untracked |  0
|  50|0x000000068c800000, 0x000000068cc00000, 0x000000068cc00000|100%| O|  |TAMS 0x000000068c800000| PB 0x000000068c800000| Untracked |  0
|  51|0x000000068cc00000, 0x000000068d000000, 0x000000068d000000|100%| O|  |TAMS 0x000000068cc00000| PB 0x000000068cc00000| Untracked |  0
|  52|0x000000068d000000, 0x000000068d400000, 0x000000068d400000|100%| O|  |TAMS 0x000000068d000000| PB 0x000000068d000000| Untracked |  0
|  53|0x000000068d400000, 0x000000068d800000, 0x000000068d800000|100%| O|  |TAMS 0x000000068d400000| PB 0x000000068d400000| Untracked |  0
|  54|0x000000068d800000, 0x000000068dc00000, 0x000000068dc00000|100%| O|  |TAMS 0x000000068d800000| PB 0x000000068d800000| Untracked |  0
|  55|0x000000068dc00000, 0x000000068e000000, 0x000000068e000000|100%| O|  |TAMS 0x000000068dc00000| PB 0x000000068dc00000| Untracked |  0
|  56|0x000000068e000000, 0x000000068e400000, 0x000000068e400000|100%| O|  |TAMS 0x000000068e000000| PB 0x000000068e000000| Untracked |  0
|  57|0x000000068e400000, 0x000000068e800000, 0x000000068e800000|100%| O|  |TAMS 0x000000068e400000| PB 0x000000068e400000| Untracked |  0
|  58|0x000000068e800000, 0x000000068ec00000, 0x000000068ec00000|100%| O|  |TAMS 0x000000068e800000| PB 0x000000068e800000| Untracked |  0
|  59|0x000000068ec00000, 0x000000068f000000, 0x000000068f000000|100%| O|  |TAMS 0x000000068ec00000| PB 0x000000068ec00000| Untracked |  0
|  60|0x000000068f000000, 0x000000068f400000, 0x000000068f400000|100%| O|  |TAMS 0x000000068f000000| PB 0x000000068f000000| Untracked |  0
|  61|0x000000068f400000, 0x000000068f800000, 0x000000068f800000|100%| O|  |TAMS 0x000000068f400000| PB 0x000000068f400000| Untracked |  0
|  62|0x000000068f800000, 0x000000068fc00000, 0x000000068fc00000|100%| O|  |TAMS 0x000000068f800000| PB 0x000000068f800000| Untracked |  0
|  63|0x000000068fc00000, 0x0000000690000000, 0x0000000690000000|100%| O|  |TAMS 0x000000068fc00000| PB 0x000000068fc00000| Untracked |  0
|  64|0x0000000690000000, 0x0000000690400000, 0x0000000690400000|100%| O|  |TAMS 0x0000000690000000| PB 0x0000000690000000| Untracked |  0
|  65|0x0000000690400000, 0x0000000690800000, 0x0000000690800000|100%| O|  |TAMS 0x0000000690400000| PB 0x0000000690400000| Untracked |  0
|  66|0x0000000690800000, 0x0000000690c00000, 0x0000000690c00000|100%| O|  |TAMS 0x0000000690800000| PB 0x0000000690800000| Untracked |  0
|  67|0x0000000690c00000, 0x0000000691000000, 0x0000000691000000|100%| O|  |TAMS 0x0000000690c00000| PB 0x0000000690c00000| Untracked |  0
|  68|0x0000000691000000, 0x0000000691400000, 0x0000000691400000|100%| O|  |TAMS 0x0000000691000000| PB 0x0000000691000000| Untracked |  0
|  69|0x0000000691400000, 0x0000000691800000, 0x0000000691800000|100%| O|  |TAMS 0x0000000691400000| PB 0x0000000691400000| Untracked |  0
|  70|0x0000000691800000, 0x0000000691c00000, 0x0000000691c00000|100%| O|  |TAMS 0x0000000691800000| PB 0x0000000691800000| Untracked |  0
|  71|0x0000000691c00000, 0x0000000692000000, 0x0000000692000000|100%| O|  |TAMS 0x0000000691c00000| PB 0x0000000691c00000| Untracked |  0
|  72|0x0000000692000000, 0x0000000692400000, 0x0000000692400000|100%| O|  |TAMS 0x0000000692000000| PB 0x0000000692000000| Untracked |  0
|  73|0x0000000692400000, 0x0000000692800000, 0x0000000692800000|100%| O|  |TAMS 0x0000000692400000| PB 0x0000000692400000| Untracked |  0
|  74|0x0000000692800000, 0x0000000692c00000, 0x0000000692c00000|100%| O|  |TAMS 0x0000000692800000| PB 0x0000000692800000| Untracked |  0
|  75|0x0000000692c00000, 0x0000000693000000, 0x0000000693000000|100%| O|  |TAMS 0x0000000692c00000| PB 0x0000000692c00000| Untracked |  0
|  76|0x0000000693000000, 0x0000000693400000, 0x0000000693400000|100%| O|  |TAMS 0x0000000693000000| PB 0x0000000693000000| Untracked |  0
|  77|0x0000000693400000, 0x0000000693800000, 0x0000000693800000|100%| O|  |TAMS 0x0000000693400000| PB 0x0000000693400000| Untracked |  0
|  78|0x0000000693800000, 0x0000000693c00000, 0x0000000693c00000|100%| O|  |TAMS 0x0000000693800000| PB 0x0000000693800000| Untracked |  0
|  79|0x0000000693c00000, 0x0000000694000000, 0x0000000694000000|100%| O|  |TAMS 0x0000000693c00000| PB 0x0000000693c00000| Untracked |  0
|  80|0x0000000694000000, 0x0000000694400000, 0x0000000694400000|100%| O|  |TAMS 0x0000000694000000| PB 0x0000000694000000| Untracked |  0
|  81|0x0000000694400000, 0x0000000694800000, 0x0000000694800000|100%| O|  |TAMS 0x0000000694400000| PB 0x0000000694400000| Untracked |  0
|  82|0x0000000694800000, 0x0000000694c00000, 0x0000000694c00000|100%| O|  |TAMS 0x0000000694800000| PB 0x0000000694800000| Untracked |  0
|  83|0x0000000694c00000, 0x0000000695000000, 0x0000000695000000|100%| O|  |TAMS 0x0000000694c00000| PB 0x0000000694c00000| Untracked |  0
|  84|0x0000000695000000, 0x0000000695400000, 0x0000000695400000|100%| O|  |TAMS 0x0000000695000000| PB 0x0000000695000000| Untracked |  0
|  85|0x0000000695400000, 0x0000000695800000, 0x0000000695800000|100%| O|  |TAMS 0x0000000695400000| PB 0x0000000695400000| Untracked |  0
|  86|0x0000000695800000, 0x0000000695c00000, 0x0000000695c00000|100%| O|  |TAMS 0x0000000695800000| PB 0x0000000695800000| Untracked |  0
|  87|0x0000000695c00000, 0x0000000696000000, 0x0000000696000000|100%| O|  |TAMS 0x0000000695c00000| PB 0x0000000695c00000| Untracked |  0
|  88|0x0000000696000000, 0x0000000696400000, 0x0000000696400000|100%| S|CS|TAMS 0x0000000696000000| PB 0x0000000696000000| Complete |  0
|  89|0x0000000696400000, 0x0000000696400000, 0x0000000696800000|  0%| F|  |TAMS 0x0000000696400000| PB 0x0000000696400000| Untracked |  0
|  90|0x0000000696800000, 0x0000000696c00000, 0x0000000696c00000|100%| O|  |TAMS 0x0000000696800000| PB 0x0000000696800000| Untracked |  0
|  91|0x0000000696c00000, 0x0000000696c00000, 0x0000000697000000|  0%| F|  |TAMS 0x0000000696c00000| PB 0x0000000696c00000| Untracked |  0
|  92|0x0000000697000000, 0x0000000697000000, 0x0000000697400000|  0%| F|  |TAMS 0x0000000697000000| PB 0x0000000697000000| Untracked |  0
|  93|0x0000000697400000, 0x0000000697400000, 0x0000000697800000|  0%| F|  |TAMS 0x0000000697400000| PB 0x0000000697400000| Untracked |  0
|  94|0x0000000697800000, 0x0000000697800000, 0x0000000697c00000|  0%| F|  |TAMS 0x0000000697800000| PB 0x0000000697800000| Untracked |  0
|  95|0x0000000697c00000, 0x0000000697c00000, 0x0000000698000000|  0%| F|  |TAMS 0x0000000697c00000| PB 0x0000000697c00000| Untracked |  0
|  96|0x0000000698000000, 0x0000000698000000, 0x0000000698400000|  0%| F|  |TAMS 0x0000000698000000| PB 0x0000000698000000| Untracked |  0
|  97|0x0000000698400000, 0x0000000698400000, 0x0000000698800000|  0%| F|  |TAMS 0x0000000698400000| PB 0x0000000698400000| Untracked |  0
|  98|0x0000000698800000, 0x0000000698800000, 0x0000000698c00000|  0%| F|  |TAMS 0x0000000698800000| PB 0x0000000698800000| Untracked |  0
|  99|0x0000000698c00000, 0x0000000698c00000, 0x0000000699000000|  0%| F|  |TAMS 0x0000000698c00000| PB 0x0000000698c00000| Untracked |  0
| 100|0x0000000699000000, 0x0000000699000000, 0x0000000699400000|  0%| F|  |TAMS 0x0000000699000000| PB 0x0000000699000000| Untracked |  0
| 101|0x0000000699400000, 0x0000000699400000, 0x0000000699800000|  0%| F|  |TAMS 0x0000000699400000| PB 0x0000000699400000| Untracked |  0
| 102|0x0000000699800000, 0x0000000699800000, 0x0000000699c00000|  0%| F|  |TAMS 0x0000000699800000| PB 0x0000000699800000| Untracked |  0
| 103|0x0000000699c00000, 0x0000000699c00000, 0x000000069a000000|  0%| F|  |TAMS 0x0000000699c00000| PB 0x0000000699c00000| Untracked |  0
| 104|0x000000069a000000, 0x000000069a000000, 0x000000069a400000|  0%| F|  |TAMS 0x000000069a000000| PB 0x000000069a000000| Untracked |  0
| 105|0x000000069a400000, 0x000000069a400000, 0x000000069a800000|  0%| F|  |TAMS 0x000000069a400000| PB 0x000000069a400000| Untracked |  0
| 106|0x000000069a800000, 0x000000069a800000, 0x000000069ac00000|  0%| F|  |TAMS 0x000000069a800000| PB 0x000000069a800000| Untracked |  0
| 107|0x000000069ac00000, 0x000000069ac00000, 0x000000069b000000|  0%| F|  |TAMS 0x000000069ac00000| PB 0x000000069ac00000| Untracked |  0
| 108|0x000000069b000000, 0x000000069b000000, 0x000000069b400000|  0%| F|  |TAMS 0x000000069b000000| PB 0x000000069b000000| Untracked |  0
| 109|0x000000069b400000, 0x000000069b400000, 0x000000069b800000|  0%| F|  |TAMS 0x000000069b400000| PB 0x000000069b400000| Untracked |  0
| 110|0x000000069b800000, 0x000000069b800000, 0x000000069bc00000|  0%| F|  |TAMS 0x000000069b800000| PB 0x000000069b800000| Untracked |  0
| 111|0x000000069bc00000, 0x000000069bc00000, 0x000000069c000000|  0%| F|  |TAMS 0x000000069bc00000| PB 0x000000069bc00000| Untracked |  0
| 112|0x000000069c000000, 0x000000069c400000, 0x000000069c400000|100%|HS|  |TAMS 0x000000069c400000| PB 0x000000069c000000| Complete |  0
| 113|0x000000069c400000, 0x000000069c800000, 0x000000069c800000|100%|HC|  |TAMS 0x000000069c800000| PB 0x000000069c400000| Complete |  0
| 114|0x000000069c800000, 0x000000069cc00000, 0x000000069cc00000|100%|HC|  |TAMS 0x000000069cc00000| PB 0x000000069c800000| Complete |  0
| 115|0x000000069cc00000, 0x000000069d000000, 0x000000069d000000|100%|HC|  |TAMS 0x000000069d000000| PB 0x000000069cc00000| Complete |  0
| 116|0x000000069d000000, 0x000000069d400000, 0x000000069d400000|100%|HC|  |TAMS 0x000000069d400000| PB 0x000000069d000000| Complete |  0
| 117|0x000000069d400000, 0x000000069d800000, 0x000000069d800000|100%|HC|  |TAMS 0x000000069d800000| PB 0x000000069d400000| Complete |  0
| 118|0x000000069d800000, 0x000000069dc00000, 0x000000069dc00000|100%|HC|  |TAMS 0x000000069dc00000| PB 0x000000069d800000| Complete |  0
| 119|0x000000069dc00000, 0x000000069e000000, 0x000000069e000000|100%|HC|  |TAMS 0x000000069e000000| PB 0x000000069dc00000| Complete |  0
| 120|0x000000069e000000, 0x000000069e400000, 0x000000069e400000|100%|HC|  |TAMS 0x000000069e400000| PB 0x000000069e000000| Complete |  0
| 121|0x000000069e400000, 0x000000069e800000, 0x000000069e800000|100%|HC|  |TAMS 0x000000069e800000| PB 0x000000069e400000| Complete |  0
| 122|0x000000069e800000, 0x000000069ec00000, 0x000000069ec00000|100%|HC|  |TAMS 0x000000069ec00000| PB 0x000000069e800000| Complete |  0
| 123|0x000000069ec00000, 0x000000069f000000, 0x000000069f000000|100%|HC|  |TAMS 0x000000069f000000| PB 0x000000069ec00000| Complete |  0
| 124|0x000000069f000000, 0x000000069f400000, 0x000000069f400000|100%|HC|  |TAMS 0x000000069f400000| PB 0x000000069f000000| Complete |  0
| 125|0x000000069f400000, 0x000000069f800000, 0x000000069f800000|100%|HC|  |TAMS 0x000000069f800000| PB 0x000000069f400000| Complete |  0
| 126|0x000000069f800000, 0x000000069fc00000, 0x000000069fc00000|100%|HC|  |TAMS 0x000000069fc00000| PB 0x000000069f800000| Complete |  0
| 127|0x000000069fc00000, 0x00000006a0000000, 0x00000006a0000000|100%|HC|  |TAMS 0x00000006a0000000| PB 0x000000069fc00000| Complete |  0
| 128|0x00000006a0000000, 0x00000006a0400000, 0x00000006a0400000|100%|HC|  |TAMS 0x00000006a0400000| PB 0x00000006a0000000| Complete |  0
| 129|0x00000006a0400000, 0x00000006a0800000, 0x00000006a0800000|100%|HC|  |TAMS 0x00000006a0800000| PB 0x00000006a0400000| Complete |  0
| 130|0x00000006a0800000, 0x00000006a0c00000, 0x00000006a0c00000|100%|HC|  |TAMS 0x00000006a0c00000| PB 0x00000006a0800000| Complete |  0
| 131|0x00000006a0c00000, 0x00000006a1000000, 0x00000006a1000000|100%|HC|  |TAMS 0x00000006a1000000| PB 0x00000006a0c00000| Complete |  0
| 132|0x00000006a1000000, 0x00000006a1400000, 0x00000006a1400000|100%|HC|  |TAMS 0x00000006a1400000| PB 0x00000006a1000000| Complete |  0
| 133|0x00000006a1400000, 0x00000006a1800000, 0x00000006a1800000|100%|HC|  |TAMS 0x00000006a1800000| PB 0x00000006a1400000| Complete |  0
| 134|0x00000006a1800000, 0x00000006a1c00000, 0x00000006a1c00000|100%|HC|  |TAMS 0x00000006a1c00000| PB 0x00000006a1800000| Complete |  0
| 135|0x00000006a1c00000, 0x00000006a2000000, 0x00000006a2000000|100%|HC|  |TAMS 0x00000006a2000000| PB 0x00000006a1c00000| Complete |  0
| 136|0x00000006a2000000, 0x00000006a2400000, 0x00000006a2400000|100%|HC|  |TAMS 0x00000006a2400000| PB 0x00000006a2000000| Complete |  0
| 137|0x00000006a2400000, 0x00000006a2800000, 0x00000006a2800000|100%|HC|  |TAMS 0x00000006a2800000| PB 0x00000006a2400000| Complete |  0
| 138|0x00000006a2800000, 0x00000006a2c00000, 0x00000006a2c00000|100%|HC|  |TAMS 0x00000006a2c00000| PB 0x00000006a2800000| Complete |  0
| 139|0x00000006a2c00000, 0x00000006a3000000, 0x00000006a3000000|100%|HC|  |TAMS 0x00000006a3000000| PB 0x00000006a2c00000| Complete |  0
| 140|0x00000006a3000000, 0x00000006a3400000, 0x00000006a3400000|100%|HC|  |TAMS 0x00000006a3400000| PB 0x00000006a3000000| Complete |  0
| 141|0x00000006a3400000, 0x00000006a3800000, 0x00000006a3800000|100%|HC|  |TAMS 0x00000006a3800000| PB 0x00000006a3400000| Complete |  0
| 142|0x00000006a3800000, 0x00000006a3c00000, 0x00000006a3c00000|100%|HC|  |TAMS 0x00000006a3c00000| PB 0x00000006a3800000| Complete |  0
| 143|0x00000006a3c00000, 0x00000006a4000000, 0x00000006a4000000|100%|HC|  |TAMS 0x00000006a4000000| PB 0x00000006a3c00000| Complete |  0
| 144|0x00000006a4000000, 0x00000006a4400000, 0x00000006a4400000|100%|HC|  |TAMS 0x00000006a4400000| PB 0x00000006a4000000| Complete |  0
| 145|0x00000006a4400000, 0x00000006a4800000, 0x00000006a4800000|100%|HC|  |TAMS 0x00000006a4800000| PB 0x00000006a4400000| Complete |  0
| 146|0x00000006a4800000, 0x00000006a4c00000, 0x00000006a4c00000|100%|HC|  |TAMS 0x00000006a4c00000| PB 0x00000006a4800000| Complete |  0
| 147|0x00000006a4c00000, 0x00000006a5000000, 0x00000006a5000000|100%|HC|  |TAMS 0x00000006a5000000| PB 0x00000006a4c00000| Complete |  0
| 148|0x00000006a5000000, 0x00000006a5400000, 0x00000006a5400000|100%|HC|  |TAMS 0x00000006a5400000| PB 0x00000006a5000000| Complete |  0
| 149|0x00000006a5400000, 0x00000006a5800000, 0x00000006a5800000|100%|HC|  |TAMS 0x00000006a5800000| PB 0x00000006a5400000| Complete |  0
| 150|0x00000006a5800000, 0x00000006a5c00000, 0x00000006a5c00000|100%|HC|  |TAMS 0x00000006a5c00000| PB 0x00000006a5800000| Complete |  0
| 151|0x00000006a5c00000, 0x00000006a6000000, 0x00000006a6000000|100%|HC|  |TAMS 0x00000006a6000000| PB 0x00000006a5c00000| Complete |  0
| 152|0x00000006a6000000, 0x00000006a6400000, 0x00000006a6400000|100%|HC|  |TAMS 0x00000006a6400000| PB 0x00000006a6000000| Complete |  0
| 153|0x00000006a6400000, 0x00000006a6800000, 0x00000006a6800000|100%|HC|  |TAMS 0x00000006a6800000| PB 0x00000006a6400000| Complete |  0
| 154|0x00000006a6800000, 0x00000006a6c00000, 0x00000006a6c00000|100%|HC|  |TAMS 0x00000006a6c00000| PB 0x00000006a6800000| Complete |  0
| 155|0x00000006a6c00000, 0x00000006a7000000, 0x00000006a7000000|100%|HC|  |TAMS 0x00000006a7000000| PB 0x00000006a6c00000| Complete |  0
| 156|0x00000006a7000000, 0x00000006a7400000, 0x00000006a7400000|100%|HC|  |TAMS 0x00000006a7400000| PB 0x00000006a7000000| Complete |  0
| 157|0x00000006a7400000, 0x00000006a7800000, 0x00000006a7800000|100%|HC|  |TAMS 0x00000006a7800000| PB 0x00000006a7400000| Complete |  0
| 158|0x00000006a7800000, 0x00000006a7c00000, 0x00000006a7c00000|100%|HC|  |TAMS 0x00000006a7c00000| PB 0x00000006a7800000| Complete |  0
| 159|0x00000006a7c00000, 0x00000006a8000000, 0x00000006a8000000|100%|HC|  |TAMS 0x00000006a8000000| PB 0x00000006a7c00000| Complete |  0
| 160|0x00000006a8000000, 0x00000006a8400000, 0x00000006a8400000|100%|HC|  |TAMS 0x00000006a8400000| PB 0x00000006a8000000| Complete |  0
| 161|0x00000006a8400000, 0x00000006a8800000, 0x00000006a8800000|100%|HC|  |TAMS 0x00000006a8800000| PB 0x00000006a8400000| Complete |  0
| 162|0x00000006a8800000, 0x00000006a8c00000, 0x00000006a8c00000|100%|HC|  |TAMS 0x00000006a8c00000| PB 0x00000006a8800000| Complete |  0
| 163|0x00000006a8c00000, 0x00000006a9000000, 0x00000006a9000000|100%|HC|  |TAMS 0x00000006a9000000| PB 0x00000006a8c00000| Complete |  0
| 164|0x00000006a9000000, 0x00000006a9400000, 0x00000006a9400000|100%|HC|  |TAMS 0x00000006a9400000| PB 0x00000006a9000000| Complete |  0
| 165|0x00000006a9400000, 0x00000006a9800000, 0x00000006a9800000|100%|HC|  |TAMS 0x00000006a9800000| PB 0x00000006a9400000| Complete |  0
| 166|0x00000006a9800000, 0x00000006a9c00000, 0x00000006a9c00000|100%|HC|  |TAMS 0x00000006a9c00000| PB 0x00000006a9800000| Complete |  0
| 167|0x00000006a9c00000, 0x00000006aa000000, 0x00000006aa000000|100%|HC|  |TAMS 0x00000006aa000000| PB 0x00000006a9c00000| Complete |  0
| 168|0x00000006aa000000, 0x00000006aa400000, 0x00000006aa400000|100%|HC|  |TAMS 0x00000006aa400000| PB 0x00000006aa000000| Complete |  0
| 169|0x00000006aa400000, 0x00000006aa800000, 0x00000006aa800000|100%|HC|  |TAMS 0x00000006aa800000| PB 0x00000006aa400000| Complete |  0
| 170|0x00000006aa800000, 0x00000006aac00000, 0x00000006aac00000|100%|HC|  |TAMS 0x00000006aac00000| PB 0x00000006aa800000| Complete |  0
| 171|0x00000006aac00000, 0x00000006ab000000, 0x00000006ab000000|100%|HC|  |TAMS 0x00000006ab000000| PB 0x00000006aac00000| Complete |  0
| 172|0x00000006ab000000, 0x00000006ab400000, 0x00000006ab400000|100%|HC|  |TAMS 0x00000006ab400000| PB 0x00000006ab000000| Complete |  0
| 173|0x00000006ab400000, 0x00000006ab800000, 0x00000006ab800000|100%|HC|  |TAMS 0x00000006ab800000| PB 0x00000006ab400000| Complete |  0
| 174|0x00000006ab800000, 0x00000006abc00000, 0x00000006abc00000|100%|HC|  |TAMS 0x00000006abc00000| PB 0x00000006ab800000| Complete |  0
| 175|0x00000006abc00000, 0x00000006ac000000, 0x00000006ac000000|100%|HC|  |TAMS 0x00000006ac000000| PB 0x00000006abc00000| Complete |  0
| 176|0x00000006ac000000, 0x00000006ac400000, 0x00000006ac400000|100%|HC|  |TAMS 0x00000006ac400000| PB 0x00000006ac000000| Complete |  0
| 177|0x00000006ac400000, 0x00000006ac800000, 0x00000006ac800000|100%|HC|  |TAMS 0x00000006ac800000| PB 0x00000006ac400000| Complete |  0
| 178|0x00000006ac800000, 0x00000006acc00000, 0x00000006acc00000|100%|HC|  |TAMS 0x00000006acc00000| PB 0x00000006ac800000| Complete |  0
| 179|0x00000006acc00000, 0x00000006ad000000, 0x00000006ad000000|100%|HC|  |TAMS 0x00000006ad000000| PB 0x00000006acc00000| Complete |  0
| 180|0x00000006ad000000, 0x00000006ad400000, 0x00000006ad400000|100%|HC|  |TAMS 0x00000006ad400000| PB 0x00000006ad000000| Complete |  0
| 181|0x00000006ad400000, 0x00000006ad800000, 0x00000006ad800000|100%|HC|  |TAMS 0x00000006ad800000| PB 0x00000006ad400000| Complete |  0
| 182|0x00000006ad800000, 0x00000006adc00000, 0x00000006adc00000|100%|HC|  |TAMS 0x00000006adc00000| PB 0x00000006ad800000| Complete |  0
| 183|0x00000006adc00000, 0x00000006ae000000, 0x00000006ae000000|100%|HC|  |TAMS 0x00000006ae000000| PB 0x00000006adc00000| Complete |  0
| 184|0x00000006ae000000, 0x00000006ae400000, 0x00000006ae400000|100%|HC|  |TAMS 0x00000006ae400000| PB 0x00000006ae000000| Complete |  0
| 185|0x00000006ae400000, 0x00000006ae800000, 0x00000006ae800000|100%|HC|  |TAMS 0x00000006ae800000| PB 0x00000006ae400000| Complete |  0
| 186|0x00000006ae800000, 0x00000006aec00000, 0x00000006aec00000|100%|HC|  |TAMS 0x00000006aec00000| PB 0x00000006ae800000| Complete |  0
| 187|0x00000006aec00000, 0x00000006af000000, 0x00000006af000000|100%|HC|  |TAMS 0x00000006af000000| PB 0x00000006aec00000| Complete |  0
| 188|0x00000006af000000, 0x00000006af400000, 0x00000006af400000|100%|HC|  |TAMS 0x00000006af400000| PB 0x00000006af000000| Complete |  0
| 189|0x00000006af400000, 0x00000006af800000, 0x00000006af800000|100%|HC|  |TAMS 0x00000006af800000| PB 0x00000006af400000| Complete |  0
| 190|0x00000006af800000, 0x00000006afc00000, 0x00000006afc00000|100%|HC|  |TAMS 0x00000006afc00000| PB 0x00000006af800000| Complete |  0
| 191|0x00000006afc00000, 0x00000006b0000000, 0x00000006b0000000|100%|HC|  |TAMS 0x00000006b0000000| PB 0x00000006afc00000| Complete |  0
| 192|0x00000006b0000000, 0x00000006b0400000, 0x00000006b0400000|100%|HC|  |TAMS 0x00000006b0400000| PB 0x00000006b0000000| Complete |  0
| 193|0x00000006b0400000, 0x00000006b0800000, 0x00000006b0800000|100%|HC|  |TAMS 0x00000006b0800000| PB 0x00000006b0400000| Complete |  0
| 194|0x00000006b0800000, 0x00000006b0c00000, 0x00000006b0c00000|100%|HC|  |TAMS 0x00000006b0c00000| PB 0x00000006b0800000| Complete |  0
| 195|0x00000006b0c00000, 0x00000006b1000000, 0x00000006b1000000|100%|HC|  |TAMS 0x00000006b1000000| PB 0x00000006b0c00000| Complete |  0
| 196|0x00000006b1000000, 0x00000006b1400000, 0x00000006b1400000|100%|HC|  |TAMS 0x00000006b1400000| PB 0x00000006b1000000| Complete |  0
| 197|0x00000006b1400000, 0x00000006b1800000, 0x00000006b1800000|100%|HC|  |TAMS 0x00000006b1800000| PB 0x00000006b1400000| Complete |  0
| 198|0x00000006b1800000, 0x00000006b1c00000, 0x00000006b1c00000|100%|HC|  |TAMS 0x00000006b1c00000| PB 0x00000006b1800000| Complete |  0
| 199|0x00000006b1c00000, 0x00000006b2000000, 0x00000006b2000000|100%|HC|  |TAMS 0x00000006b2000000| PB 0x00000006b1c00000| Complete |  0
| 200|0x00000006b2000000, 0x00000006b2400000, 0x00000006b2400000|100%|HC|  |TAMS 0x00000006b2400000| PB 0x00000006b2000000| Complete |  0
| 201|0x00000006b2400000, 0x00000006b2800000, 0x00000006b2800000|100%|HC|  |TAMS 0x00000006b2800000| PB 0x00000006b2400000| Complete |  0
| 202|0x00000006b2800000, 0x00000006b2c00000, 0x00000006b2c00000|100%|HC|  |TAMS 0x00000006b2c00000| PB 0x00000006b2800000| Complete |  0
| 203|0x00000006b2c00000, 0x00000006b3000000, 0x00000006b3000000|100%|HC|  |TAMS 0x00000006b3000000| PB 0x00000006b2c00000| Complete |  0
| 204|0x00000006b3000000, 0x00000006b3400000, 0x00000006b3400000|100%|HC|  |TAMS 0x00000006b3400000| PB 0x00000006b3000000| Complete |  0
| 205|0x00000006b3400000, 0x00000006b3800000, 0x00000006b3800000|100%|HC|  |TAMS 0x00000006b3800000| PB 0x00000006b3400000| Complete |  0
| 206|0x00000006b3800000, 0x00000006b3c00000, 0x00000006b3c00000|100%|HC|  |TAMS 0x00000006b3c00000| PB 0x00000006b3800000| Complete |  0
| 207|0x00000006b3c00000, 0x00000006b4000000, 0x00000006b4000000|100%|HC|  |TAMS 0x00000006b4000000| PB 0x00000006b3c00000| Complete |  0
| 208|0x00000006b4000000, 0x00000006b4400000, 0x00000006b4400000|100%|HC|  |TAMS 0x00000006b4400000| PB 0x00000006b4000000| Complete |  0
| 209|0x00000006b4400000, 0x00000006b4800000, 0x00000006b4800000|100%|HC|  |TAMS 0x00000006b4800000| PB 0x00000006b4400000| Complete |  0
| 210|0x00000006b4800000, 0x00000006b4c00000, 0x00000006b4c00000|100%|HC|  |TAMS 0x00000006b4c00000| PB 0x00000006b4800000| Complete |  0
| 211|0x00000006b4c00000, 0x00000006b5000000, 0x00000006b5000000|100%|HC|  |TAMS 0x00000006b5000000| PB 0x00000006b4c00000| Complete |  0
| 212|0x00000006b5000000, 0x00000006b5400000, 0x00000006b5400000|100%|HC|  |TAMS 0x00000006b5400000| PB 0x00000006b5000000| Complete |  0
| 213|0x00000006b5400000, 0x00000006b5800000, 0x00000006b5800000|100%|HC|  |TAMS 0x00000006b5800000| PB 0x00000006b5400000| Complete |  0
| 214|0x00000006b5800000, 0x00000006b5c00000, 0x00000006b5c00000|100%|HC|  |TAMS 0x00000006b5c00000| PB 0x00000006b5800000| Complete |  0
| 215|0x00000006b5c00000, 0x00000006b6000000, 0x00000006b6000000|100%|HC|  |TAMS 0x00000006b6000000| PB 0x00000006b5c00000| Complete |  0
| 216|0x00000006b6000000, 0x00000006b6400000, 0x00000006b6400000|100%|HC|  |TAMS 0x00000006b6400000| PB 0x00000006b6000000| Complete |  0
| 217|0x00000006b6400000, 0x00000006b6800000, 0x00000006b6800000|100%|HC|  |TAMS 0x00000006b6800000| PB 0x00000006b6400000| Complete |  0
| 218|0x00000006b6800000, 0x00000006b6c00000, 0x00000006b6c00000|100%|HC|  |TAMS 0x00000006b6c00000| PB 0x00000006b6800000| Complete |  0
| 219|0x00000006b6c00000, 0x00000006b7000000, 0x00000006b7000000|100%|HC|  |TAMS 0x00000006b7000000| PB 0x00000006b6c00000| Complete |  0
| 220|0x00000006b7000000, 0x00000006b7400000, 0x00000006b7400000|100%|HC|  |TAMS 0x00000006b7400000| PB 0x00000006b7000000| Complete |  0
| 221|0x00000006b7400000, 0x00000006b7800000, 0x00000006b7800000|100%|HC|  |TAMS 0x00000006b7800000| PB 0x00000006b7400000| Complete |  0
| 222|0x00000006b7800000, 0x00000006b7c00000, 0x00000006b7c00000|100%|HC|  |TAMS 0x00000006b7c00000| PB 0x00000006b7800000| Complete |  0
| 223|0x00000006b7c00000, 0x00000006b8000000, 0x00000006b8000000|100%|HC|  |TAMS 0x00000006b8000000| PB 0x00000006b7c00000| Complete |  0
| 224|0x00000006b8000000, 0x00000006b8400000, 0x00000006b8400000|100%|HC|  |TAMS 0x00000006b8400000| PB 0x00000006b8000000| Complete |  0
| 225|0x00000006b8400000, 0x00000006b8800000, 0x00000006b8800000|100%|HC|  |TAMS 0x00000006b8800000| PB 0x00000006b8400000| Complete |  0
| 226|0x00000006b8800000, 0x00000006b8c00000, 0x00000006b8c00000|100%|HC|  |TAMS 0x00000006b8c00000| PB 0x00000006b8800000| Complete |  0
| 227|0x00000006b8c00000, 0x00000006b9000000, 0x00000006b9000000|100%|HC|  |TAMS 0x00000006b9000000| PB 0x00000006b8c00000| Complete |  0
| 228|0x00000006b9000000, 0x00000006b9400000, 0x00000006b9400000|100%|HC|  |TAMS 0x00000006b9400000| PB 0x00000006b9000000| Complete |  0
| 229|0x00000006b9400000, 0x00000006b9800000, 0x00000006b9800000|100%|HC|  |TAMS 0x00000006b9800000| PB 0x00000006b9400000| Complete |  0
| 230|0x00000006b9800000, 0x00000006b9c00000, 0x00000006b9c00000|100%|HC|  |TAMS 0x00000006b9c00000| PB 0x00000006b9800000| Complete |  0
| 231|0x00000006b9c00000, 0x00000006ba000000, 0x00000006ba000000|100%|HC|  |TAMS 0x00000006ba000000| PB 0x00000006b9c00000| Complete |  0
| 232|0x00000006ba000000, 0x00000006ba400000, 0x00000006ba400000|100%|HC|  |TAMS 0x00000006ba400000| PB 0x00000006ba000000| Complete |  0
| 233|0x00000006ba400000, 0x00000006ba800000, 0x00000006ba800000|100%|HC|  |TAMS 0x00000006ba800000| PB 0x00000006ba400000| Complete |  0
| 234|0x00000006ba800000, 0x00000006bac00000, 0x00000006bac00000|100%|HC|  |TAMS 0x00000006bac00000| PB 0x00000006ba800000| Complete |  0
| 235|0x00000006bac00000, 0x00000006bb000000, 0x00000006bb000000|100%|HC|  |TAMS 0x00000006bb000000| PB 0x00000006bac00000| Complete |  0
| 236|0x00000006bb000000, 0x00000006bb400000, 0x00000006bb400000|100%|HC|  |TAMS 0x00000006bb400000| PB 0x00000006bb000000| Complete |  0
| 237|0x00000006bb400000, 0x00000006bb800000, 0x00000006bb800000|100%|HC|  |TAMS 0x00000006bb800000| PB 0x00000006bb400000| Complete |  0
| 238|0x00000006bb800000, 0x00000006bbc00000, 0x00000006bbc00000|100%|HC|  |TAMS 0x00000006bbc00000| PB 0x00000006bb800000| Complete |  0
| 239|0x00000006bbc00000, 0x00000006bc000000, 0x00000006bc000000|100%|HC|  |TAMS 0x00000006bc000000| PB 0x00000006bbc00000| Complete |  0
| 240|0x00000006bc000000, 0x00000006bc400000, 0x00000006bc400000|100%|HC|  |TAMS 0x00000006bc400000| PB 0x00000006bc000000| Complete |  0
| 241|0x00000006bc400000, 0x00000006bc800000, 0x00000006bc800000|100%|HC|  |TAMS 0x00000006bc800000| PB 0x00000006bc400000| Complete |  0
| 242|0x00000006bc800000, 0x00000006bcc00000, 0x00000006bcc00000|100%|HC|  |TAMS 0x00000006bcc00000| PB 0x00000006bc800000| Complete |  0
| 243|0x00000006bcc00000, 0x00000006bd000000, 0x00000006bd000000|100%|HC|  |TAMS 0x00000006bd000000| PB 0x00000006bcc00000| Complete |  0
| 244|0x00000006bd000000, 0x00000006bd400000, 0x00000006bd400000|100%|HC|  |TAMS 0x00000006bd400000| PB 0x00000006bd000000| Complete |  0
| 245|0x00000006bd400000, 0x00000006bd800000, 0x00000006bd800000|100%|HC|  |TAMS 0x00000006bd800000| PB 0x00000006bd400000| Complete |  0
| 246|0x00000006bd800000, 0x00000006bdc00000, 0x00000006bdc00000|100%|HC|  |TAMS 0x00000006bdc00000| PB 0x00000006bd800000| Complete |  0
| 247|0x00000006bdc00000, 0x00000006be000000, 0x00000006be000000|100%|HC|  |TAMS 0x00000006be000000| PB 0x00000006bdc00000| Complete |  0
| 248|0x00000006be000000, 0x00000006be400000, 0x00000006be400000|100%|HC|  |TAMS 0x00000006be400000| PB 0x00000006be000000| Complete |  0
| 249|0x00000006be400000, 0x00000006be800000, 0x00000006be800000|100%|HC|  |TAMS 0x00000006be800000| PB 0x00000006be400000| Complete |  0
| 250|0x00000006be800000, 0x00000006bec00000, 0x00000006bec00000|100%|HC|  |TAMS 0x00000006bec00000| PB 0x00000006be800000| Complete |  0
| 251|0x00000006bec00000, 0x00000006bf000000, 0x00000006bf000000|100%|HC|  |TAMS 0x00000006bf000000| PB 0x00000006bec00000| Complete |  0
| 252|0x00000006bf000000, 0x00000006bf400000, 0x00000006bf400000|100%|HC|  |TAMS 0x00000006bf400000| PB 0x00000006bf000000| Complete |  0
| 253|0x00000006bf400000, 0x00000006bf800000, 0x00000006bf800000|100%|HC|  |TAMS 0x00000006bf800000| PB 0x00000006bf400000| Complete |  0
| 254|0x00000006bf800000, 0x00000006bfc00000, 0x00000006bfc00000|100%|HC|  |TAMS 0x00000006bfc00000| PB 0x00000006bf800000| Complete |  0
| 255|0x00000006bfc00000, 0x00000006c0000000, 0x00000006c0000000|100%|HC|  |TAMS 0x00000006c0000000| PB 0x00000006bfc00000| Complete |  0
| 256|0x00000006c0000000, 0x00000006c0400000, 0x00000006c0400000|100%|HC|  |TAMS 0x00000006c0400000| PB 0x00000006c0000000| Complete |  0
| 257|0x00000006c0400000, 0x00000006c0800000, 0x00000006c0800000|100%|HC|  |TAMS 0x00000006c0800000| PB 0x00000006c0400000| Complete |  0
| 258|0x00000006c0800000, 0x00000006c0c00000, 0x00000006c0c00000|100%|HC|  |TAMS 0x00000006c0c00000| PB 0x00000006c0800000| Complete |  0
| 259|0x00000006c0c00000, 0x00000006c1000000, 0x00000006c1000000|100%|HC|  |TAMS 0x00000006c1000000| PB 0x00000006c0c00000| Complete |  0
| 260|0x00000006c1000000, 0x00000006c1400000, 0x00000006c1400000|100%|HC|  |TAMS 0x00000006c1400000| PB 0x00000006c1000000| Complete |  0
| 261|0x00000006c1400000, 0x00000006c1800000, 0x00000006c1800000|100%|HC|  |TAMS 0x00000006c1800000| PB 0x00000006c1400000| Complete |  0
| 262|0x00000006c1800000, 0x00000006c1c00000, 0x00000006c1c00000|100%|HC|  |TAMS 0x00000006c1c00000| PB 0x00000006c1800000| Complete |  0
| 263|0x00000006c1c00000, 0x00000006c2000000, 0x00000006c2000000|100%|HC|  |TAMS 0x00000006c2000000| PB 0x00000006c1c00000| Complete |  0
| 264|0x00000006c2000000, 0x00000006c2400000, 0x00000006c2400000|100%|HC|  |TAMS 0x00000006c2400000| PB 0x00000006c2000000| Complete |  0
| 265|0x00000006c2400000, 0x00000006c2800000, 0x00000006c2800000|100%|HC|  |TAMS 0x00000006c2800000| PB 0x00000006c2400000| Complete |  0
| 266|0x00000006c2800000, 0x00000006c2c00000, 0x00000006c2c00000|100%|HC|  |TAMS 0x00000006c2c00000| PB 0x00000006c2800000| Complete |  0
| 267|0x00000006c2c00000, 0x00000006c3000000, 0x00000006c3000000|100%|HC|  |TAMS 0x00000006c3000000| PB 0x00000006c2c00000| Complete |  0
| 268|0x00000006c3000000, 0x00000006c3400000, 0x00000006c3400000|100%|HC|  |TAMS 0x00000006c3400000| PB 0x00000006c3000000| Complete |  0
| 269|0x00000006c3400000, 0x00000006c3800000, 0x00000006c3800000|100%|HC|  |TAMS 0x00000006c3800000| PB 0x00000006c3400000| Complete |  0
| 270|0x00000006c3800000, 0x00000006c3c00000, 0x00000006c3c00000|100%|HC|  |TAMS 0x00000006c3c00000| PB 0x00000006c3800000| Complete |  0
| 271|0x00000006c3c00000, 0x00000006c4000000, 0x00000006c4000000|100%|HC|  |TAMS 0x00000006c4000000| PB 0x00000006c3c00000| Complete |  0
| 272|0x00000006c4000000, 0x00000006c4400000, 0x00000006c4400000|100%|HC|  |TAMS 0x00000006c4400000| PB 0x00000006c4000000| Complete |  0
| 273|0x00000006c4400000, 0x00000006c4800000, 0x00000006c4800000|100%|HC|  |TAMS 0x00000006c4800000| PB 0x00000006c4400000| Complete |  0
| 274|0x00000006c4800000, 0x00000006c4c00000, 0x00000006c4c00000|100%|HC|  |TAMS 0x00000006c4c00000| PB 0x00000006c4800000| Complete |  0
| 275|0x00000006c4c00000, 0x00000006c5000000, 0x00000006c5000000|100%|HC|  |TAMS 0x00000006c5000000| PB 0x00000006c4c00000| Complete |  0
| 276|0x00000006c5000000, 0x00000006c5400000, 0x00000006c5400000|100%|HC|  |TAMS 0x00000006c5400000| PB 0x00000006c5000000| Complete |  0
| 277|0x00000006c5400000, 0x00000006c5800000, 0x00000006c5800000|100%|HC|  |TAMS 0x00000006c5800000| PB 0x00000006c5400000| Complete |  0
| 278|0x00000006c5800000, 0x00000006c5c00000, 0x00000006c5c00000|100%|HC|  |TAMS 0x00000006c5c00000| PB 0x00000006c5800000| Complete |  0
| 279|0x00000006c5c00000, 0x00000006c6000000, 0x00000006c6000000|100%|HC|  |TAMS 0x00000006c6000000| PB 0x00000006c5c00000| Complete |  0
| 280|0x00000006c6000000, 0x00000006c6400000, 0x00000006c6400000|100%|HC|  |TAMS 0x00000006c6400000| PB 0x00000006c6000000| Complete |  0
| 281|0x00000006c6400000, 0x00000006c6800000, 0x00000006c6800000|100%|HC|  |TAMS 0x00000006c6800000| PB 0x00000006c6400000| Complete |  0
| 282|0x00000006c6800000, 0x00000006c6c00000, 0x00000006c6c00000|100%|HC|  |TAMS 0x00000006c6c00000| PB 0x00000006c6800000| Complete |  0
| 283|0x00000006c6c00000, 0x00000006c7000000, 0x00000006c7000000|100%|HC|  |TAMS 0x00000006c7000000| PB 0x00000006c6c00000| Complete |  0
| 284|0x00000006c7000000, 0x00000006c7400000, 0x00000006c7400000|100%|HC|  |TAMS 0x00000006c7400000| PB 0x00000006c7000000| Complete |  0
| 285|0x00000006c7400000, 0x00000006c7800000, 0x00000006c7800000|100%|HC|  |TAMS 0x00000006c7800000| PB 0x00000006c7400000| Complete |  0
| 286|0x00000006c7800000, 0x00000006c7c00000, 0x00000006c7c00000|100%|HC|  |TAMS 0x00000006c7c00000| PB 0x00000006c7800000| Complete |  0
| 287|0x00000006c7c00000, 0x00000006c8000000, 0x00000006c8000000|100%|HC|  |TAMS 0x00000006c8000000| PB 0x00000006c7c00000| Complete |  0
| 288|0x00000006c8000000, 0x00000006c8400000, 0x00000006c8400000|100%|HC|  |TAMS 0x00000006c8400000| PB 0x00000006c8000000| Complete |  0
| 289|0x00000006c8400000, 0x00000006c8800000, 0x00000006c8800000|100%|HC|  |TAMS 0x00000006c8800000| PB 0x00000006c8400000| Complete |  0
| 290|0x00000006c8800000, 0x00000006c8c00000, 0x00000006c8c00000|100%|HC|  |TAMS 0x00000006c8c00000| PB 0x00000006c8800000| Complete |  0
| 291|0x00000006c8c00000, 0x00000006c9000000, 0x00000006c9000000|100%|HC|  |TAMS 0x00000006c9000000| PB 0x00000006c8c00000| Complete |  0
| 292|0x00000006c9000000, 0x00000006c9400000, 0x00000006c9400000|100%|HC|  |TAMS 0x00000006c9400000| PB 0x00000006c9000000| Complete |  0
| 293|0x00000006c9400000, 0x00000006c9800000, 0x00000006c9800000|100%|HC|  |TAMS 0x00000006c9800000| PB 0x00000006c9400000| Complete |  0
| 294|0x00000006c9800000, 0x00000006c9c00000, 0x00000006c9c00000|100%|HC|  |TAMS 0x00000006c9c00000| PB 0x00000006c9800000| Complete |  0
| 295|0x00000006c9c00000, 0x00000006ca000000, 0x00000006ca000000|100%|HC|  |TAMS 0x00000006ca000000| PB 0x00000006c9c00000| Complete |  0
| 296|0x00000006ca000000, 0x00000006ca400000, 0x00000006ca400000|100%|HC|  |TAMS 0x00000006ca400000| PB 0x00000006ca000000| Complete |  0
| 297|0x00000006ca400000, 0x00000006ca800000, 0x00000006ca800000|100%|HC|  |TAMS 0x00000006ca800000| PB 0x00000006ca400000| Complete |  0
| 298|0x00000006ca800000, 0x00000006cac00000, 0x00000006cac00000|100%|HC|  |TAMS 0x00000006cac00000| PB 0x00000006ca800000| Complete |  0
| 299|0x00000006cac00000, 0x00000006cb000000, 0x00000006cb000000|100%|HC|  |TAMS 0x00000006cb000000| PB 0x00000006cac00000| Complete |  0
| 300|0x00000006cb000000, 0x00000006cb400000, 0x00000006cb400000|100%|HC|  |TAMS 0x00000006cb400000| PB 0x00000006cb000000| Complete |  0
| 301|0x00000006cb400000, 0x00000006cb800000, 0x00000006cb800000|100%|HC|  |TAMS 0x00000006cb800000| PB 0x00000006cb400000| Complete |  0
| 302|0x00000006cb800000, 0x00000006cbc00000, 0x00000006cbc00000|100%|HC|  |TAMS 0x00000006cbc00000| PB 0x00000006cb800000| Complete |  0
| 303|0x00000006cbc00000, 0x00000006cc000000, 0x00000006cc000000|100%|HC|  |TAMS 0x00000006cc000000| PB 0x00000006cbc00000| Complete |  0
| 304|0x00000006cc000000, 0x00000006cc400000, 0x00000006cc400000|100%|HC|  |TAMS 0x00000006cc400000| PB 0x00000006cc000000| Complete |  0
| 305|0x00000006cc400000, 0x00000006cc800000, 0x00000006cc800000|100%|HC|  |TAMS 0x00000006cc800000| PB 0x00000006cc400000| Complete |  0
| 306|0x00000006cc800000, 0x00000006ccc00000, 0x00000006ccc00000|100%|HC|  |TAMS 0x00000006ccc00000| PB 0x00000006cc800000| Complete |  0
| 307|0x00000006ccc00000, 0x00000006cd000000, 0x00000006cd000000|100%|HC|  |TAMS 0x00000006cd000000| PB 0x00000006ccc00000| Complete |  0
| 308|0x00000006cd000000, 0x00000006cd400000, 0x00000006cd400000|100%|HC|  |TAMS 0x00000006cd400000| PB 0x00000006cd000000| Complete |  0
| 309|0x00000006cd400000, 0x00000006cd800000, 0x00000006cd800000|100%|HC|  |TAMS 0x00000006cd800000| PB 0x00000006cd400000| Complete |  0
| 310|0x00000006cd800000, 0x00000006cdc00000, 0x00000006cdc00000|100%|HC|  |TAMS 0x00000006cdc00000| PB 0x00000006cd800000| Complete |  0
| 311|0x00000006cdc00000, 0x00000006ce000000, 0x00000006ce000000|100%|HC|  |TAMS 0x00000006ce000000| PB 0x00000006cdc00000| Complete |  0
| 312|0x00000006ce000000, 0x00000006ce400000, 0x00000006ce400000|100%|HC|  |TAMS 0x00000006ce400000| PB 0x00000006ce000000| Complete |  0
| 313|0x00000006ce400000, 0x00000006ce800000, 0x00000006ce800000|100%|HC|  |TAMS 0x00000006ce800000| PB 0x00000006ce400000| Complete |  0
| 314|0x00000006ce800000, 0x00000006cec00000, 0x00000006cec00000|100%|HC|  |TAMS 0x00000006cec00000| PB 0x00000006ce800000| Complete |  0
| 315|0x00000006cec00000, 0x00000006cf000000, 0x00000006cf000000|100%|HC|  |TAMS 0x00000006cf000000| PB 0x00000006cec00000| Complete |  0
| 316|0x00000006cf000000, 0x00000006cf400000, 0x00000006cf400000|100%|HC|  |TAMS 0x00000006cf400000| PB 0x00000006cf000000| Complete |  0
| 317|0x00000006cf400000, 0x00000006cf800000, 0x00000006cf800000|100%|HC|  |TAMS 0x00000006cf800000| PB 0x00000006cf400000| Complete |  0
| 318|0x00000006cf800000, 0x00000006cfc00000, 0x00000006cfc00000|100%|HC|  |TAMS 0x00000006cfc00000| PB 0x00000006cf800000| Complete |  0
| 319|0x00000006cfc00000, 0x00000006d0000000, 0x00000006d0000000|100%|HC|  |TAMS 0x00000006d0000000| PB 0x00000006cfc00000| Complete |  0
| 320|0x00000006d0000000, 0x00000006d0400000, 0x00000006d0400000|100%|HC|  |TAMS 0x00000006d0400000| PB 0x00000006d0000000| Complete |  0
| 321|0x00000006d0400000, 0x00000006d0800000, 0x00000006d0800000|100%|HC|  |TAMS 0x00000006d0800000| PB 0x00000006d0400000| Complete |  0
| 322|0x00000006d0800000, 0x00000006d0c00000, 0x00000006d0c00000|100%|HC|  |TAMS 0x00000006d0c00000| PB 0x00000006d0800000| Complete |  0
| 323|0x00000006d0c00000, 0x00000006d1000000, 0x00000006d1000000|100%|HC|  |TAMS 0x00000006d1000000| PB 0x00000006d0c00000| Complete |  0
| 324|0x00000006d1000000, 0x00000006d1400000, 0x00000006d1400000|100%|HC|  |TAMS 0x00000006d1400000| PB 0x00000006d1000000| Complete |  0
| 325|0x00000006d1400000, 0x00000006d1800000, 0x00000006d1800000|100%|HC|  |TAMS 0x00000006d1800000| PB 0x00000006d1400000| Complete |  0
| 326|0x00000006d1800000, 0x00000006d1c00000, 0x00000006d1c00000|100%|HC|  |TAMS 0x00000006d1c00000| PB 0x00000006d1800000| Complete |  0
| 327|0x00000006d1c00000, 0x00000006d2000000, 0x00000006d2000000|100%|HC|  |TAMS 0x00000006d2000000| PB 0x00000006d1c00000| Complete |  0
| 328|0x00000006d2000000, 0x00000006d2400000, 0x00000006d2400000|100%|HC|  |TAMS 0x00000006d2400000| PB 0x00000006d2000000| Complete |  0
| 329|0x00000006d2400000, 0x00000006d2800000, 0x00000006d2800000|100%|HC|  |TAMS 0x00000006d2800000| PB 0x00000006d2400000| Complete |  0
| 330|0x00000006d2800000, 0x00000006d2c00000, 0x00000006d2c00000|100%|HC|  |TAMS 0x00000006d2c00000| PB 0x00000006d2800000| Complete |  0
| 331|0x00000006d2c00000, 0x00000006d3000000, 0x00000006d3000000|100%|HC|  |TAMS 0x00000006d3000000| PB 0x00000006d2c00000| Complete |  0
| 332|0x00000006d3000000, 0x00000006d3400000, 0x00000006d3400000|100%|HC|  |TAMS 0x00000006d3400000| PB 0x00000006d3000000| Complete |  0
| 333|0x00000006d3400000, 0x00000006d3800000, 0x00000006d3800000|100%|HC|  |TAMS 0x00000006d3800000| PB 0x00000006d3400000| Complete |  0
| 334|0x00000006d3800000, 0x00000006d3c00000, 0x00000006d3c00000|100%|HC|  |TAMS 0x00000006d3c00000| PB 0x00000006d3800000| Complete |  0
| 335|0x00000006d3c00000, 0x00000006d4000000, 0x00000006d4000000|100%|HC|  |TAMS 0x00000006d4000000| PB 0x00000006d3c00000| Complete |  0
| 336|0x00000006d4000000, 0x00000006d4400000, 0x00000006d4400000|100%|HC|  |TAMS 0x00000006d4400000| PB 0x00000006d4000000| Complete |  0
| 337|0x00000006d4400000, 0x00000006d4800000, 0x00000006d4800000|100%|HC|  |TAMS 0x00000006d4800000| PB 0x00000006d4400000| Complete |  0
| 338|0x00000006d4800000, 0x00000006d4c00000, 0x00000006d4c00000|100%|HC|  |TAMS 0x00000006d4c00000| PB 0x00000006d4800000| Complete |  0
| 339|0x00000006d4c00000, 0x00000006d5000000, 0x00000006d5000000|100%|HC|  |TAMS 0x00000006d5000000| PB 0x00000006d4c00000| Complete |  0
| 340|0x00000006d5000000, 0x00000006d5400000, 0x00000006d5400000|100%|HC|  |TAMS 0x00000006d5400000| PB 0x00000006d5000000| Complete |  0
| 341|0x00000006d5400000, 0x00000006d5800000, 0x00000006d5800000|100%|HC|  |TAMS 0x00000006d5800000| PB 0x00000006d5400000| Complete |  0
| 342|0x00000006d5800000, 0x00000006d5c00000, 0x00000006d5c00000|100%|HC|  |TAMS 0x00000006d5c00000| PB 0x00000006d5800000| Complete |  0
| 343|0x00000006d5c00000, 0x00000006d6000000, 0x00000006d6000000|100%|HC|  |TAMS 0x00000006d6000000| PB 0x00000006d5c00000| Complete |  0
| 344|0x00000006d6000000, 0x00000006d6400000, 0x00000006d6400000|100%|HC|  |TAMS 0x00000006d6400000| PB 0x00000006d6000000| Complete |  0
| 345|0x00000006d6400000, 0x00000006d6800000, 0x00000006d6800000|100%|HC|  |TAMS 0x00000006d6800000| PB 0x00000006d6400000| Complete |  0
| 346|0x00000006d6800000, 0x00000006d6c00000, 0x00000006d6c00000|100%|HC|  |TAMS 0x00000006d6c00000| PB 0x00000006d6800000| Complete |  0
| 347|0x00000006d6c00000, 0x00000006d7000000, 0x00000006d7000000|100%|HC|  |TAMS 0x00000006d7000000| PB 0x00000006d6c00000| Complete |  0
| 348|0x00000006d7000000, 0x00000006d7400000, 0x00000006d7400000|100%|HC|  |TAMS 0x00000006d7400000| PB 0x00000006d7000000| Complete |  0
| 349|0x00000006d7400000, 0x00000006d7800000, 0x00000006d7800000|100%|HC|  |TAMS 0x00000006d7800000| PB 0x00000006d7400000| Complete |  0
| 350|0x00000006d7800000, 0x00000006d7c00000, 0x00000006d7c00000|100%|HC|  |TAMS 0x00000006d7c00000| PB 0x00000006d7800000| Complete |  0
| 351|0x00000006d7c00000, 0x00000006d8000000, 0x00000006d8000000|100%|HC|  |TAMS 0x00000006d8000000| PB 0x00000006d7c00000| Complete |  0
| 352|0x00000006d8000000, 0x00000006d8400000, 0x00000006d8400000|100%|HC|  |TAMS 0x00000006d8400000| PB 0x00000006d8000000| Complete |  0
| 353|0x00000006d8400000, 0x00000006d8800000, 0x00000006d8800000|100%|HC|  |TAMS 0x00000006d8800000| PB 0x00000006d8400000| Complete |  0
| 354|0x00000006d8800000, 0x00000006d8c00000, 0x00000006d8c00000|100%|HC|  |TAMS 0x00000006d8c00000| PB 0x00000006d8800000| Complete |  0
| 355|0x00000006d8c00000, 0x00000006d9000000, 0x00000006d9000000|100%|HC|  |TAMS 0x00000006d9000000| PB 0x00000006d8c00000| Complete |  0
| 356|0x00000006d9000000, 0x00000006d9400000, 0x00000006d9400000|100%|HC|  |TAMS 0x00000006d9400000| PB 0x00000006d9000000| Complete |  0
| 357|0x00000006d9400000, 0x00000006d9800000, 0x00000006d9800000|100%|HC|  |TAMS 0x00000006d9800000| PB 0x00000006d9400000| Complete |  0
| 358|0x00000006d9800000, 0x00000006d9c00000, 0x00000006d9c00000|100%|HC|  |TAMS 0x00000006d9c00000| PB 0x00000006d9800000| Complete |  0
| 359|0x00000006d9c00000, 0x00000006da000000, 0x00000006da000000|100%|HC|  |TAMS 0x00000006da000000| PB 0x00000006d9c00000| Complete |  0
| 360|0x00000006da000000, 0x00000006da400000, 0x00000006da400000|100%|HC|  |TAMS 0x00000006da400000| PB 0x00000006da000000| Complete |  0
| 361|0x00000006da400000, 0x00000006da800000, 0x00000006da800000|100%|HC|  |TAMS 0x00000006da800000| PB 0x00000006da400000| Complete |  0
| 362|0x00000006da800000, 0x00000006dac00000, 0x00000006dac00000|100%|HC|  |TAMS 0x00000006dac00000| PB 0x00000006da800000| Complete |  0
| 363|0x00000006dac00000, 0x00000006db000000, 0x00000006db000000|100%|HC|  |TAMS 0x00000006db000000| PB 0x00000006dac00000| Complete |  0
| 364|0x00000006db000000, 0x00000006db400000, 0x00000006db400000|100%|HC|  |TAMS 0x00000006db400000| PB 0x00000006db000000| Complete |  0
| 365|0x00000006db400000, 0x00000006db800000, 0x00000006db800000|100%|HC|  |TAMS 0x00000006db800000| PB 0x00000006db400000| Complete |  0
| 366|0x00000006db800000, 0x00000006dbc00000, 0x00000006dbc00000|100%|HC|  |TAMS 0x00000006dbc00000| PB 0x00000006db800000| Complete |  0
| 367|0x00000006dbc00000, 0x00000006dc000000, 0x00000006dc000000|100%|HC|  |TAMS 0x00000006dc000000| PB 0x00000006dbc00000| Complete |  0
| 368|0x00000006dc000000, 0x00000006dc400000, 0x00000006dc400000|100%|HC|  |TAMS 0x00000006dc400000| PB 0x00000006dc000000| Complete |  0
| 369|0x00000006dc400000, 0x00000006dc800000, 0x00000006dc800000|100%|HC|  |TAMS 0x00000006dc800000| PB 0x00000006dc400000| Complete |  0
| 370|0x00000006dc800000, 0x00000006dcc00000, 0x00000006dcc00000|100%|HC|  |TAMS 0x00000006dcc00000| PB 0x00000006dc800000| Complete |  0
| 371|0x00000006dcc00000, 0x00000006dd000000, 0x00000006dd000000|100%|HC|  |TAMS 0x00000006dd000000| PB 0x00000006dcc00000| Complete |  0
| 372|0x00000006dd000000, 0x00000006dd400000, 0x00000006dd400000|100%|HC|  |TAMS 0x00000006dd400000| PB 0x00000006dd000000| Complete |  0
| 373|0x00000006dd400000, 0x00000006dd800000, 0x00000006dd800000|100%|HC|  |TAMS 0x00000006dd800000| PB 0x00000006dd400000| Complete |  0
| 374|0x00000006dd800000, 0x00000006ddc00000, 0x00000006ddc00000|100%|HC|  |TAMS 0x00000006ddc00000| PB 0x00000006dd800000| Complete |  0
| 375|0x00000006ddc00000, 0x00000006de000000, 0x00000006de000000|100%|HC|  |TAMS 0x00000006de000000| PB 0x00000006ddc00000| Complete |  0
| 376|0x00000006de000000, 0x00000006de400000, 0x00000006de400000|100%|HC|  |TAMS 0x00000006de400000| PB 0x00000006de000000| Complete |  0
| 377|0x00000006de400000, 0x00000006de800000, 0x00000006de800000|100%|HC|  |TAMS 0x00000006de800000| PB 0x00000006de400000| Complete |  0
| 378|0x00000006de800000, 0x00000006dec00000, 0x00000006dec00000|100%|HC|  |TAMS 0x00000006dec00000| PB 0x00000006de800000| Complete |  0
| 379|0x00000006dec00000, 0x00000006df000000, 0x00000006df000000|100%|HC|  |TAMS 0x00000006df000000| PB 0x00000006dec00000| Complete |  0
| 380|0x00000006df000000, 0x00000006df400000, 0x00000006df400000|100%|HC|  |TAMS 0x00000006df400000| PB 0x00000006df000000| Complete |  0
| 381|0x00000006df400000, 0x00000006df800000, 0x00000006df800000|100%|HC|  |TAMS 0x00000006df800000| PB 0x00000006df400000| Complete |  0
| 382|0x00000006df800000, 0x00000006dfc00000, 0x00000006dfc00000|100%|HC|  |TAMS 0x00000006dfc00000| PB 0x00000006df800000| Complete |  0
| 383|0x00000006dfc00000, 0x00000006e0000000, 0x00000006e0000000|100%|HC|  |TAMS 0x00000006e0000000| PB 0x00000006dfc00000| Complete |  0
| 384|0x00000006e0000000, 0x00000006e0400000, 0x00000006e0400000|100%|HC|  |TAMS 0x00000006e0400000| PB 0x00000006e0000000| Complete |  0
| 385|0x00000006e0400000, 0x00000006e0800000, 0x00000006e0800000|100%|HC|  |TAMS 0x00000006e0800000| PB 0x00000006e0400000| Complete |  0
| 386|0x00000006e0800000, 0x00000006e0c00000, 0x00000006e0c00000|100%|HC|  |TAMS 0x00000006e0c00000| PB 0x00000006e0800000| Complete |  0
| 387|0x00000006e0c00000, 0x00000006e1000000, 0x00000006e1000000|100%|HC|  |TAMS 0x00000006e1000000| PB 0x00000006e0c00000| Complete |  0
| 388|0x00000006e1000000, 0x00000006e1400000, 0x00000006e1400000|100%|HC|  |TAMS 0x00000006e1400000| PB 0x00000006e1000000| Complete |  0
| 389|0x00000006e1400000, 0x00000006e1800000, 0x00000006e1800000|100%|HC|  |TAMS 0x00000006e1800000| PB 0x00000006e1400000| Complete |  0
| 390|0x00000006e1800000, 0x00000006e1c00000, 0x00000006e1c00000|100%|HC|  |TAMS 0x00000006e1c00000| PB 0x00000006e1800000| Complete |  0
| 391|0x00000006e1c00000, 0x00000006e2000000, 0x00000006e2000000|100%|HC|  |TAMS 0x00000006e2000000| PB 0x00000006e1c00000| Complete |  0
| 392|0x00000006e2000000, 0x00000006e2400000, 0x00000006e2400000|100%|HC|  |TAMS 0x00000006e2400000| PB 0x00000006e2000000| Complete |  0
| 393|0x00000006e2400000, 0x00000006e2800000, 0x00000006e2800000|100%|HC|  |TAMS 0x00000006e2800000| PB 0x00000006e2400000| Complete |  0
| 394|0x00000006e2800000, 0x00000006e2c00000, 0x00000006e2c00000|100%|HC|  |TAMS 0x00000006e2c00000| PB 0x00000006e2800000| Complete |  0
| 395|0x00000006e2c00000, 0x00000006e3000000, 0x00000006e3000000|100%|HC|  |TAMS 0x00000006e3000000| PB 0x00000006e2c00000| Complete |  0
| 396|0x00000006e3000000, 0x00000006e3400000, 0x00000006e3400000|100%|HC|  |TAMS 0x00000006e3400000| PB 0x00000006e3000000| Complete |  0
| 397|0x00000006e3400000, 0x00000006e3800000, 0x00000006e3800000|100%|HC|  |TAMS 0x00000006e3800000| PB 0x00000006e3400000| Complete |  0
| 398|0x00000006e3800000, 0x00000006e3c00000, 0x00000006e3c00000|100%|HC|  |TAMS 0x00000006e3c00000| PB 0x00000006e3800000| Complete |  0
| 399|0x00000006e3c00000, 0x00000006e4000000, 0x00000006e4000000|100%|HC|  |TAMS 0x00000006e4000000| PB 0x00000006e3c00000| Complete |  0
| 400|0x00000006e4000000, 0x00000006e4400000, 0x00000006e4400000|100%|HC|  |TAMS 0x00000006e4400000| PB 0x00000006e4000000| Complete |  0
| 401|0x00000006e4400000, 0x00000006e4800000, 0x00000006e4800000|100%|HC|  |TAMS 0x00000006e4800000| PB 0x00000006e4400000| Complete |  0
| 402|0x00000006e4800000, 0x00000006e4c00000, 0x00000006e4c00000|100%|HC|  |TAMS 0x00000006e4c00000| PB 0x00000006e4800000| Complete |  0
| 403|0x00000006e4c00000, 0x00000006e5000000, 0x00000006e5000000|100%|HC|  |TAMS 0x00000006e5000000| PB 0x00000006e4c00000| Complete |  0
| 404|0x00000006e5000000, 0x00000006e5400000, 0x00000006e5400000|100%|HC|  |TAMS 0x00000006e5400000| PB 0x00000006e5000000| Complete |  0
| 405|0x00000006e5400000, 0x00000006e5800000, 0x00000006e5800000|100%|HC|  |TAMS 0x00000006e5800000| PB 0x00000006e5400000| Complete |  0
| 406|0x00000006e5800000, 0x00000006e5c00000, 0x00000006e5c00000|100%|HC|  |TAMS 0x00000006e5c00000| PB 0x00000006e5800000| Complete |  0
| 407|0x00000006e5c00000, 0x00000006e6000000, 0x00000006e6000000|100%|HC|  |TAMS 0x00000006e6000000| PB 0x00000006e5c00000| Complete |  0
| 408|0x00000006e6000000, 0x00000006e6400000, 0x00000006e6400000|100%|HC|  |TAMS 0x00000006e6400000| PB 0x00000006e6000000| Complete |  0
| 409|0x00000006e6400000, 0x00000006e6800000, 0x00000006e6800000|100%|HC|  |TAMS 0x00000006e6800000| PB 0x00000006e6400000| Complete |  0
| 410|0x00000006e6800000, 0x00000006e6c00000, 0x00000006e6c00000|100%|HC|  |TAMS 0x00000006e6c00000| PB 0x00000006e6800000| Complete |  0
| 411|0x00000006e6c00000, 0x00000006e7000000, 0x00000006e7000000|100%|HC|  |TAMS 0x00000006e7000000| PB 0x00000006e6c00000| Complete |  0
| 412|0x00000006e7000000, 0x00000006e7400000, 0x00000006e7400000|100%|HC|  |TAMS 0x00000006e7400000| PB 0x00000006e7000000| Complete |  0
| 413|0x00000006e7400000, 0x00000006e7800000, 0x00000006e7800000|100%|HC|  |TAMS 0x00000006e7800000| PB 0x00000006e7400000| Complete |  0
| 414|0x00000006e7800000, 0x00000006e7c00000, 0x00000006e7c00000|100%|HC|  |TAMS 0x00000006e7c00000| PB 0x00000006e7800000| Complete |  0
| 415|0x00000006e7c00000, 0x00000006e8000000, 0x00000006e8000000|100%|HC|  |TAMS 0x00000006e8000000| PB 0x00000006e7c00000| Complete |  0
| 416|0x00000006e8000000, 0x00000006e8400000, 0x00000006e8400000|100%|HC|  |TAMS 0x00000006e8400000| PB 0x00000006e8000000| Complete |  0
| 417|0x00000006e8400000, 0x00000006e8800000, 0x00000006e8800000|100%|HC|  |TAMS 0x00000006e8800000| PB 0x00000006e8400000| Complete |  0
| 418|0x00000006e8800000, 0x00000006e8c00000, 0x00000006e8c00000|100%|HC|  |TAMS 0x00000006e8c00000| PB 0x00000006e8800000| Complete |  0
| 419|0x00000006e8c00000, 0x00000006e9000000, 0x00000006e9000000|100%|HC|  |TAMS 0x00000006e9000000| PB 0x00000006e8c00000| Complete |  0
| 420|0x00000006e9000000, 0x00000006e9400000, 0x00000006e9400000|100%|HC|  |TAMS 0x00000006e9400000| PB 0x00000006e9000000| Complete |  0
| 421|0x00000006e9400000, 0x00000006e9800000, 0x00000006e9800000|100%|HC|  |TAMS 0x00000006e9800000| PB 0x00000006e9400000| Complete |  0
| 422|0x00000006e9800000, 0x00000006e9800000, 0x00000006e9c00000|  0%| F|  |TAMS 0x00000006e9800000| PB 0x00000006e9800000| Untracked |  0
| 423|0x00000006e9c00000, 0x00000006e9c00000, 0x00000006ea000000|  0%| F|  |TAMS 0x00000006e9c00000| PB 0x00000006e9c00000| Untracked |  0
| 424|0x00000006ea000000, 0x00000006ea400000, 0x00000006ea400000|100%| S|CS|TAMS 0x00000006ea000000| PB 0x00000006ea000000| Complete |  0
| 425|0x00000006ea400000, 0x00000006ea800000, 0x00000006ea800000|100%| S|CS|TAMS 0x00000006ea400000| PB 0x00000006ea400000| Complete |  0
|1445|0x00000007e9400000, 0x00000007e9613e20, 0x00000007e9800000| 51%| O|  |TAMS 0x00000007e9400000| PB 0x00000007e9400000| Untracked |  0
|1446|0x00000007e9800000, 0x00000007e9c00000, 0x00000007e9c00000|100%| O|  |TAMS 0x00000007e9800000| PB 0x00000007e9800000| Untracked |  0
|1447|0x00000007e9c00000, 0x00000007ea000000, 0x00000007ea000000|100%| O|  |TAMS 0x00000007e9c00000| PB 0x00000007e9c00000| Untracked |  0
|1448|0x00000007ea000000, 0x00000007ea400000, 0x00000007ea400000|100%| O|  |TAMS 0x00000007ea000000| PB 0x00000007ea000000| Untracked |  0
|1449|0x00000007ea400000, 0x00000007ea800000, 0x00000007ea800000|100%| O|  |TAMS 0x00000007ea400000| PB 0x00000007ea400000| Untracked |  0
|1450|0x00000007ea800000, 0x00000007eac00000, 0x00000007eac00000|100%| O|  |TAMS 0x00000007ea800000| PB 0x00000007ea800000| Untracked |  0
|1451|0x00000007eac00000, 0x00000007eb000000, 0x00000007eb000000|100%| O|  |TAMS 0x00000007eac00000| PB 0x00000007eac00000| Untracked |  0
|1452|0x00000007eb000000, 0x00000007eb400000, 0x00000007eb400000|100%| O|  |TAMS 0x00000007eb000000| PB 0x00000007eb000000| Untracked |  0
|1453|0x00000007eb400000, 0x00000007eb800000, 0x00000007eb800000|100%| O|  |TAMS 0x00000007eb400000| PB 0x00000007eb400000| Untracked |  0
|1454|0x00000007eb800000, 0x00000007ebc00000, 0x00000007ebc00000|100%| O|  |TAMS 0x00000007eb800000| PB 0x00000007eb800000| Untracked |  0
|1455|0x00000007ebc00000, 0x00000007ec000000, 0x00000007ec000000|100%| O|  |TAMS 0x00000007ebc00000| PB 0x00000007ebc00000| Untracked |  0
|1456|0x00000007ec000000, 0x00000007ec400000, 0x00000007ec400000|100%| O|  |TAMS 0x00000007ec000000| PB 0x00000007ec000000| Untracked |  0
|1457|0x00000007ec400000, 0x00000007ec800000, 0x00000007ec800000|100%| O|  |TAMS 0x00000007ec400000| PB 0x00000007ec400000| Untracked |  0
|1458|0x00000007ec800000, 0x00000007ecc00000, 0x00000007ecc00000|100%| O|  |TAMS 0x00000007ec800000| PB 0x00000007ec800000| Untracked |  0
|1459|0x00000007ecc00000, 0x00000007ed000000, 0x00000007ed000000|100%| O|  |TAMS 0x00000007ecc00000| PB 0x00000007ecc00000| Untracked |  0
|1460|0x00000007ed000000, 0x00000007ed400000, 0x00000007ed400000|100%| O|  |TAMS 0x00000007ed000000| PB 0x00000007ed000000| Untracked |  0
|1461|0x00000007ed400000, 0x00000007ed800000, 0x00000007ed800000|100%| O|  |TAMS 0x00000007ed400000| PB 0x00000007ed400000| Untracked |  0
|1462|0x00000007ed800000, 0x00000007edc00000, 0x00000007edc00000|100%| O|  |TAMS 0x00000007ed800000| PB 0x00000007ed800000| Untracked |  0
|1463|0x00000007edc00000, 0x00000007ee000000, 0x00000007ee000000|100%| O|  |TAMS 0x00000007edc00000| PB 0x00000007edc00000| Untracked |  0
|1464|0x00000007ee000000, 0x00000007ee400000, 0x00000007ee400000|100%| O|  |TAMS 0x00000007ee000000| PB 0x00000007ee000000| Untracked |  0
|1465|0x00000007ee400000, 0x00000007ee800000, 0x00000007ee800000|100%| O|  |TAMS 0x00000007ee400000| PB 0x00000007ee400000| Untracked |  0
|1466|0x00000007ee800000, 0x00000007eec00000, 0x00000007eec00000|100%| O|  |TAMS 0x00000007ee800000| PB 0x00000007ee800000| Untracked |  0
|1467|0x00000007eec00000, 0x00000007ef000000, 0x00000007ef000000|100%| O|  |TAMS 0x00000007eec00000| PB 0x00000007eec00000| Untracked |  0
|1468|0x00000007ef000000, 0x00000007ef400000, 0x00000007ef400000|100%| O|  |TAMS 0x00000007ef000000| PB 0x00000007ef000000| Untracked |  0
|1469|0x00000007ef400000, 0x00000007ef800000, 0x00000007ef800000|100%| O|  |TAMS 0x00000007ef400000| PB 0x00000007ef400000| Untracked |  0
|1470|0x00000007ef800000, 0x00000007efc00000, 0x00000007efc00000|100%| O|  |TAMS 0x00000007ef800000| PB 0x00000007ef800000| Untracked |  0
|1471|0x00000007efc00000, 0x00000007f0000000, 0x00000007f0000000|100%| O|  |TAMS 0x00000007efc00000| PB 0x00000007efc00000| Untracked |  0
|1472|0x00000007f0000000, 0x00000007f0400000, 0x00000007f0400000|100%| O|  |TAMS 0x00000007f0000000| PB 0x00000007f0000000| Untracked |  0
|1473|0x00000007f0400000, 0x00000007f0800000, 0x00000007f0800000|100%| O|  |TAMS 0x00000007f0400000| PB 0x00000007f0400000| Untracked |  0
|1474|0x00000007f0800000, 0x00000007f0c00000, 0x00000007f0c00000|100%| O|  |TAMS 0x00000007f0800000| PB 0x00000007f0800000| Untracked |  0
|1475|0x00000007f0c00000, 0x00000007f1000000, 0x00000007f1000000|100%| O|  |TAMS 0x00000007f0c00000| PB 0x00000007f0c00000| Untracked |  0
|1476|0x00000007f1000000, 0x00000007f1400000, 0x00000007f1400000|100%| O|  |TAMS 0x00000007f1000000| PB 0x00000007f1000000| Untracked |  0
|1477|0x00000007f1400000, 0x00000007f1800000, 0x00000007f1800000|100%| O|  |TAMS 0x00000007f1400000| PB 0x00000007f1400000| Untracked |  0
|1478|0x00000007f1800000, 0x00000007f1c00000, 0x00000007f1c00000|100%| O|  |TAMS 0x00000007f1800000| PB 0x00000007f1800000| Untracked |  0
|1479|0x00000007f1c00000, 0x00000007f2000000, 0x00000007f2000000|100%| O|  |TAMS 0x00000007f1c00000| PB 0x00000007f1c00000| Untracked |  0
|1480|0x00000007f2000000, 0x00000007f2400000, 0x00000007f2400000|100%| O|  |TAMS 0x00000007f2000000| PB 0x00000007f2000000| Untracked |  0
|1481|0x00000007f2400000, 0x00000007f2800000, 0x00000007f2800000|100%| O|  |TAMS 0x00000007f2400000| PB 0x00000007f2400000| Untracked |  0
|1482|0x00000007f2800000, 0x00000007f2c00000, 0x00000007f2c00000|100%| O|  |TAMS 0x00000007f2800000| PB 0x00000007f2800000| Untracked |  0
|1483|0x00000007f2c00000, 0x00000007f3000000, 0x00000007f3000000|100%| O|  |TAMS 0x00000007f2c00000| PB 0x00000007f2c00000| Untracked |  0
|1484|0x00000007f3000000, 0x00000007f3400000, 0x00000007f3400000|100%| O|  |TAMS 0x00000007f3000000| PB 0x00000007f3000000| Untracked |  0
|1485|0x00000007f3400000, 0x00000007f3800000, 0x00000007f3800000|100%| O|  |TAMS 0x00000007f3400000| PB 0x00000007f3400000| Untracked |  0
|1486|0x00000007f3800000, 0x00000007f3c00000, 0x00000007f3c00000|100%| O|  |TAMS 0x00000007f3800000| PB 0x00000007f3800000| Untracked |  0
|1487|0x00000007f3c00000, 0x00000007f4000000, 0x00000007f4000000|100%| O|  |TAMS 0x00000007f3c00000| PB 0x00000007f3c00000| Untracked |  0
|1488|0x00000007f4000000, 0x00000007f4400000, 0x00000007f4400000|100%| O|  |TAMS 0x00000007f4000000| PB 0x00000007f4000000| Untracked |  0
|1489|0x00000007f4400000, 0x00000007f4800000, 0x00000007f4800000|100%| O|  |TAMS 0x00000007f4400000| PB 0x00000007f4400000| Untracked |  0
|1490|0x00000007f4800000, 0x00000007f4c00000, 0x00000007f4c00000|100%| O|  |TAMS 0x00000007f4800000| PB 0x00000007f4800000| Untracked |  0
|1491|0x00000007f4c00000, 0x00000007f5000000, 0x00000007f5000000|100%| O|  |TAMS 0x00000007f4c00000| PB 0x00000007f4c00000| Untracked |  0
|1492|0x00000007f5000000, 0x00000007f5400000, 0x00000007f5400000|100%| O|  |TAMS 0x00000007f5000000| PB 0x00000007f5000000| Untracked |  0
|1493|0x00000007f5400000, 0x00000007f5800000, 0x00000007f5800000|100%| O|  |TAMS 0x00000007f5400000| PB 0x00000007f5400000| Untracked |  0
|1494|0x00000007f5800000, 0x00000007f5c00000, 0x00000007f5c00000|100%| O|  |TAMS 0x00000007f5800000| PB 0x00000007f5800000| Untracked |  0
|1495|0x00000007f5c00000, 0x00000007f6000000, 0x00000007f6000000|100%| O|  |TAMS 0x00000007f5c00000| PB 0x00000007f5c00000| Untracked |  0
|1496|0x00000007f6000000, 0x00000007f6400000, 0x00000007f6400000|100%| O|  |TAMS 0x00000007f6000000| PB 0x00000007f6000000| Untracked |  0
|1497|0x00000007f6400000, 0x00000007f6800000, 0x00000007f6800000|100%| O|  |TAMS 0x00000007f6400000| PB 0x00000007f6400000| Untracked |  0
|1498|0x00000007f6800000, 0x00000007f6c00000, 0x00000007f6c00000|100%| O|  |TAMS 0x00000007f6800000| PB 0x00000007f6800000| Untracked |  0
|1499|0x00000007f6c00000, 0x00000007f7000000, 0x00000007f7000000|100%| O|  |TAMS 0x00000007f6c00000| PB 0x00000007f6c00000| Untracked |  0
|1500|0x00000007f7000000, 0x00000007f7400000, 0x00000007f7400000|100%| O|  |TAMS 0x00000007f7000000| PB 0x00000007f7000000| Untracked |  0
|1501|0x00000007f7400000, 0x00000007f7800000, 0x00000007f7800000|100%| O|  |TAMS 0x00000007f7400000| PB 0x00000007f7400000| Untracked |  0
|1502|0x00000007f7800000, 0x00000007f7c00000, 0x00000007f7c00000|100%| O|  |TAMS 0x00000007f7800000| PB 0x00000007f7800000| Untracked |  0
|1503|0x00000007f7c00000, 0x00000007f8000000, 0x00000007f8000000|100%| O|  |TAMS 0x00000007f7c00000| PB 0x00000007f7c00000| Untracked |  0
|1504|0x00000007f8000000, 0x00000007f8400000, 0x00000007f8400000|100%| O|  |TAMS 0x00000007f8000000| PB 0x00000007f8000000| Untracked |  0
|1505|0x00000007f8400000, 0x00000007f8800000, 0x00000007f8800000|100%| O|  |TAMS 0x00000007f85f6230| PB 0x00000007f8400000| Untracked |  0
|1506|0x00000007f8800000, 0x00000007f8c00000, 0x00000007f8c00000|100%| O|  |TAMS 0x00000007f8c00000| PB 0x00000007f8800000| Untracked |  0
|1507|0x00000007f8c00000, 0x00000007f9000000, 0x00000007f9000000|100%| O|  |TAMS 0x00000007f9000000| PB 0x00000007f8c00000| Untracked |  0
|1508|0x00000007f9000000, 0x00000007f9400000, 0x00000007f9400000|100%| O|  |TAMS 0x00000007f9400000| PB 0x00000007f9000000| Untracked |  0
|1509|0x00000007f9400000, 0x00000007f9800000, 0x00000007f9800000|100%| O|  |TAMS 0x00000007f9800000| PB 0x00000007f9400000| Untracked |  0
|1510|0x00000007f9800000, 0x00000007f9c00000, 0x00000007f9c00000|100%| O|  |TAMS 0x00000007f9c00000| PB 0x00000007f9800000| Untracked |  0
|1511|0x00000007f9c00000, 0x00000007fa000000, 0x00000007fa000000|100%| O|  |TAMS 0x00000007fa000000| PB 0x00000007f9c00000| Untracked |  0
|1512|0x00000007fa000000, 0x00000007fa400000, 0x00000007fa400000|100%| O|  |TAMS 0x00000007fa400000| PB 0x00000007fa000000| Untracked |  0
|1513|0x00000007fa400000, 0x00000007fa800000, 0x00000007fa800000|100%| O|  |TAMS 0x00000007fa800000| PB 0x00000007fa400000| Untracked |  0
|1514|0x00000007fa800000, 0x00000007fac00000, 0x00000007fac00000|100%| O|  |TAMS 0x00000007fac00000| PB 0x00000007fa800000| Untracked |  0
|1515|0x00000007fac00000, 0x00000007fb000000, 0x00000007fb000000|100%| O|  |TAMS 0x00000007fb000000| PB 0x00000007fac00000| Untracked |  0
|1516|0x00000007fb000000, 0x00000007fb400000, 0x00000007fb400000|100%| O|  |TAMS 0x00000007fb400000| PB 0x00000007fb000000| Untracked |  0
|1517|0x00000007fb400000, 0x00000007fb800000, 0x00000007fb800000|100%| O|  |TAMS 0x00000007fb800000| PB 0x00000007fb400000| Untracked |  0
|1518|0x00000007fb800000, 0x00000007fbc00000, 0x00000007fbc00000|100%| O|  |TAMS 0x00000007fbc00000| PB 0x00000007fb800000| Untracked |  0
|1519|0x00000007fbc00000, 0x00000007fc000000, 0x00000007fc000000|100%| O|  |TAMS 0x00000007fc000000| PB 0x00000007fbc00000| Untracked |  0
|1520|0x00000007fc000000, 0x00000007fc400000, 0x00000007fc400000|100%| O|  |TAMS 0x00000007fc400000| PB 0x00000007fc000000| Untracked |  0
|1521|0x00000007fc400000, 0x00000007fc800000, 0x00000007fc800000|100%| O|  |TAMS 0x00000007fc800000| PB 0x00000007fc400000| Untracked |  0
|1522|0x00000007fc800000, 0x00000007fcc00000, 0x00000007fcc00000|100%| O|  |TAMS 0x00000007fcc00000| PB 0x00000007fc800000| Untracked |  0
|1523|0x00000007fcc00000, 0x00000007fd000000, 0x00000007fd000000|100%| O|  |TAMS 0x00000007fd000000| PB 0x00000007fcc00000| Untracked |  0
|1524|0x00000007fd000000, 0x00000007fd400000, 0x00000007fd400000|100%| O|  |TAMS 0x00000007fd400000| PB 0x00000007fd000000| Untracked |  0
|1525|0x00000007fd400000, 0x00000007fd800000, 0x00000007fd800000|100%| O|  |TAMS 0x00000007fd800000| PB 0x00000007fd400000| Untracked |  0
|1526|0x00000007fd800000, 0x00000007fdc00000, 0x00000007fdc00000|100%| O|  |TAMS 0x00000007fdc00000| PB 0x00000007fd800000| Untracked |  0
|1527|0x00000007fdc00000, 0x00000007fe000000, 0x00000007fe000000|100%| O|  |TAMS 0x00000007fe000000| PB 0x00000007fdc00000| Untracked |  0
|1528|0x00000007fe000000, 0x00000007fe400000, 0x00000007fe400000|100%| O|  |TAMS 0x00000007fe400000| PB 0x00000007fe000000| Untracked |  0
|1529|0x00000007fe400000, 0x00000007fe800000, 0x00000007fe800000|100%| O|  |TAMS 0x00000007fe800000| PB 0x00000007fe400000| Untracked |  0
|1530|0x00000007fe800000, 0x00000007fec00000, 0x00000007fec00000|100%| O|  |TAMS 0x00000007fec00000| PB 0x00000007fe800000| Untracked |  0
|1531|0x00000007fec00000, 0x00000007ff000000, 0x00000007ff000000|100%| O|  |TAMS 0x00000007ff000000| PB 0x00000007fec00000| Untracked |  0
|1532|0x00000007ff000000, 0x00000007ff400000, 0x00000007ff400000|100%| O|  |TAMS 0x00000007ff400000| PB 0x00000007ff000000| Untracked |  0
|1533|0x00000007ff400000, 0x00000007ff800000, 0x00000007ff800000|100%| O|  |TAMS 0x00000007ff800000| PB 0x00000007ff400000| Untracked |  0
|1534|0x00000007ff800000, 0x00000007ffc00000, 0x00000007ffc00000|100%| O|  |TAMS 0x00000007ffc00000| PB 0x00000007ff800000| Untracked |  0
|1535|0x00000007ffc00000, 0x00000007ffd24ea8, 0x0000000800000000| 28%| O|  |TAMS 0x00000007ffd24ea8| PB 0x00000007ffc00000| Untracked |  0

Card table byte_map: [0x0000023271320000,0x0000023271f20000] _byte_map_base: 0x000002326df20000

Marking Bits: (CMBitMap*) 0x0000023258493fc0
 Bits: [0x0000023271f20000, 0x0000023277f20000)

Polling page: 0x0000023256260000

Metaspace:
Metaspace        used 16379K, committed 16576K, reserved 1114112K
 class space     used 2186K, committed 2240K, reserved 1048576K

Usage:
  Non-class:     13.86 MB used.
      Class:      2.14 MB used.
       Both:     16.00 MB used.

Virtual space:
  Non-class space:       64.00 MB reserved,      14.00 MB ( 22%) committed,  1 nodes.
      Class space:        1.00 GB reserved,       2.19 MB ( <1%) committed,  1 nodes.
             Both:        1.06 GB reserved,      16.19 MB (  1%) committed. 

Chunk freelists:
   Non-Class:  992.00 KB
       Class:  13.76 MB
        Both:  14.73 MB

MaxMetaspaceSize: unlimited
CompressedClassSpaceSize: 1.00 GB
Initial GC threshold: 21.00 MB
Current GC threshold: 21.00 MB
CDS: on
 - commit_granule_bytes: 65536.
 - commit_granule_words: 8192.
 - virtual_space_node_default_size: 8388608.
 - enlarge_chunks_in_place: 1.
UseCompressedClassPointers 1, UseCompactObjectHeaders 0
Narrow klass pointer bits 32, Max shift 3
Narrow klass base: 0x0000000017000000, Narrow klass shift: 0
Encoding Range: [0x0000000017000000 - 0x0000000117000000), (4294967296 bytes)
Klass Range:    [0x0000000017010000 - 0x0000000058000000), (1090453504 bytes)
Klass ID Range:  [65536 - 1090519033) (1090453497)
Protection zone: [0x0000000017000000 - 0x0000000017010000), (65536 bytes)


Internal statistics:

num_allocs_failed_limit: 0.
num_arena_births: 142.
num_arena_deaths: 0.
num_vsnodes_births: 2.
num_vsnodes_deaths: 0.
num_space_committed: 259.
num_space_uncommitted: 0.
num_chunks_returned_to_freelist: 0.
num_chunks_taken_from_freelist: 708.
num_chunk_merges: 0.
num_chunk_splits: 513.
num_chunks_enlarged: 427.
num_inconsistent_stats: 0.

CodeHeap 'non-profiled nmethods': size=119232Kb used=1919Kb max_used=1919Kb free=117313Kb
 bounds [0x0000023268810000, 0x0000023268a80000, 0x000002326fc80000]
CodeHeap 'profiled nmethods': size=119104Kb used=7947Kb max_used=7947Kb free=111156Kb
 bounds [0x0000023260c80000, 0x0000023261450000, 0x00000232680d0000]
CodeHeap 'non-nmethods': size=7424Kb used=2823Kb max_used=3495Kb free=4600Kb
 bounds [0x00000232680d0000, 0x0000023268440000, 0x0000023268810000]
CodeCache: size=245760Kb, used=12689Kb, max_used=13361Kb, free=233069Kb
 total_blobs=5709, nmethods=4884, adapters=724, full_count=0
Compilation: enabled, stopped_count=0, restarted_count=0

Compilation events (20 events):
Event: 23.116 Thread 0x000002327a406e70 4877   !   3       com.sun.javafx.application.PlatformImpl::runLater (89 bytes)
Event: 23.117 Thread 0x0000023204272880 nmethod 4875 0x0000023261438108 code [0x0000023261438200, 0x0000023261439520]
Event: 23.117 Thread 0x0000023204272880 4878       3       com.sun.javafx.tk.quantum.PaintCollector::addDirtyScene (95 bytes)
Event: 23.117 Thread 0x0000023204272880 nmethod 4878 0x0000023261439588 code [0x0000023261439680, 0x000002326143a200]
Event: 23.118 Thread 0x0000023204272880 4879       3       com.sun.javafx.tk.quantum.SceneState::update (80 bytes)
Event: 23.118 Thread 0x0000023204272880 nmethod 4879 0x000002326143a288 code [0x000002326143a380, 0x000002326143aa50]
Event: 23.118 Thread 0x0000023204272880 4880   !   3       com.sun.javafx.tk.quantum.PaintCollector::renderAll (381 bytes)
Event: 23.119 Thread 0x000002327a406e70 nmethod 4877 0x000002326143aa88 code [0x000002326143ab80, 0x000002326143c208]
Event: 23.119 Thread 0x000002327a406e70 4881       3       com.sun.javafx.tk.quantum.QuantumToolkit::endPulseRunning (29 bytes)
Event: 23.119 Thread 0x000002321d0f30a0 nmethod 4876 0x000002326143c288 code [0x000002326143c380, 0x000002326143f8f8]
Event: 23.119 Thread 0x000002327a406e70 nmethod 4881 0x000002326143f988 code [0x000002326143fa80, 0x000002326143fdd0]
Event: 23.119 Thread 0x000002321d0f30a0 4882       3       com.sun.scenario.animation.AbstractPrimaryTimer$MainLoop::run (61 bytes)
Event: 23.119 Thread 0x0000023204272880 nmethod 4880 0x000002326143fe08 code [0x000002326143ff00, 0x0000023261441f08]
Event: 23.120 Thread 0x000002321d0f30a0 nmethod 4882 0x0000023261441f88 code [0x0000023261442080, 0x0000023261442660]
Event: 23.120 Thread 0x000002321d0f30a0 4883       3       java.util.concurrent.locks.AbstractQueuedSynchronizer::acquireSharedInterruptibly (36 bytes)
Event: 23.120 Thread 0x000002321d0f30a0 nmethod 4883 0x0000023261442688 code [0x0000023261442780, 0x0000023261442d80]
Event: 23.121 Thread 0x000002327a3f2230 4884       4       com.sun.scenario.effect.impl.prism.PrFilterContext::getInstance (53 bytes)
Event: 23.149 Thread 0x000002327a3f2230 nmethod 4884 0x00000232689eee08 code [0x00000232689eef20, 0x00000232689ef4d0]
Event: 23.149 Thread 0x000002327a3f2230 4885       4       com.sun.prism.impl.BaseGraphics::drawTexture (22 bytes)
Event: 23.177 Thread 0x000002327a3f2230 nmethod 4885 0x00000232689ef508 code [0x00000232689ef620, 0x00000232689efb80]

GC Heap Usage History (15 events):
Event: 0.472 {heap Before GC invocations=0 (full 0):
 garbage-first heap   total reserved 6291456K, committed 528384K, used 50323K [0x0000000680000000, 0x0000000800000000)
  region size 4096K, 12 young (49152K), 0 survivors (0K)
}
Event: 0.474 {heap After GC invocations=1 (full 0):
 garbage-first heap   total reserved 6291456K, committed 528384K, used 5587K [0x0000000680000000, 0x0000000800000000)
  region size 4096K, 2 young (8192K), 2 survivors (8192K)
}
Event: 17.599 {heap Before GC invocations=1 (full 0):
 garbage-first heap   total reserved 6291456K, committed 528384K, used 54739K [0x0000000680000000, 0x0000000800000000)
  region size 4096K, 16 young (65536K), 2 survivors (8192K)
}
Event: 17.604 {heap After GC invocations=2 (full 0):
 garbage-first heap   total reserved 6291456K, committed 528384K, used 11925K [0x0000000680000000, 0x0000000800000000)
  region size 4096K, 3 young (12288K), 3 survivors (12288K)
}
Event: 22.892 {heap Before GC invocations=2 (full 0):
 garbage-first heap   total reserved 6291456K, committed 1732608K, used 1580693K [0x0000000680000000, 0x0000000800000000)
  region size 4096K, 76 young (311296K), 3 survivors (12288K)
}
Event: 23.058 {heap After GC invocations=3 (full 0):
 garbage-first heap   total reserved 6291456K, committed 1855488K, used 1539180K [0x0000000680000000, 0x0000000800000000)
  region size 4096K, 10 young (40960K), 10 survivors (40960K)
}
Event: 23.081 {heap Before GC invocations=3 (full 0):
 garbage-first heap   total reserved 6291456K, committed 1855488K, used 1674348K [0x0000000680000000, 0x0000000800000000)
  region size 4096K, 43 young (176128K), 10 survivors (40960K)
}
Event: 23.115 {heap After GC invocations=4 (full 0):
 garbage-first heap   total reserved 6291456K, committed 1855488K, used 1672282K [0x0000000680000000, 0x0000000800000000)
  region size 4096K, 6 young (24576K), 6 survivors (24576K)
}
Event: 23.124 {heap Before GC invocations=4 (full 0):
 garbage-first heap   total reserved 6291456K, committed 1855488K, used 1737818K [0x0000000680000000, 0x0000000800000000)
  region size 4096K, 22 young (90112K), 6 survivors (24576K)
}
Event: 23.143 {heap After GC invocations=5 (full 0):
 garbage-first heap   total reserved 6291456K, committed 1855488K, used 1741971K [0x0000000680000000, 0x0000000800000000)
  region size 4096K, 3 young (12288K), 3 survivors (12288K)
}
Event: 23.152 {heap Before GC invocations=5 (full 0):
 garbage-first heap   total reserved 6291456K, committed 1855488K, used 1819795K [0x0000000680000000, 0x0000000800000000)
  region size 4096K, 22 young (90112K), 3 survivors (12288K)
}
Event: 23.176 {heap After GC invocations=6 (full 0):
 garbage-first heap   total reserved 6291456K, committed 1925120K, used 1828967K [0x0000000680000000, 0x0000000800000000)
  region size 4096K, 3 young (12288K), 3 survivors (12288K)
}
Event: 23.188 {heap Before GC invocations=6 (full 0):
 garbage-first heap   total reserved 6291456K, committed 1925120K, used 1910887K [0x0000000680000000, 0x0000000800000000)
  region size 4096K, 23 young (94208K), 3 survivors (12288K)
}
Event: 23.216 {heap After GC invocations=7 (full 0):
 garbage-first heap   total reserved 6291456K, committed 2019328K, used 1922195K [0x0000000680000000, 0x0000000800000000)
  region size 4096K, 3 young (12288K), 3 survivors (12288K)
}
Event: 23.230 {heap Before GC invocations=7 (full 0):
 garbage-first heap   total reserved 6291456K, committed 2019328K, used 2008211K [0x0000000680000000, 0x0000000800000000)
  region size 4096K, 24 young (98304K), 3 survivors (12288K)
}

Metaspace Usage History (15 events):
Event: 0.472 {metaspace Before GC invocations=0 (full 0):
 Metaspace       used 8413K, committed 8512K, reserved 1114112K
  class space    used 1055K, committed 1088K, reserved 1048576K
}
Event: 0.474 {metaspace After GC invocations=1 (full 0):
 Metaspace       used 8413K, committed 8512K, reserved 1114112K
  class space    used 1055K, committed 1088K, reserved 1048576K
}
Event: 17.599 {metaspace Before GC invocations=1 (full 0):
 Metaspace       used 15881K, committed 16064K, reserved 1114112K
  class space    used 2182K, committed 2240K, reserved 1048576K
}
Event: 17.604 {metaspace After GC invocations=2 (full 0):
 Metaspace       used 15881K, committed 16064K, reserved 1114112K
  class space    used 2182K, committed 2240K, reserved 1048576K
}
Event: 22.892 {metaspace Before GC invocations=2 (full 0):
 Metaspace       used 16374K, committed 16576K, reserved 1114112K
  class space    used 2186K, committed 2240K, reserved 1048576K
}
Event: 23.058 {metaspace After GC invocations=3 (full 0):
 Metaspace       used 16374K, committed 16576K, reserved 1114112K
  class space    used 2186K, committed 2240K, reserved 1048576K
}
Event: 23.081 {metaspace Before GC invocations=3 (full 0):
 Metaspace       used 16377K, committed 16576K, reserved 1114112K
  class space    used 2186K, committed 2240K, reserved 1048576K
}
Event: 23.115 {metaspace After GC invocations=4 (full 0):
 Metaspace       used 16377K, committed 16576K, reserved 1114112K
  class space    used 2186K, committed 2240K, reserved 1048576K
}
Event: 23.124 {metaspace Before GC invocations=4 (full 0):
 Metaspace       used 16379K, committed 16576K, reserved 1114112K
  class space    used 2186K, committed 2240K, reserved 1048576K
}
Event: 23.143 {metaspace After GC invocations=5 (full 0):
 Metaspace       used 16379K, committed 16576K, reserved 1114112K
  class space    used 2186K, committed 2240K, reserved 1048576K
}
Event: 23.152 {metaspace Before GC invocations=5 (full 0):
 Metaspace       used 16379K, committed 16576K, reserved 1114112K
  class space    used 2186K, committed 2240K, reserved 1048576K
}
Event: 23.176 {metaspace After GC invocations=6 (full 0):
 Metaspace       used 16379K, committed 16576K, reserved 1114112K
  class space    used 2186K, committed 2240K, reserved 1048576K
}
Event: 23.188 {metaspace Before GC invocations=6 (full 0):
 Metaspace       used 16379K, committed 16576K, reserved 1114112K
  class space    used 2186K, committed 2240K, reserved 1048576K
}
Event: 23.216 {metaspace After GC invocations=7 (full 0):
 Metaspace       used 16379K, committed 16576K, reserved 1114112K
  class space    used 2186K, committed 2240K, reserved 1048576K
}
Event: 23.230 {metaspace Before GC invocations=7 (full 0):
 Metaspace       used 16379K, committed 16576K, reserved 1114112K
  class space    used 2186K, committed 2240K, reserved 1048576K
}

Dll operation events (20 events):
Event: 0.169 Loaded shared library C:\javafx-sdk-21\javafx-sdk-21\bin\api-ms-win-crt-locale-l1-1-0.dll
Event: 0.169 Loaded shared library C:\javafx-sdk-21\javafx-sdk-21\bin\api-ms-win-crt-math-l1-1-0.dll
Event: 0.170 Loaded shared library C:\javafx-sdk-21\javafx-sdk-21\bin\api-ms-win-crt-multibyte-l1-1-0.dll
Event: 0.171 Loaded shared library C:\javafx-sdk-21\javafx-sdk-21\bin\api-ms-win-crt-private-l1-1-0.dll
Event: 0.172 Loaded shared library C:\javafx-sdk-21\javafx-sdk-21\bin\api-ms-win-crt-process-l1-1-0.dll
Event: 0.173 Loaded shared library C:\javafx-sdk-21\javafx-sdk-21\bin\api-ms-win-crt-runtime-l1-1-0.dll
Event: 0.173 Loaded shared library C:\javafx-sdk-21\javafx-sdk-21\bin\api-ms-win-crt-stdio-l1-1-0.dll
Event: 0.174 Loaded shared library C:\javafx-sdk-21\javafx-sdk-21\bin\api-ms-win-crt-string-l1-1-0.dll
Event: 0.175 Loaded shared library C:\javafx-sdk-21\javafx-sdk-21\bin\api-ms-win-crt-time-l1-1-0.dll
Event: 0.175 Loaded shared library C:\javafx-sdk-21\javafx-sdk-21\bin\api-ms-win-crt-utility-l1-1-0.dll
Event: 0.176 Loaded shared library C:\javafx-sdk-21\javafx-sdk-21\bin\ucrtbase.dll
Event: 0.177 Loaded shared library C:\javafx-sdk-21\javafx-sdk-21\bin\vcruntime140.dll
Event: 0.178 Loaded shared library C:\javafx-sdk-21\javafx-sdk-21\bin\vcruntime140_1.dll
Event: 0.179 Loaded shared library C:\javafx-sdk-21\javafx-sdk-21\bin\msvcp140.dll
Event: 0.180 Loaded shared library C:\javafx-sdk-21\javafx-sdk-21\bin\msvcp140_1.dll
Event: 0.181 Loaded shared library C:\javafx-sdk-21\javafx-sdk-21\bin\msvcp140_2.dll
Event: 0.202 Loaded shared library C:\javafx-sdk-21\javafx-sdk-21\bin\prism_d3d.dll
Event: 0.250 Loaded shared library C:\javafx-sdk-21\javafx-sdk-21\bin\glass.dll
Event: 0.374 Loaded shared library C:\javafx-sdk-21\javafx-sdk-21\bin\javafx_font.dll
Event: 0.460 Loaded shared library C:\jdk-25\bin\jimage.dll

Deoptimization events (20 events):
Event: 22.601 Thread 0x00000232048101b0 Uncommon trap: trap_request=0xffffff45 fr.pc=0x00000232689bb350 relative=0x0000000000001a10
Event: 22.601 Thread 0x00000232048101b0 Uncommon trap: reason=unstable_if action=reinterpret pc=0x00000232689bb350 method=com.sun.marlin.TransformingPathConsumer2D$PathClipFilter._closePath()V @ 6 c2
Event: 22.601 Thread 0x00000232048101b0 DEOPT PACKING pc=0x00000232689bb350 sp=0x0000009ebccfd800
Event: 22.601 Thread 0x00000232048101b0 DEOPT UNPACKING pc=0x00000232681efc02 sp=0x0000009ebccfd738 mode 2
Event: 22.601 Thread 0x00000232048101b0 Uncommon trap: trap_request=0xffffff66 fr.pc=0x000002326899ac28 relative=0x0000000000000528
Event: 22.601 Thread 0x00000232048101b0 Uncommon trap: reason=loop_limit_check action=maybe_recompile pc=0x000002326899ac28 method=com.sun.javafx.image.impl.BaseByteToByteConverter$ByteAnyToSameConverter.doConvert([BII[BIIII)V @ 5 c2
Event: 22.601 Thread 0x00000232048101b0 DEOPT PACKING pc=0x000002326899ac28 sp=0x0000009ebccfd7b0
Event: 22.601 Thread 0x00000232048101b0 DEOPT UNPACKING pc=0x00000232681efc02 sp=0x0000009ebccfd748 mode 2
Event: 22.601 Thread 0x00000232048101b0 Uncommon trap: trap_request=0xffffff45 fr.pc=0x000002326899ae80 relative=0x0000000000000080
Event: 22.601 Thread 0x00000232048101b0 Uncommon trap: reason=unstable_if action=reinterpret pc=0x000002326899ae80 method=com.sun.marlin.TransformingPathConsumer2D$PathClipFilter._closePath()V @ 6 c2
Event: 22.601 Thread 0x00000232048101b0 DEOPT PACKING pc=0x000002326899ae80 sp=0x0000009ebccfd7c0
Event: 22.601 Thread 0x00000232048101b0 DEOPT UNPACKING pc=0x00000232681efc02 sp=0x0000009ebccfd748 mode 2
Event: 22.782 Thread 0x000002320534c3c0 Uncommon trap: trap_request=0xffffff95 fr.pc=0x000002326892ddac relative=0x000000000000038c
Event: 22.782 Thread 0x000002320534c3c0 Uncommon trap: reason=unreached action=reinterpret pc=0x000002326892ddac method=com.ericbarnhill.niftijio.NiftiVolume.read(Ljava/io/BufferedInputStream;Lcom/ericbarnhill/niftijio/NiftiHeader;)Lcom/ericbarnhill/niftijio/NiftiVolume; @ 749 c2
Event: 22.782 Thread 0x000002320534c3c0 DEOPT PACKING pc=0x000002326892ddac sp=0x0000009ebc3fec60
Event: 22.782 Thread 0x000002320534c3c0 DEOPT UNPACKING pc=0x00000232681efc02 sp=0x0000009ebc3febf8 mode 2
Event: 22.849 Thread 0x00000232048101b0 Uncommon trap: trap_request=0xffffff66 fr.pc=0x00000232689e7f14 relative=0x0000000000000ed4
Event: 22.849 Thread 0x00000232048101b0 Uncommon trap: reason=loop_limit_check action=maybe_recompile pc=0x00000232689e7f14 method=com.sun.javafx.sg.prism.NGGroup.computeRenderRoot(Lcom/sun/javafx/sg/prism/NodePath;Lcom/sun/javafx/geom/RectBounds;ILcom/sun/javafx/geom/transform/BaseTransform;Lc
Event: 22.849 Thread 0x00000232048101b0 DEOPT PACKING pc=0x00000232689e7f14 sp=0x0000009ebccfeca0
Event: 22.849 Thread 0x00000232048101b0 DEOPT UNPACKING pc=0x00000232681efc02 sp=0x0000009ebccfec10 mode 2

Classes loaded (20 events):
Event: 4.972 Loading class java/util/EnumMap$ValueIterator
Event: 4.972 Loading class java/util/EnumMap$EnumMapIterator
Event: 4.972 Loading class java/util/EnumMap$EnumMapIterator done
Event: 4.972 Loading class java/util/EnumMap$ValueIterator done
Event: 5.258 Loading class java/io/UnsupportedEncodingException
Event: 5.258 Loading class java/io/UnsupportedEncodingException done
Event: 12.147 Loading class java/lang/RuntimePermission
Event: 12.147 Loading class java/lang/RuntimePermission done
Event: 12.152 Loading class java/awt/image/RenderedImage
Event: 12.152 Loading class java/awt/image/RenderedImage done
Event: 17.591 Loading class java/util/zip/GZIPOutputStream
Event: 17.593 Loading class java/util/zip/DeflaterOutputStream
Event: 17.594 Loading class java/util/zip/DeflaterOutputStream done
Event: 17.594 Loading class java/util/zip/GZIPOutputStream done
Event: 17.594 Loading class java/util/zip/GZIPInputStream
Event: 17.594 Loading class java/util/zip/GZIPInputStream done
Event: 17.596 Loading class java/util/zip/CheckedInputStream
Event: 17.597 Loading class java/util/zip/CheckedInputStream done
Event: 19.932 Loading class java/lang/foreign/MemorySegment
Event: 19.933 Loading class java/lang/foreign/MemorySegment done

Classes unloaded (0 events):
No events

Classes redefined (0 events):
No events

Internal exceptions (20 events):
Event: 0.603 Thread 0x0000023204fd2560 Exception <a 'java/lang/ClassNotFoundException'{0x000000069ec96788}: com/sun/javafx/scene/control/skin/resources/controls> (0x000000069ec96788) 
thrown [s\open\src\hotspot\share\prims\jni.cpp, line 534]
Event: 0.604 Thread 0x0000023204fd2560 Exception <a 'java/lang/ClassNotFoundException'{0x000000069eca3b78}: com/sun/javafx/scene/control/skin/resources/controls_en> (0x000000069eca3b78) 
thrown [s\open\src\hotspot\share\prims\jni.cpp, line 534]
Event: 0.604 Thread 0x0000023204fd2560 Exception <a 'java/lang/ClassNotFoundException'{0x000000069eca4d10}: com/sun/javafx/scene/control/skin/resources/controls_en_ZA> (0x000000069eca4d10) 
thrown [s\open\src\hotspot\share\prims\jni.cpp, line 534]
Event: 0.713 Thread 0x0000023204fd2560 Exception <a 'java/lang/NoSuchMethodError'{0x000000069e2893f0}: 'java.lang.Object java.lang.invoke.DelegatingMethodHandle$Holder.reinvoke_L(java.lang.Object, java.lang.Object, int, int, int, double)'> (0x000000069e2893f0) 
thrown [s\open\src\hotspot\share\interpreter\linkResolver.cpp, line 804]
Event: 0.725 Thread 0x0000023204fd2560 Exception <a 'java/lang/NoSuchMethodError'{0x000000069e34f558}: 'java.lang.Object java.lang.invoke.DirectMethodHandle$Holder.invokeStatic(java.lang.Object, java.lang.Object, java.lang.Object, java.lang.Object, int)'> (0x000000069e34f558) 
thrown [s\open\src\hotspot\share\interpreter\linkResolver.cpp, line 804]
Event: 0.753 Thread 0x0000023204fd2560 Exception <a 'java/io/FileNotFoundException'{0x000000069dce10d8}> (0x000000069dce10d8) 
thrown [s\open\src\hotspot\share\prims\jni.cpp, line 516]
Event: 0.768 Thread 0x0000023204fd2560 Exception <a 'java/io/FileNotFoundException'{0x000000069dd33760}> (0x000000069dd33760) 
thrown [s\open\src\hotspot\share\prims\jni.cpp, line 516]
Event: 0.768 Thread 0x0000023204fd2560 Exception <a 'java/io/FileNotFoundException'{0x000000069dd34d58}> (0x000000069dd34d58) 
thrown [s\open\src\hotspot\share\prims\jni.cpp, line 516]
Event: 0.775 Thread 0x0000023204fd2560 Exception <a 'java/io/FileNotFoundException'{0x000000069dd555a8}> (0x000000069dd555a8) 
thrown [s\open\src\hotspot\share\prims\jni.cpp, line 516]
Event: 0.775 Thread 0x0000023204fd2560 Exception <a 'java/io/FileNotFoundException'{0x000000069dd56948}> (0x000000069dd56948) 
thrown [s\open\src\hotspot\share\prims\jni.cpp, line 516]
Event: 0.808 Thread 0x0000023204fd2560 Exception <a 'java/lang/NoSuchMethodError'{0x000000069df3fab8}: 'java.lang.Object java.lang.invoke.DirectMethodHandle$Holder.newInvokeSpecial(java.lang.Object, java.lang.Object, int)'> (0x000000069df3fab8) 
thrown [s\open\src\hotspot\share\interpreter\linkResolver.cpp, line 804]
Event: 0.850 Thread 0x00000232048101b0 Exception <a 'java/lang/NoSuchMethodError'{0x000000069d91f0d8}: 'int java.lang.invoke.DirectMethodHandle$Holder.invokeStaticInit(java.lang.Object, java.lang.Object)'> (0x000000069d91f0d8) 
thrown [s\open\src\hotspot\share\interpreter\linkResolver.cpp, line 804]
Event: 0.857 Thread 0x00000232048101b0 Exception <a 'java/lang/NoSuchMethodError'{0x000000069daa1ce0}: 'java.lang.Object java.lang.invoke.Invokers$Holder.invokeExact_MT(java.lang.Object, java.lang.Object, java.lang.Object, java.lang.Object, java.lang.Object)'> (0x000000069daa1ce0) 
thrown [s\open\src\hotspot\share\interpreter\linkResolver.cpp, line 804]
Event: 0.859 Thread 0x00000232048101b0 Exception <a 'java/lang/NoSuchMethodError'{0x000000069dadb588}: 'java.lang.Object java.lang.invoke.DirectMethodHandle$Holder.invokeStaticInit(java.lang.Object, int)'> (0x000000069dadb588) 
thrown [s\open\src\hotspot\share\interpreter\linkResolver.cpp, line 804]
Event: 5.265 Thread 0x0000023204fd2560 Exception <a 'java/lang/NoSuchMethodError'{0x000000069d1e9c30}: 'long java.lang.invoke.DirectMethodHandle$Holder.invokeStaticInit(java.lang.Object, java.lang.Object, java.lang.Object)'> (0x000000069d1e9c30) 
thrown [s\open\src\hotspot\share\interpreter\linkResolver.cpp, line 804]
Event: 5.266 Thread 0x0000023204fd2560 Exception <a 'java/lang/NoSuchMethodError'{0x000000069d234850}: 'java.lang.Object java.lang.invoke.DirectMethodHandle$Holder.newInvokeSpecial(java.lang.Object, java.lang.Object, long)'> (0x000000069d234850) 
thrown [s\open\src\hotspot\share\interpreter\linkResolver.cpp, line 804]
Event: 5.266 Thread 0x0000023204fd2560 Exception <a 'java/lang/NoSuchMethodError'{0x000000069d23d4a0}: 'java.lang.Object java.lang.invoke.Invokers$Holder.linkToTargetMethod(java.lang.Object, long, java.lang.Object)'> (0x000000069d23d4a0) 
thrown [s\open\src\hotspot\share\interpreter\linkResolver.cpp, line 804]
Event: 12.153 Thread 0x0000023205348d10 Exception <a 'sun/nio/fs/WindowsException'{0x000000069c516bd8}> (0x000000069c516bd8) 
thrown [s\open\src\hotspot\share\prims\jni.cpp, line 516]
Event: 12.153 Thread 0x0000023205348d10 Exception <a 'sun/nio/fs/WindowsException'{0x000000069c517400}> (0x000000069c517400) 
thrown [s\open\src\hotspot\share\prims\jni.cpp, line 516]
Event: 12.153 Thread 0x0000023205348d10 Exception <a 'sun/nio/fs/WindowsException'{0x000000069c517c10}> (0x000000069c517c10) 
thrown [s\open\src\hotspot\share\prims\jni.cpp, line 516]

VM Operations (20 events):
Event: 17.596 Executing non-safepoint VM operation: HandshakeAllThreads (Deoptimize) done
Event: 17.598 Executing non-safepoint VM operation: HandshakeAllThreads (Deoptimize)
Event: 17.598 Executing non-safepoint VM operation: HandshakeAllThreads (Deoptimize) done
Event: 17.598 Executing safepoint VM operation: G1TryInitiateConcMark (G1 Humongous Allocation)
Event: 17.604 Executing safepoint VM operation: G1TryInitiateConcMark (G1 Humongous Allocation) done
Event: 17.618 Executing non-safepoint VM operation: HandshakeAllThreads (Deoptimize)
Event: 18.012 Executing non-safepoint VM operation: HandshakeAllThreads (Deoptimize) done
Event: 18.037 Executing non-safepoint VM operation: HandshakeAllThreads (Deoptimize)
Event: 18.037 Executing non-safepoint VM operation: HandshakeAllThreads (Deoptimize) done
Event: 22.892 Executing safepoint VM operation: G1CollectForAllocation (G1 Evacuation Pause)
Event: 23.058 Executing safepoint VM operation: G1CollectForAllocation (G1 Evacuation Pause) done
Event: 23.081 Executing safepoint VM operation: G1CollectForAllocation (G1 Evacuation Pause)
Event: 23.116 Executing safepoint VM operation: G1CollectForAllocation (G1 Evacuation Pause) done
Event: 23.124 Executing safepoint VM operation: G1CollectForAllocation (G1 Evacuation Pause)
Event: 23.143 Executing safepoint VM operation: G1CollectForAllocation (G1 Evacuation Pause) done
Event: 23.151 Executing safepoint VM operation: G1CollectForAllocation (G1 Evacuation Pause)
Event: 23.176 Executing safepoint VM operation: G1CollectForAllocation (G1 Evacuation Pause) done
Event: 23.186 Executing safepoint VM operation: G1CollectForAllocation (G1 Evacuation Pause)
Event: 23.216 Executing safepoint VM operation: G1CollectForAllocation (G1 Evacuation Pause) done
Event: 23.228 Executing safepoint VM operation: G1CollectForAllocation (G1 Evacuation Pause)

Memory protections (0 events):
No events

Nmethod flushes (0 events):
No events

Events (20 events):
Event: 2.527 Thread 0x00000232041adc80 Thread exited: 0x00000232041adc80
Event: 4.973 Thread 0x00000232041a7de0 Thread exited: 0x00000232041a7de0
Event: 5.270 Thread 0x00000232040a50d0 Thread added: 0x000002320499d3f0
Event: 5.271 Thread 0x00000232040a50d0 Thread added: 0x000002320499dc00
Event: 6.513 Thread 0x000002320499dc00 Thread exited: 0x000002320499dc00
Event: 10.343 Thread 0x000002320499d3f0 Thread exited: 0x000002320499d3f0
Event: 11.704 Thread 0x00000232040a50d0 Thread added: 0x000002320499d3f0
Event: 12.151 Thread 0x0000023204fd2560 Thread added: 0x0000023205348d10
Event: 12.153 Thread 0x0000023205348d10 Thread exited: 0x0000023205348d10
Event: 12.160 Thread 0x000002327a406e70 Thread added: 0x0000023204271860
Event: 16.787 Thread 0x0000023204271860 Thread exited: 0x0000023204271860
Event: 16.787 Thread 0x000002320499d3f0 Thread exited: 0x000002320499d3f0
Event: 16.787 Thread 0x00000232040a50d0 Thread exited: 0x00000232040a50d0
Event: 17.588 Thread 0x0000023204fd2560 Thread added: 0x000002320534c3c0
Event: 17.612 Thread 0x000002327a406e70 Thread added: 0x0000023204271860
Event: 17.612 Thread 0x000002327a406e70 Thread added: 0x0000023204270840
Event: 17.613 Thread 0x000002327a406e70 Thread added: 0x0000023204272880
Event: 18.012 Thread 0x0000023204270840 Thread exited: 0x0000023204270840
Event: 18.012 Thread 0x0000023204271860 Thread exited: 0x0000023204271860
Event: 18.502 Thread 0x000002327a406e70 Thread added: 0x000002321d0f30a0


Dynamic libraries:
0x00007ff7eca00000 - 0x00007ff7eca0e000 	C:\jdk-25\bin\javaw.exe
0x00007ffbf6740000 - 0x00007ffbf69a9000 	C:\WINDOWS\SYSTEM32\ntdll.dll
0x00007ffbf51c0000 - 0x00007ffbf5289000 	C:\WINDOWS\System32\KERNEL32.DLL
0x00007ffbf38d0000 - 0x00007ffbf3cc3000 	C:\WINDOWS\System32\KERNELBASE.dll
0x000000006a750000 - 0x000000006a7ee000 	C:\ProgramData\Symantec\Symantec Endpoint Protection\14.3.9681.7000.105\Data\Sysfer\x64\sysfer.dll
0x00007ffbf3cd0000 - 0x00007ffbf3e1b000 	C:\WINDOWS\System32\ucrtbase.dll
0x00007ffbd0550000 - 0x00007ffbd0567000 	C:\jdk-25\bin\jli.dll
0x00007ffbca280000 - 0x00007ffbca29e000 	C:\jdk-25\bin\VCRUNTIME140.dll
0x00007ffbf47d0000 - 0x00007ffbf4994000 	C:\WINDOWS\System32\USER32.dll
0x00007ffbf4440000 - 0x00007ffbf4467000 	C:\WINDOWS\System32\win32u.dll
0x00007ffbf5aa0000 - 0x00007ffbf5acb000 	C:\WINDOWS\System32\GDI32.dll
0x00007ffbd6750000 - 0x00007ffbd69e3000 	C:\WINDOWS\WinSxS\amd64_microsoft.windows.common-controls_6595b64144ccf1df_6.0.26100.5074_none_3e0d6f78e32fd63f\COMCTL32.dll
0x00007ffbf4060000 - 0x00007ffbf418d000 	C:\WINDOWS\System32\gdi32full.dll
0x00007ffbf4190000 - 0x00007ffbf4233000 	C:\WINDOWS\System32\msvcp_win.dll
0x00007ffbf49b0000 - 0x00007ffbf4a59000 	C:\WINDOWS\System32\msvcrt.dll
0x00007ffbf5b60000 - 0x00007ffbf5b8f000 	C:\WINDOWS\System32\IMM32.DLL
0x00007ffbca2b0000 - 0x00007ffbca2bc000 	C:\jdk-25\bin\vcruntime140_1.dll
0x00007ffbb1390000 - 0x00007ffbb141d000 	C:\jdk-25\bin\msvcp140.dll
0x00007ffb7e640000 - 0x00007ffb7f49f000 	C:\jdk-25\bin\server\jvm.dll
0x00007ffbf5090000 - 0x00007ffbf5144000 	C:\WINDOWS\System32\ADVAPI32.dll
0x00007ffbf4ee0000 - 0x00007ffbf4f86000 	C:\WINDOWS\System32\sechost.dll
0x00007ffbf5e10000 - 0x00007ffbf5f28000 	C:\WINDOWS\System32\RPCRT4.dll
0x00007ffbf4a60000 - 0x00007ffbf4ad4000 	C:\WINDOWS\System32\WS2_32.dll
0x00007ffbf3730000 - 0x00007ffbf378e000 	C:\WINDOWS\SYSTEM32\POWRPROF.dll
0x00007ffbe9250000 - 0x00007ffbe9285000 	C:\WINDOWS\SYSTEM32\WINMM.dll
0x00007ffbdd590000 - 0x00007ffbdd59b000 	C:\WINDOWS\SYSTEM32\VERSION.dll
0x00007ffbf3660000 - 0x00007ffbf3674000 	C:\WINDOWS\SYSTEM32\UMPDC.dll
0x00007ffbf2670000 - 0x00007ffbf268b000 	C:\WINDOWS\SYSTEM32\kernel.appcore.dll
0x00007ffbc9f70000 - 0x00007ffbc9f7a000 	C:\jdk-25\bin\jimage.dll
0x00007ffbf0d40000 - 0x00007ffbf0f82000 	C:\WINDOWS\SYSTEM32\DBGHELP.DLL
0x00007ffbf5290000 - 0x00007ffbf560b000 	C:\WINDOWS\System32\combase.dll
0x00007ffbf46f0000 - 0x00007ffbf47c7000 	C:\WINDOWS\System32\OLEAUT32.dll
0x00007ffbc9db0000 - 0x00007ffbc9ded000 	C:\WINDOWS\SYSTEM32\dbgcore.DLL
0x00007ffbf4470000 - 0x00007ffbf4509000 	C:\WINDOWS\System32\bcryptPrimitives.dll
0x00007ffbb5830000 - 0x00007ffbb584f000 	C:\jdk-25\bin\java.dll
0x00007ffbf4d40000 - 0x00007ffbf4ed8000 	C:\WINDOWS\System32\ole32.dll
0x00007ffbf5fb0000 - 0x00007ffbf66fd000 	C:\WINDOWS\System32\SHELL32.dll
0x00007ffbf42d0000 - 0x00007ffbf443c000 	C:\WINDOWS\System32\wintypes.dll
0x00007ffbf13f0000 - 0x00007ffbf1c49000 	C:\WINDOWS\SYSTEM32\windows.storage.dll
0x00007ffbf4f90000 - 0x00007ffbf5080000 	C:\WINDOWS\System32\SHCORE.dll
0x00007ffbf5ba0000 - 0x00007ffbf5c02000 	C:\WINDOWS\System32\shlwapi.dll
0x00007ffbf37f0000 - 0x00007ffbf3819000 	C:\WINDOWS\SYSTEM32\profapi.dll
0x00007ffbb31d0000 - 0x00007ffbb31e2000 	C:\jdk-25\bin\net.dll
0x00007ffbf2bd0000 - 0x00007ffbf2c3b000 	C:\WINDOWS\system32\mswsock.dll
0x00007ffbb2120000 - 0x00007ffbb2136000 	C:\jdk-25\bin\nio.dll
0x00007ffbb2100000 - 0x00007ffbb2117000 	C:\jdk-25\bin\zip.dll
0x0000023205e70000 - 0x0000023205e73000 	C:\javafx-sdk-21\javafx-sdk-21\bin\api-ms-win-core-console-l1-1-0.dll
0x0000023205d40000 - 0x0000023205d43000 	C:\javafx-sdk-21\javafx-sdk-21\bin\api-ms-win-core-console-l1-2-0.dll
0x0000023205d50000 - 0x0000023205d53000 	C:\javafx-sdk-21\javafx-sdk-21\bin\api-ms-win-core-datetime-l1-1-0.dll
0x0000023205d60000 - 0x0000023205d63000 	C:\javafx-sdk-21\javafx-sdk-21\bin\api-ms-win-core-debug-l1-1-0.dll
0x0000023205d70000 - 0x0000023205d73000 	C:\javafx-sdk-21\javafx-sdk-21\bin\api-ms-win-core-errorhandling-l1-1-0.dll
0x0000023205d80000 - 0x0000023205d84000 	C:\javafx-sdk-21\javafx-sdk-21\bin\api-ms-win-core-file-l1-1-0.dll
0x0000023205d90000 - 0x0000023205d93000 	C:\javafx-sdk-21\javafx-sdk-21\bin\api-ms-win-core-file-l1-2-0.dll
0x0000023205da0000 - 0x0000023205da3000 	C:\javafx-sdk-21\javafx-sdk-21\bin\api-ms-win-core-file-l2-1-0.dll
0x0000023205db0000 - 0x0000023205db3000 	C:\javafx-sdk-21\javafx-sdk-21\bin\api-ms-win-core-handle-l1-1-0.dll
0x0000023205dc0000 - 0x0000023205dc3000 	C:\javafx-sdk-21\javafx-sdk-21\bin\api-ms-win-core-heap-l1-1-0.dll
0x0000023205dd0000 - 0x0000023205dd3000 	C:\javafx-sdk-21\javafx-sdk-21\bin\api-ms-win-core-interlocked-l1-1-0.dll
0x0000023205de0000 - 0x0000023205de3000 	C:\javafx-sdk-21\javafx-sdk-21\bin\api-ms-win-core-libraryloader-l1-1-0.dll
0x0000023205df0000 - 0x0000023205df3000 	C:\javafx-sdk-21\javafx-sdk-21\bin\api-ms-win-core-localization-l1-2-0.dll
0x0000023205e00000 - 0x0000023205e03000 	C:\javafx-sdk-21\javafx-sdk-21\bin\api-ms-win-core-memory-l1-1-0.dll
0x0000023205e10000 - 0x0000023205e13000 	C:\javafx-sdk-21\javafx-sdk-21\bin\api-ms-win-core-namedpipe-l1-1-0.dll
0x0000023205e20000 - 0x0000023205e23000 	C:\javafx-sdk-21\javafx-sdk-21\bin\api-ms-win-core-processenvironment-l1-1-0.dll
0x0000023205e30000 - 0x0000023205e33000 	C:\javafx-sdk-21\javafx-sdk-21\bin\api-ms-win-core-processthreads-l1-1-0.dll
0x0000023205e40000 - 0x0000023205e43000 	C:\javafx-sdk-21\javafx-sdk-21\bin\api-ms-win-core-processthreads-l1-1-1.dll
0x0000023205e50000 - 0x0000023205e53000 	C:\javafx-sdk-21\javafx-sdk-21\bin\api-ms-win-core-profile-l1-1-0.dll
0x0000023205e60000 - 0x0000023205e63000 	C:\javafx-sdk-21\javafx-sdk-21\bin\api-ms-win-core-rtlsupport-l1-1-0.dll
0x0000023205e80000 - 0x0000023205e83000 	C:\javafx-sdk-21\javafx-sdk-21\bin\api-ms-win-core-string-l1-1-0.dll
0x00000232061c0000 - 0x00000232061c3000 	C:\javafx-sdk-21\javafx-sdk-21\bin\api-ms-win-core-synch-l1-1-0.dll
0x00000232061d0000 - 0x00000232061d3000 	C:\javafx-sdk-21\javafx-sdk-21\bin\api-ms-win-core-synch-l1-2-0.dll
0x00000232061e0000 - 0x00000232061e3000 	C:\javafx-sdk-21\javafx-sdk-21\bin\api-ms-win-core-sysinfo-l1-1-0.dll
0x00000232061f0000 - 0x00000232061f3000 	C:\javafx-sdk-21\javafx-sdk-21\bin\api-ms-win-core-timezone-l1-1-0.dll
0x0000023205e90000 - 0x0000023205e93000 	C:\javafx-sdk-21\javafx-sdk-21\bin\api-ms-win-core-util-l1-1-0.dll
0x0000023205ea0000 - 0x0000023205ea3000 	C:\javafx-sdk-21\javafx-sdk-21\bin\api-ms-win-crt-conio-l1-1-0.dll
0x0000023205eb0000 - 0x0000023205eb4000 	C:\javafx-sdk-21\javafx-sdk-21\bin\api-ms-win-crt-convert-l1-1-0.dll
0x0000023205ec0000 - 0x0000023205ec3000 	C:\javafx-sdk-21\javafx-sdk-21\bin\api-ms-win-crt-environment-l1-1-0.dll
0x0000023205ed0000 - 0x0000023205ed3000 	C:\javafx-sdk-21\javafx-sdk-21\bin\api-ms-win-crt-filesystem-l1-1-0.dll
0x0000023205ee0000 - 0x0000023205ee3000 	C:\javafx-sdk-21\javafx-sdk-21\bin\api-ms-win-crt-heap-l1-1-0.dll
0x0000023205ef0000 - 0x0000023205ef3000 	C:\javafx-sdk-21\javafx-sdk-21\bin\api-ms-win-crt-locale-l1-1-0.dll
0x0000023205f00000 - 0x0000023205f05000 	C:\javafx-sdk-21\javafx-sdk-21\bin\api-ms-win-crt-math-l1-1-0.dll
0x0000023205f10000 - 0x0000023205f15000 	C:\javafx-sdk-21\javafx-sdk-21\bin\api-ms-win-crt-multibyte-l1-1-0.dll
0x0000023205f20000 - 0x0000023205f30000 	C:\javafx-sdk-21\javafx-sdk-21\bin\api-ms-win-crt-private-l1-1-0.dll
0x0000023205f30000 - 0x0000023205f33000 	C:\javafx-sdk-21\javafx-sdk-21\bin\api-ms-win-crt-process-l1-1-0.dll
0x0000023205f40000 - 0x0000023205f44000 	C:\javafx-sdk-21\javafx-sdk-21\bin\api-ms-win-crt-runtime-l1-1-0.dll
0x0000023205f50000 - 0x0000023205f54000 	C:\javafx-sdk-21\javafx-sdk-21\bin\api-ms-win-crt-stdio-l1-1-0.dll
0x0000023205f60000 - 0x0000023205f64000 	C:\javafx-sdk-21\javafx-sdk-21\bin\api-ms-win-crt-string-l1-1-0.dll
0x0000023205f70000 - 0x0000023205f73000 	C:\javafx-sdk-21\javafx-sdk-21\bin\api-ms-win-crt-time-l1-1-0.dll
0x0000023205f80000 - 0x0000023205f83000 	C:\javafx-sdk-21\javafx-sdk-21\bin\api-ms-win-crt-utility-l1-1-0.dll
0x00007ffb87b00000 - 0x00007ffb87bfc000 	C:\javafx-sdk-21\javafx-sdk-21\bin\ucrtbase.dll
0x00007ffbca360000 - 0x00007ffbca37b000 	C:\javafx-sdk-21\javafx-sdk-21\bin\vcruntime140.dll
0x00007ffbd9ba0000 - 0x00007ffbd9bac000 	C:\javafx-sdk-21\javafx-sdk-21\bin\vcruntime140_1.dll
0x00007ffb8b170000 - 0x00007ffb8b1fe000 	C:\javafx-sdk-21\javafx-sdk-21\bin\msvcp140.dll
0x00007ffbd0590000 - 0x00007ffbd0599000 	C:\javafx-sdk-21\javafx-sdk-21\bin\msvcp140_1.dll
0x00007ffba7490000 - 0x00007ffba74d1000 	C:\javafx-sdk-21\javafx-sdk-21\bin\msvcp140_2.dll
0x00007ffbca330000 - 0x00007ffbca360000 	C:\javafx-sdk-21\javafx-sdk-21\bin\prism_d3d.dll
0x00007ffb87940000 - 0x00007ffb87af1000 	C:\WINDOWS\system32\d3d9.dll
0x00007ffbf0740000 - 0x00007ffbf076b000 	C:\WINDOWS\SYSTEM32\dwmapi.dll
0x00007ffbf0590000 - 0x00007ffbf05d4000 	C:\WINDOWS\SYSTEM32\dxcore.dll
0x00007ffbf0480000 - 0x00007ffbf0528000 	C:\WINDOWS\system32\uxtheme.dll
0x00007ffb86fd0000 - 0x00007ffb8726f000 	C:\WINDOWS\System32\DriverStore\FileRepository\iigd_dch.inf_amd64_cc53041c629cfdec\igdumdim64.dll
0x00007ffb7b0c0000 - 0x00007ffb7cd5a000 	C:\WINDOWS\System32\DriverStore\FileRepository\iigd_dch.inf_amd64_cc53041c629cfdec\igd9trinity64.dll
0x00007ffbf05e0000 - 0x00007ffbf071a000 	C:\WINDOWS\system32\dxgi.dll
0x00007ffbe8b80000 - 0x00007ffbe912b000 	C:\WINDOWS\System32\DriverStore\FileRepository\iigd_dch.inf_amd64_cc53041c629cfdec\igdgmm64.dll
0x00007ffbe36c0000 - 0x00007ffbe8974000 	C:\WINDOWS\System32\DriverStore\FileRepository\iigd_dch.inf_amd64_cc53041c629cfdec\igc64.dll
0x00007ffbf34a0000 - 0x00007ffbf34f7000 	C:\WINDOWS\SYSTEM32\CFGMGR32.dll
0x00007ffbeb490000 - 0x00007ffbeb4f0000 	C:\WINDOWS\SYSTEM32\directxdatabasehelper.dll
0x00007ffb79950000 - 0x00007ffb7b0bb000 	C:\WINDOWS\System32\DriverStore\FileRepository\iigd_dch.inf_amd64_cc53041c629cfdec\igd9dxva64.dll
0x00007ffbf5610000 - 0x00007ffbf5a97000 	C:\WINDOWS\System32\SETUPAPI.dll
0x00007ffbd1f50000 - 0x00007ffbd4023000 	C:\WINDOWS\System32\DriverStore\FileRepository\iigd_dch.inf_amd64_cc53041c629cfdec\media_bin_64.dll
0x00007ffba49b0000 - 0x00007ffba49f2000 	C:\javafx-sdk-21\javafx-sdk-21\bin\glass.dll
0x00007ffbf5d10000 - 0x00007ffbf5e01000 	C:\WINDOWS\System32\COMDLG32.dll
0x00007ffbf4590000 - 0x00007ffbf46e8000 	C:\WINDOWS\System32\MSCTF.dll
0x00007ffb86e20000 - 0x00007ffb86fc1000 	C:\WINDOWS\System32\DriverStore\FileRepository\iigd_dch.inf_amd64_cc53041c629cfdec\igdml64.dll
0x00007ffbdfd40000 - 0x00007ffbdfd68000 	C:\WINDOWS\System32\DriverStore\FileRepository\iigd_dch.inf_amd64_cc53041c629cfdec\igdinfo64.dll
0x00007ffbca0d0000 - 0x00007ffbca0e4000 	C:\javafx-sdk-21\javafx-sdk-21\bin\javafx_font.dll
0x00007ffbed700000 - 0x00007ffbed967000 	C:\WINDOWS\SYSTEM32\dwrite.dll
0x00007ffbf5c40000 - 0x00007ffbf5cf1000 	C:\WINDOWS\System32\clbcatq.dll
0x00007ffbed4c0000 - 0x00007ffbed6ef000 	C:\WINDOWS\SYSTEM32\WindowsCodecs.dll
0x00007ffbae800000 - 0x00007ffbae85a000 	C:\WINDOWS\system32\dataexchange.dll
0x00007ffbe2db0000 - 0x00007ffbe2fe9000 	C:\WINDOWS\system32\twinapi.appcore.dll
0x00007ffbb3200000 - 0x00007ffbb322c000 	C:\Program Files\Common Files\Microsoft Shared\Ink\rtscom.dll
0x00007ffbe05b0000 - 0x00007ffbe06f9000 	C:\WINDOWS\SYSTEM32\textinputframework.dll
0x00007ffbee8b0000 - 0x00007ffbee9d5000 	C:\WINDOWS\SYSTEM32\CoreMessaging.dll
0x00007ffbeae00000 - 0x00007ffbeb0e3000 	C:\WINDOWS\SYSTEM32\CoreUIComponents.dll
0x00007ffbf2f00000 - 0x00007ffbf2f0c000 	C:\WINDOWS\SYSTEM32\CRYPTBASE.DLL
0x00007ffbef690000 - 0x00007ffbef794000 	C:\WINDOWS\SYSTEM32\PROPSYS.dll
0x00007ffb83fc0000 - 0x00007ffb8416c000 	C:\WINDOWS\SYSTEM32\DUI70.dll
0x00007ffbafed0000 - 0x00007ffbaff74000 	C:\WINDOWS\SYSTEM32\DUser.dll
0x00007ffb87890000 - 0x00007ffb8792e000 	C:\Program Files\Common Files\microsoft shared\ink\tiptsf.dll

JVMTI agents: none

dbghelp: loaded successfully - version: 4.0.5 - missing functions: none
symbol engine: initialized successfully - sym options: 0x614 - pdb path: .;C:\jdk-25\bin;C:\WINDOWS\SYSTEM32;C:\ProgramData\Symantec\Symantec Endpoint Protection\14.3.9681.7000.105\Data\Sysfer\x64;C:\WINDOWS\WinSxS\amd64_microsoft.windows.common-controls_6595b64144ccf1df_6.0.26100.5074_none_3e0d6f78e32fd63f;C:\jdk-25\bin\server;C:\javafx-sdk-21\javafx-sdk-21\bin;C:\WINDOWS\System32\DriverStore\FileRepository\iigd_dch.inf_amd64_cc53041c629cfdec;C:\Program Files\Common Files\Microsoft Shared\Ink;C:\WINDOWS\WinSxS\amd64_microsoft.windows.gdiplus_6595b64144ccf1df_1.1.26100.5074_none_6ef8625e3dc2500d

VM Arguments:
jvm_args: -Xms512m -Xmx6g --enable-native-access=javafx.graphics --module-path=C:\javafx-sdk-21\javafx-sdk-21\lib --add-modules=javafx.controls,javafx.fxml,javafx.graphics,javafx.base,javafx.media,javafx.swing,javafx.web -Dfile.encoding=UTF-8 -Dstdout.encoding=UTF-8 -Dstderr.encoding=UTF-8 -XX:+ShowCodeDetailsInExceptionMessages 
java_command: model.Main
java_class_path (initial): C:\Users\General\Downloads\Airway_Analysis\Airway_Analysis\bin;C:\Users\General\Downloads\Airway_Analysis\Airway_Analysis\lib\niftijio.jar;C:\javafx-sdk-21\javafx-sdk-21\lib\javafx.base.jar;C:\javafx-sdk-21\javafx-sdk-21\lib\javafx.controls.jar;C:\javafx-sdk-21\javafx-sdk-21\lib\javafx.fxml.jar;C:\javafx-sdk-21\javafx-sdk-21\lib\javafx.graphics.jar;C:\javafx-sdk-21\javafx-sdk-21\lib\javafx.media.jar;C:\javafx-sdk-21\javafx-sdk-21\lib\javafx.swing.jar;C:\javafx-sdk-21\javafx-sdk-21\lib\javafx.web.jar;C:\javafx-sdk-21\javafx-sdk-21\lib\javafx-swt.jar
Launcher Type: SUN_STANDARD

[Global flags]
     intx CICompilerCount                          = 12                                        {product} {ergonomic}
     uint ConcGCThreads                            = 4                                         {product} {ergonomic}
     uint G1ConcRefinementThreads                  = 15                                        {product} {ergonomic}
   size_t G1HeapRegionSize                         = 4194304                                   {product} {ergonomic}
   size_t InitialHeapSize                          = 536870912                                 {product} {command line}
   size_t MarkStackSize                            = 4194304                                   {product} {ergonomic}
   size_t MarkStackSizeMax                         = 536870912                                 {product} {ergonomic}
   size_t MaxHeapSize                              = 6442450944                                {product} {command line}
   size_t MaxNewSize                               = 3862953984                                {product} {ergonomic}
   size_t MinHeapDeltaBytes                        = 4194304                                   {product} {ergonomic}
   size_t MinHeapSize                              = 536870912                                 {product} {command line}
    uintx NonNMethodCodeHeapSize                   = 7602176                                {pd product} {ergonomic}
    uintx NonProfiledCodeHeapSize                  = 122093568                              {pd product} {ergonomic}
    uintx ProfiledCodeHeapSize                     = 121962496                              {pd product} {ergonomic}
    uintx ReservedCodeCacheSize                    = 251658240                              {pd product} {ergonomic}
     bool SegmentedCodeCache                       = true                                      {product} {ergonomic}
     bool ShowCodeDetailsInExceptionMessages       = true                                   {manageable} {command line}
   size_t SoftMaxHeapSize                          = 6442450944                             {manageable} {ergonomic}
     bool UseCompressedOops                        = true                           {product lp64_product} {ergonomic}
     bool UseG1GC                                  = true                                      {product} {ergonomic}
     bool UseLargePagesIndividualAllocation        = false                                  {pd product} {ergonomic}

Logging:
Log output configuration:
 #0: stdout all=warning uptime,level,tags foldmultilines=false
 #1: stderr all=off uptime,level,tags foldmultilines=false

Release file:
IMPLEMENTOR="Oracle Corporation" 
JAVA_RUNTIME_VERSION="25.0.1+8-27" 
JAVA_VERSION="25.0.1" 
JAVA_VERSION_DATE="2025-10-21" 
LIBC="default" 
MODULES="java.base java.compiler java.datatransfer java.xml java.prefs java.desktop java.instrument java.logging java.management java.security.sasl java.naming java.rmi java.management.rmi java.net.http java.scripting java.security.jgss java.transaction.xa java.sql java.sql.rowset java.xml.crypto java.se java.smartcardio jdk.accessibility jdk.internal.jvmstat jdk.attach jdk.charsets jdk.internal.opt jdk.zipfs jdk.compiler jdk.crypto.cryptoki jdk.crypto.ec jdk.crypto.mscapi jdk.dynalink jdk.internal.ed jdk.editpad jdk.internal.vm.ci jdk.graal.compiler jdk.graal.compiler.management jdk.hotspot.agent jdk.httpserver jdk.incubator.vector jdk.internal.le jdk.internal.md jdk.jartool jdk.javadoc jdk.jcmd jdk.management jdk.management.agent jdk.jconsole jdk.jdeps jdk.jdwp.agent jdk.jdi jdk.jfr jdk.jlink jdk.jpackage jdk.jshell jdk.jsobject jdk.jstatd jdk.localedata jdk.management.jfr jdk.naming.dns jdk.naming.rmi jdk.net jdk.nio.mapmode jdk.sctp jdk.security.auth jdk.security.jgss jdk.unsupported jdk.unsupported.desktop jdk.xml.dom" 
OS_ARCH="x86_64" 
OS_NAME="Windows" 
SOURCE=".:git:78770bfaefd2" 

Environment Variables:
PATH=C:\WINDOWS\system32;C:\WINDOWS;C:\WINDOWS\System32\Wbem;C:\WINDOWS\System32\WindowsPowerShell\v1.0\;C:\WINDOWS\System32\OpenSSH\;C:\Program Files (x86)\Microsoft SQL Server\160\Tools\Binn\;C:\Program Files\Microsoft SQL Server\160\Tools\Binn\;C:\Program Files\Microsoft SQL Server\Client SDK\ODBC\170\Tools\Binn\;C:\Program Files\Microsoft SQL Server\160\DTS\Binn\;C:\Program Files (x86)\Microsoft SQL Server\160\DTS\Binn\;C:\Program Files\Azure Data Studio\bin;C:\Program Files\Microsoft SQL Server\130\Tools\Binn\;C:\Program Files (x86)\Windows Kits\10\Windows Performance Toolkit\;C:\Program Files (x86)\Windows Kits\10\Microsoft Application Virtualization\Sequencer\;C:\Users\General\AppData\Local\Microsoft\WindowsApps;
USERNAME=General
OS=Windows_NT
PROCESSOR_IDENTIFIER=Intel64 Family 6 Model 191 Stepping 2, GenuineIntel
TMP=C:\Users\General\AppData\Local\Temp
TEMP=C:\Users\General\AppData\Local\Temp




Compilation memory statistics disabled.

Periodic native trim disabled

---------------  S Y S T E M  ---------------

OS:
 Windows 11 , 64 bit Build 26100 (10.0.26100.5074)
OS uptime: 1 days 8:34 hours
Hyper-V role detected

CPU: total 20 (initial active 20) (10 cores per cpu, 2 threads per core) family 6 model 191 stepping 2 microcode 0x3a, cx8, cmov, fxsr, ht, mmx, 3dnowpref, sse, sse2, sse3, ssse3, sse4.1, sse4.2, popcnt, lzcnt, tsc, tscinvbit, avx, avx2, aes, erms, clmul, bmi1, bmi2, adx, sha, fma, vzeroupper, clflush, clflushopt, clwb, hv, serialize, rdtscp, rdpid, fsrm, gfni, f16c, cet_ibt, cet_ss
Processor Information for the first 20 processors :
  Max Mhz: 2600, Current Mhz: 2600, Mhz Limit: 2600

Memory: 4k page, system-wide physical 7878M (933M free)
TotalPageFile size 16070M (AvailPageFile size 865M)
current process WorkingSet (physical memory assigned to process): 1986M, peak: 1986M
current process commit charge ("private bytes"): 2510M, peak: 4142M

vm_info: OpenJDK 64-Bit Server VM (25.0.1+8-27) for windows-amd64 JRE (25.0.1+8-27), built on 2025-09-25T16:41:16Z with unknown MS VC++:1943

END.
