#
# There is insufficient memory for the Java Runtime Environment to continue.
# Native memory allocation (mmap) failed to map 677380096 bytes. Error detail: G1 virtual space
# Possible reasons:
#   The system is out of physical RAM or swap space
#   This process is running with CompressedOops enabled, and the Java Heap may be blocking the growth of the native heap
# Possible solutions:
#   Reduce memory load on the system
#   Increase physical memory or swap space
#   Check if swap backing store is full
#   Decrease Java heap size (-Xmx/-Xms)
#   Decrease number of Java threads
#   Decrease Java thread stack sizes (-Xss)
#   Set larger code cache with -XX:ReservedCodeCacheSize=
#   JVM is running with Zero Based Compressed Oops mode in which the Java heap is
#     placed in the first 32GB address space. The Java Heap base address is the
#     maximum limit for the native heap growth. Please use -XX:HeapBaseMinAddress
#     to set the Java Heap base and to place the Java Heap above 32GB virtual address.
# This output file may be truncated or incomplete.
#
#  Out of Memory Error (os_windows.cpp:3554), pid=87360, tid=104564
#
# JRE version: OpenJDK Runtime Environment (25.0.1+8) (build 25.0.1+8-27)
# Java VM: OpenJDK 64-Bit Server VM (25.0.1+8-27, mixed mode, sharing, tiered, compressed oops, compressed class ptrs, g1 gc, windows-amd64)
# No core dump will be written. Minidumps are not enabled by default on client versions of Windows
#

---------------  S U M M A R Y ------------

Command Line: -Xms256m -Xmx3g --enable-native-access=javafx.graphics --module-path=C:\javafx-sdk-21\javafx-sdk-21\lib --add-modules=javafx.controls,javafx.fxml,javafx.graphics,javafx.base,javafx.media,javafx.swing,javafx.web -Dfile.encoding=UTF-8 -Dstdout.encoding=UTF-8 -Dstderr.encoding=UTF-8 -XX:+ShowCodeDetailsInExceptionMessages model.Main

Host: Intel(R) Core(TM) i5-14500, 20 cores, 7G,  Windows 11 , 64 bit Build 26100 (10.0.26100.5074)
Time: Thu May  7 21:01:45 2026 South Africa Standard Time elapsed time: 22.187130 seconds (0d 0h 0m 22s)

---------------  T H R E A D  ---------------

Current thread (0x000001ac692c8d70):  VMThread "VM Thread"          [id=104564, stack(0x000000428f700000,0x000000428f800000) (1024K)]

Stack: [0x000000428f700000,0x000000428f800000]
Native frames: (J=compiled Java code, j=interpreted, Vv=VM code, C=native code)
V  [jvm.dll+0x7a6b59]  (no source info available)
V  [jvm.dll+0x77290d]  (no source info available)
V  [jvm.dll+0x966153]  (no source info available)
V  [jvm.dll+0x968751]  (no source info available)
V  [jvm.dll+0x968e53]  (no source info available)
V  [jvm.dll+0x2fc756]  (no source info available)
V  [jvm.dll+0x7a2d85]  (no source info available)
V  [jvm.dll+0x796197]  (no source info available)
V  [jvm.dll+0x3f4698]  (no source info available)
V  [jvm.dll+0x3fc5b6]  (no source info available)
V  [jvm.dll+0x3e8c8e]  (no source info available)
V  [jvm.dll+0x3e8f48]  (no source info available)
V  [jvm.dll+0x3c0045]  (no source info available)
V  [jvm.dll+0x3c2c7c]  (no source info available)
V  [jvm.dll+0x3cf1ff]  (no source info available)
V  [jvm.dll+0x40b23f]  (no source info available)
V  [jvm.dll+0x96f091]  (no source info available)
V  [jvm.dll+0x9703ad]  (no source info available)
V  [jvm.dll+0x970929]  (no source info available)
V  [jvm.dll+0x970bd3]  (no source info available)
V  [jvm.dll+0x906a0d]  (no source info available)
V  [jvm.dll+0x7a5135]  (no source info available)
C  [ucrtbase.dll+0x37b0]  (no source info available)
C  [KERNEL32.DLL+0x2e8d7]  (no source info available)
C  [ntdll.dll+0x8d9c]  (no source info available)

VM_Operation (0x000000428f2ff820): G1PauseRemark, mode: safepoint, requested by thread 0x000001ac4ad55e80


---------------  P R O C E S S  ---------------

Threads class SMR info:
_java_thread_list=0x000001ac771c8130, length=21, elements={
0x000001ac4884e530, 0x000001ac692da9b0, 0x000001ac692db170, 0x000001ac692df100,
0x000001ac692dff40, 0x000001ac692ee800, 0x000001ac692e6fa0, 0x000001ac692f96e0,
0x000001ac69300440, 0x000001ac6e0797b0, 0x000001ac692ebdc0, 0x000001ac692eb5f0,
0x000001ac6eed30f0, 0x000001ac6eed11b0, 0x000001ac6eed5030, 0x000001ac6fa2b1a0,
0x000001ac6facfec0, 0x000001ac74f786a0, 0x000001ac74f7e460, 0x000001ac75c3aba0,
0x000001ac758dc830
}

Java Threads: ( => current thread )
  0x000001ac4884e530 JavaThread "main"                              [_thread_blocked, id=86144, stack(0x000000428f000000,0x000000428f100000) (1024K)]
  0x000001ac692da9b0 JavaThread "Reference Handler"          daemon [_thread_blocked, id=105200, stack(0x000000428f800000,0x000000428f900000) (1024K)]
  0x000001ac692db170 JavaThread "Finalizer"                  daemon [_thread_blocked, id=107624, stack(0x000000428f900000,0x000000428fa00000) (1024K)]
  0x000001ac692df100 JavaThread "Signal Dispatcher"          daemon [_thread_blocked, id=108404, stack(0x000000428fa00000,0x000000428fb00000) (1024K)]
  0x000001ac692dff40 JavaThread "Attach Listener"            daemon [_thread_blocked, id=108512, stack(0x000000428fb00000,0x000000428fc00000) (1024K)]
  0x000001ac692ee800 JavaThread "Service Thread"             daemon [_thread_blocked, id=89388, stack(0x000000428fc00000,0x000000428fd00000) (1024K)]
  0x000001ac692e6fa0 JavaThread "Monitor Deflation Thread"   daemon [_thread_blocked, id=108152, stack(0x000000428fd00000,0x000000428fe00000) (1024K)]
  0x000001ac692f96e0 JavaThread "C2 CompilerThread0"         daemon [_thread_blocked, id=108436, stack(0x000000428fe00000,0x000000428ff00000) (1024K)]
  0x000001ac69300440 JavaThread "C1 CompilerThread0"         daemon [_thread_blocked, id=107212, stack(0x000000428ff00000,0x0000004290000000) (1024K)]
  0x000001ac6e0797b0 JavaThread "C1 CompilerThread1"         daemon [_thread_blocked, id=107680, stack(0x0000004290000000,0x0000004290100000) (1024K)]
  0x000001ac692ebdc0 JavaThread "Common-Cleaner"             daemon [_thread_blocked, id=86788, stack(0x0000004290100000,0x0000004290200000) (1024K)]
  0x000001ac692eb5f0 JavaThread "Notification Thread"        daemon [_thread_blocked, id=100152, stack(0x0000004290700000,0x0000004290800000) (1024K)]
  0x000001ac6eed30f0 JavaThread "QuantumRenderer-0"          daemon [_thread_blocked, id=104568, stack(0x0000004290800000,0x0000004290900000) (1024K)]
  0x000001ac6eed11b0 JavaThread "InvokeLaterDispatcher"      daemon [_thread_blocked, id=104440, stack(0x0000004290900000,0x0000004290a00000) (1024K)]
  0x000001ac6eed5030 JavaThread "JavaFX Application Thread"         [_thread_blocked, id=93556, stack(0x0000004290a00000,0x0000004290b00000) (1024K)]
  0x000001ac6fa2b1a0 JavaThread "JavaFX-Launcher"                   [_thread_blocked, id=90100, stack(0x0000004292300000,0x0000004292400000) (1024K)]
  0x000001ac6facfec0 JavaThread "Thread-2"                   daemon [_thread_blocked, id=89788, stack(0x0000004292200000,0x0000004292300000) (1024K)]
  0x000001ac74f786a0 JavaThread "Prism Font Disposer"        daemon [_thread_blocked, id=85800, stack(0x0000004292b00000,0x0000004292c00000) (1024K)]
  0x000001ac74f7e460 JavaThread "Cleaner-0"                  daemon [_thread_blocked, id=87496, stack(0x0000004292f00000,0x0000004293000000) (1024K)]
  0x000001ac75c3aba0 JavaThread "C1 CompilerThread2"         daemon [_thread_blocked, id=106868, stack(0x0000004290200000,0x0000004290300000) (1024K)]
  0x000001ac758dc830 JavaThread "Thread-4"                          [_thread_blocked, id=88488, stack(0x0000004290300000,0x0000004290400000) (1024K)]
Total: 21

Other Threads:
=>0x000001ac692c8d70 VMThread "VM Thread"                           [id=104564, stack(0x000000428f700000,0x000000428f800000) (1024K)]
  0x000001ac691991d0 WatcherThread "VM Periodic Task Thread"        [id=106908, stack(0x000000428f600000,0x000000428f700000) (1024K)]
  0x000001ac4ad23b40 WorkerThread "GC Thread#0"                     [id=90064, stack(0x000000428f100000,0x000000428f200000) (1024K)]
  0x000001ac6fa95c90 WorkerThread "GC Thread#1"                     [id=89900, stack(0x0000004290600000,0x0000004290700000) (1024K)]
  0x000001ac6fa987b0 WorkerThread "GC Thread#2"                     [id=83836, stack(0x0000004292400000,0x0000004292500000) (1024K)]
  0x000001ac6fa96980 WorkerThread "GC Thread#3"                     [id=104172, stack(0x0000004292500000,0x0000004292600000) (1024K)]
  0x000001ac6fa97f10 WorkerThread "GC Thread#4"                     [id=87084, stack(0x0000004292600000,0x0000004292700000) (1024K)]
  0x000001ac6fa960e0 WorkerThread "GC Thread#5"                     [id=81884, stack(0x0000004292700000,0x0000004292800000) (1024K)]
  0x000001ac6eb58580 WorkerThread "GC Thread#6"                     [id=90472, stack(0x0000004293400000,0x0000004293500000) (1024K)]
  0x000001ac6eb58e20 WorkerThread "GC Thread#7"                     [id=93092, stack(0x0000004293500000,0x0000004293600000) (1024K)]
  0x000001ac7551db90 WorkerThread "GC Thread#8"                     [id=99200, stack(0x0000004290400000,0x0000004290500000) (1024K)]
  0x000001ac779bb2c0 WorkerThread "GC Thread#9"                     [id=98156, stack(0x0000004293300000,0x0000004293400000) (1024K)]
  0x000001ac779b9490 WorkerThread "GC Thread#10"                    [id=106532, stack(0x0000004293600000,0x0000004293700000) (1024K)]
  0x000001ac779b7ab0 WorkerThread "GC Thread#11"                    [id=105872, stack(0x0000004293700000,0x0000004293800000) (1024K)]
  0x000001ac779b7f00 WorkerThread "GC Thread#12"                    [id=105592, stack(0x0000004293800000,0x0000004293900000) (1024K)]
  0x000001ac779bb710 WorkerThread "GC Thread#13"                    [id=103624, stack(0x0000004293900000,0x0000004293a00000) (1024K)]
  0x000001ac779baa20 WorkerThread "GC Thread#14"                    [id=82148, stack(0x0000004293a00000,0x0000004293b00000) (1024K)]
  0x000001ac4ad55e80 ConcurrentGCThread "G1 Main Marker"            [id=89544, stack(0x000000428f200000,0x000000428f300000) (1024K)]
  0x000001ac4ad56a20 WorkerThread "G1 Conc#0"                       [id=90800, stack(0x000000428f300000,0x000000428f400000) (1024K)]
  0x000001ac779bc400 WorkerThread "G1 Conc#1"                       [id=85632, stack(0x0000004293b00000,0x0000004293c00000) (1024K)]
  0x000001ac779b98e0 WorkerThread "G1 Conc#2"                       [id=107268, stack(0x0000004293c00000,0x0000004293d00000) (1024K)]
  0x000001ac779b87a0 WorkerThread "G1 Conc#3"                       [id=97728, stack(0x0000004293d00000,0x0000004293e00000) (1024K)]
  0x000001ac69187000 ConcurrentGCThread "G1 Refine#0"               [id=108464, stack(0x000000428f400000,0x000000428f500000) (1024K)]
  0x000001ac69187c10 ConcurrentGCThread "G1 Service"                [id=107580, stack(0x000000428f500000,0x000000428f600000) (1024K)]
Total: 24

Threads with active compile tasks:
Total: 0

VM state: at safepoint (normal execution)

VM Mutex/Monitor currently owned by a thread:  ([mutex/lock_event])
[0x00007ffb7f3b94e8] Threads_lock - owner thread: 0x000001ac692c8d70
[0x00007ffb7f3b9668] Heap_lock - owner thread: 0x000001ac4ad55e80

Heap address: 0x0000000740000000, size: 3072 MB, Compressed Oops mode: Zero based, Oop shift amount: 3

CDS archive(s) mapped at: [0x000000009f000000-0x000000009fdd0000-0x000000009fdd0000), size 14483456, SharedBaseAddress: 0x000000009f000000, ArchiveRelocationMode: 1.
Compressed class space mapped at: 0x00000000a0000000-0x00000000e0000000, reserved size: 1073741824
UseCompressedClassPointers 1, UseCompactObjectHeaders 0
Narrow klass pointer bits 32, Max shift 3
Narrow klass base: 0x000000009f000000, Narrow klass shift: 0
Encoding Range: [0x000000009f000000 - 0x000000019f000000), (4294967296 bytes)
Klass Range:    [0x000000009f010000 - 0x00000000e0000000), (1090453504 bytes)
Klass ID Range:  [65536 - 1090519033) (1090453497)
Protection zone: [0x000000009f000000 - 0x000000009f010000), (65536 bytes)

GC Precious Log:
 CardTable entry size: 512
 Card Set container configuration: InlinePtr #cards 4 size 8 Array Of Cards #cards 16 size 48 Howl #buckets 8 coarsen threshold 3686 Howl Bitmap #cards 512 size 80 coarsen threshold 460 Card regions per heap region 1 cards per card region 4096
 CPUs: 20 total, 20 available
 Memory: 7878M
 Large Page Support: Disabled
 NUMA Support: Disabled
 Compressed Oops: Enabled (Zero based)
 Heap Region Size: 2M
 Heap Min Capacity: 256M
 Heap Initial Capacity: 256M
 Heap Max Capacity: 3G
 Pre-touch: Disabled
 Parallel Workers: 15
 Concurrent Workers: 4
 Concurrent Refinement Workers: 15
 Periodic GC: Disabled

Heap:
 garbage-first heap   total reserved 3145728K, committed 2484224K, used 2223104K [0x0000000740000000, 0x0000000800000000)
  region size 2048K, 44 young (90112K), 15 survivors (30720K)

Heap Regions: E=young(eden), S=young(survivor), O=old, HS=humongous(starts), HC=humongous(continues), CS=collection set, F=free, TAMS=top-at-mark-start, PB=parsable bottom
|   0|0x0000000740000000, 0x0000000740200000, 0x0000000740200000|100%|HS|  |TAMS 0x0000000740200000| PB 0x0000000740000000| Complete |  0
|   1|0x0000000740200000, 0x0000000740400000, 0x0000000740400000|100%| O|  |TAMS 0x0000000740400000| PB 0x0000000740400000| Untracked |  0
|   2|0x0000000740400000, 0x0000000740600000, 0x0000000740600000|100%| O|  |TAMS 0x0000000740600000| PB 0x0000000740600000| Untracked |  0
|   3|0x0000000740600000, 0x0000000740800000, 0x0000000740800000|100%| O|  |TAMS 0x0000000740800000| PB 0x0000000740800000| Untracked |  0
|   4|0x0000000740800000, 0x0000000740a00000, 0x0000000740a00000|100%| O|  |TAMS 0x0000000740a00000| PB 0x0000000740a00000| Untracked |  0
|   5|0x0000000740a00000, 0x0000000740c00000, 0x0000000740c00000|100%| O|  |TAMS 0x0000000740c00000| PB 0x0000000740c00000| Untracked |  0
|   6|0x0000000740c00000, 0x0000000740e00000, 0x0000000740e00000|100%| O|  |TAMS 0x0000000740e00000| PB 0x0000000740e00000| Untracked |  0
|   7|0x0000000740e00000, 0x0000000741000000, 0x0000000741000000|100%| O|  |TAMS 0x0000000741000000| PB 0x0000000741000000| Untracked |  0
|   8|0x0000000741000000, 0x0000000741200000, 0x0000000741200000|100%| O|  |TAMS 0x0000000741200000| PB 0x0000000741200000| Untracked |  0
|   9|0x0000000741200000, 0x0000000741400000, 0x0000000741400000|100%| O|  |TAMS 0x0000000741400000| PB 0x0000000741400000| Untracked |  0
|  10|0x0000000741400000, 0x0000000741600000, 0x0000000741600000|100%| O|  |TAMS 0x0000000741600000| PB 0x0000000741600000| Untracked |  0
|  11|0x0000000741600000, 0x0000000741800000, 0x0000000741800000|100%| O|  |TAMS 0x0000000741800000| PB 0x0000000741800000| Untracked |  0
|  12|0x0000000741800000, 0x0000000741a00000, 0x0000000741a00000|100%| O|  |TAMS 0x0000000741a00000| PB 0x0000000741a00000| Untracked |  0
|  13|0x0000000741a00000, 0x0000000741c00000, 0x0000000741c00000|100%| O|  |TAMS 0x0000000741c00000| PB 0x0000000741c00000| Untracked |  0
|  14|0x0000000741c00000, 0x0000000741e00000, 0x0000000741e00000|100%| O|  |TAMS 0x0000000741e00000| PB 0x0000000741e00000| Untracked |  0
|  15|0x0000000741e00000, 0x0000000742000000, 0x0000000742000000|100%| O|  |TAMS 0x0000000742000000| PB 0x0000000742000000| Untracked |  0
|  16|0x0000000742000000, 0x0000000742200000, 0x0000000742200000|100%| O|  |TAMS 0x0000000742200000| PB 0x0000000742200000| Untracked |  0
|  17|0x0000000742200000, 0x0000000742400000, 0x0000000742400000|100%| O|  |TAMS 0x0000000742400000| PB 0x0000000742400000| Untracked |  0
|  18|0x0000000742400000, 0x0000000742600000, 0x0000000742600000|100%| O|  |TAMS 0x0000000742600000| PB 0x0000000742600000| Untracked |  0
|  19|0x0000000742600000, 0x0000000742800000, 0x0000000742800000|100%| O|  |TAMS 0x0000000742800000| PB 0x0000000742800000| Untracked |  0
|  20|0x0000000742800000, 0x0000000742a00000, 0x0000000742a00000|100%| O|  |TAMS 0x0000000742a00000| PB 0x0000000742a00000| Untracked |  0
|  21|0x0000000742a00000, 0x0000000742c00000, 0x0000000742c00000|100%| O|  |TAMS 0x0000000742c00000| PB 0x0000000742c00000| Untracked |  0
|  22|0x0000000742c00000, 0x0000000742e00000, 0x0000000742e00000|100%| O|  |TAMS 0x0000000742e00000| PB 0x0000000742e00000| Untracked |  0
|  23|0x0000000742e00000, 0x0000000743000000, 0x0000000743000000|100%| O|  |TAMS 0x0000000743000000| PB 0x0000000743000000| Untracked |  0
|  24|0x0000000743000000, 0x0000000743200000, 0x0000000743200000|100%| O|  |TAMS 0x0000000743200000| PB 0x0000000743200000| Untracked |  0
|  25|0x0000000743200000, 0x0000000743400000, 0x0000000743400000|100%| O|  |TAMS 0x0000000743400000| PB 0x0000000743400000| Untracked |  0
|  26|0x0000000743400000, 0x0000000743600000, 0x0000000743600000|100%| O|  |TAMS 0x0000000743600000| PB 0x0000000743600000| Untracked |  0
|  27|0x0000000743600000, 0x0000000743800000, 0x0000000743800000|100%| O|  |TAMS 0x0000000743800000| PB 0x0000000743800000| Untracked |  0
|  28|0x0000000743800000, 0x0000000743a00000, 0x0000000743a00000|100%| O|  |TAMS 0x0000000743a00000| PB 0x0000000743a00000| Untracked |  0
|  29|0x0000000743a00000, 0x0000000743c00000, 0x0000000743c00000|100%| O|  |TAMS 0x0000000743c00000| PB 0x0000000743c00000| Untracked |  0
|  30|0x0000000743c00000, 0x0000000743e00000, 0x0000000743e00000|100%| O|  |TAMS 0x0000000743e00000| PB 0x0000000743e00000| Untracked |  0
|  31|0x0000000743e00000, 0x0000000744000000, 0x0000000744000000|100%| O|  |TAMS 0x0000000744000000| PB 0x0000000744000000| Untracked |  0
|  32|0x0000000744000000, 0x0000000744200000, 0x0000000744200000|100%| O|  |TAMS 0x0000000744200000| PB 0x0000000744200000| Untracked |  0
|  33|0x0000000744200000, 0x0000000744400000, 0x0000000744400000|100%| O|  |TAMS 0x0000000744400000| PB 0x0000000744400000| Untracked |  0
|  34|0x0000000744400000, 0x0000000744600000, 0x0000000744600000|100%| O|  |TAMS 0x0000000744600000| PB 0x0000000744600000| Untracked |  0
|  35|0x0000000744600000, 0x0000000744800000, 0x0000000744800000|100%| O|  |TAMS 0x0000000744800000| PB 0x0000000744800000| Untracked |  0
|  36|0x0000000744800000, 0x0000000744a00000, 0x0000000744a00000|100%| O|  |TAMS 0x0000000744a00000| PB 0x0000000744a00000| Untracked |  0
|  37|0x0000000744a00000, 0x0000000744c00000, 0x0000000744c00000|100%| O|  |TAMS 0x0000000744c00000| PB 0x0000000744c00000| Untracked |  0
|  38|0x0000000744c00000, 0x0000000744e00000, 0x0000000744e00000|100%| O|  |TAMS 0x0000000744e00000| PB 0x0000000744e00000| Untracked |  0
|  39|0x0000000744e00000, 0x0000000745000000, 0x0000000745000000|100%| O|  |TAMS 0x0000000745000000| PB 0x0000000745000000| Untracked |  0
|  40|0x0000000745000000, 0x0000000745200000, 0x0000000745200000|100%| O|  |TAMS 0x0000000745200000| PB 0x0000000745200000| Untracked |  0
|  41|0x0000000745200000, 0x0000000745400000, 0x0000000745400000|100%| O|  |TAMS 0x0000000745400000| PB 0x0000000745400000| Untracked |  0
|  42|0x0000000745400000, 0x0000000745600000, 0x0000000745600000|100%| O|  |TAMS 0x0000000745600000| PB 0x0000000745600000| Untracked |  0
|  43|0x0000000745600000, 0x0000000745800000, 0x0000000745800000|100%| O|  |TAMS 0x0000000745800000| PB 0x0000000745800000| Untracked |  0
|  44|0x0000000745800000, 0x0000000745a00000, 0x0000000745a00000|100%| O|  |TAMS 0x0000000745a00000| PB 0x0000000745a00000| Untracked |  0
|  45|0x0000000745a00000, 0x0000000745c00000, 0x0000000745c00000|100%| O|  |TAMS 0x0000000745c00000| PB 0x0000000745c00000| Untracked |  0
|  46|0x0000000745c00000, 0x0000000745e00000, 0x0000000745e00000|100%| O|  |TAMS 0x0000000745e00000| PB 0x0000000745e00000| Untracked |  0
|  47|0x0000000745e00000, 0x0000000746000000, 0x0000000746000000|100%| O|  |TAMS 0x0000000746000000| PB 0x0000000746000000| Untracked |  0
|  48|0x0000000746000000, 0x0000000746200000, 0x0000000746200000|100%| O|  |TAMS 0x0000000746200000| PB 0x0000000746200000| Untracked |  0
|  49|0x0000000746200000, 0x0000000746400000, 0x0000000746400000|100%| O|  |TAMS 0x0000000746400000| PB 0x0000000746400000| Untracked |  0
|  50|0x0000000746400000, 0x0000000746600000, 0x0000000746600000|100%| O|  |TAMS 0x0000000746600000| PB 0x0000000746600000| Untracked |  0
|  51|0x0000000746600000, 0x0000000746800000, 0x0000000746800000|100%| O|  |TAMS 0x0000000746800000| PB 0x0000000746800000| Untracked |  0
|  52|0x0000000746800000, 0x0000000746a00000, 0x0000000746a00000|100%| O|  |TAMS 0x0000000746a00000| PB 0x0000000746a00000| Untracked |  0
|  53|0x0000000746a00000, 0x0000000746c00000, 0x0000000746c00000|100%| O|  |TAMS 0x0000000746c00000| PB 0x0000000746c00000| Untracked |  0
|  54|0x0000000746c00000, 0x0000000746e00000, 0x0000000746e00000|100%| O|  |TAMS 0x0000000746e00000| PB 0x0000000746e00000| Untracked |  0
|  55|0x0000000746e00000, 0x0000000747000000, 0x0000000747000000|100%| O|  |TAMS 0x0000000747000000| PB 0x0000000747000000| Untracked |  0
|  56|0x0000000747000000, 0x0000000747200000, 0x0000000747200000|100%| O|  |TAMS 0x0000000747200000| PB 0x0000000747200000| Untracked |  0
|  57|0x0000000747200000, 0x0000000747400000, 0x0000000747400000|100%| O|  |TAMS 0x0000000747400000| PB 0x0000000747400000| Untracked |  0
|  58|0x0000000747400000, 0x0000000747600000, 0x0000000747600000|100%| O|  |TAMS 0x0000000747600000| PB 0x0000000747600000| Untracked |  0
|  59|0x0000000747600000, 0x0000000747800000, 0x0000000747800000|100%| O|  |TAMS 0x0000000747800000| PB 0x0000000747800000| Untracked |  0
|  60|0x0000000747800000, 0x0000000747a00000, 0x0000000747a00000|100%| O|  |TAMS 0x0000000747a00000| PB 0x0000000747a00000| Untracked |  0
|  61|0x0000000747a00000, 0x0000000747c00000, 0x0000000747c00000|100%| O|  |TAMS 0x0000000747c00000| PB 0x0000000747c00000| Untracked |  0
|  62|0x0000000747c00000, 0x0000000747e00000, 0x0000000747e00000|100%| O|  |TAMS 0x0000000747e00000| PB 0x0000000747e00000| Untracked |  0
|  63|0x0000000747e00000, 0x0000000748000000, 0x0000000748000000|100%| O|  |TAMS 0x0000000748000000| PB 0x0000000748000000| Untracked |  0
|  64|0x0000000748000000, 0x0000000748200000, 0x0000000748200000|100%| O|  |TAMS 0x0000000748200000| PB 0x0000000748200000| Untracked |  0
|  65|0x0000000748200000, 0x0000000748400000, 0x0000000748400000|100%| O|  |TAMS 0x0000000748400000| PB 0x0000000748400000| Untracked |  0
|  66|0x0000000748400000, 0x0000000748600000, 0x0000000748600000|100%| O|  |TAMS 0x0000000748600000| PB 0x0000000748600000| Untracked |  0
|  67|0x0000000748600000, 0x0000000748800000, 0x0000000748800000|100%| O|  |TAMS 0x0000000748800000| PB 0x0000000748800000| Untracked |  0
|  68|0x0000000748800000, 0x0000000748a00000, 0x0000000748a00000|100%| O|  |TAMS 0x0000000748a00000| PB 0x0000000748a00000| Untracked |  0
|  69|0x0000000748a00000, 0x0000000748c00000, 0x0000000748c00000|100%| O|  |TAMS 0x0000000748c00000| PB 0x0000000748c00000| Untracked |  0
|  70|0x0000000748c00000, 0x0000000748e00000, 0x0000000748e00000|100%| O|  |TAMS 0x0000000748e00000| PB 0x0000000748e00000| Untracked |  0
|  71|0x0000000748e00000, 0x0000000749000000, 0x0000000749000000|100%| O|  |TAMS 0x0000000749000000| PB 0x0000000749000000| Untracked |  0
|  72|0x0000000749000000, 0x0000000749200000, 0x0000000749200000|100%| O|  |TAMS 0x0000000749200000| PB 0x0000000749200000| Untracked |  0
|  73|0x0000000749200000, 0x0000000749400000, 0x0000000749400000|100%| O|  |TAMS 0x0000000749400000| PB 0x0000000749400000| Untracked |  0
|  74|0x0000000749400000, 0x0000000749600000, 0x0000000749600000|100%| O|  |TAMS 0x0000000749600000| PB 0x0000000749600000| Untracked |  0
|  75|0x0000000749600000, 0x0000000749800000, 0x0000000749800000|100%| O|  |TAMS 0x0000000749800000| PB 0x0000000749800000| Untracked |  0
|  76|0x0000000749800000, 0x0000000749a00000, 0x0000000749a00000|100%| O|  |TAMS 0x0000000749a00000| PB 0x0000000749a00000| Untracked |  0
|  77|0x0000000749a00000, 0x0000000749c00000, 0x0000000749c00000|100%| O|  |TAMS 0x0000000749c00000| PB 0x0000000749c00000| Untracked |  0
|  78|0x0000000749c00000, 0x0000000749e00000, 0x0000000749e00000|100%| O|  |TAMS 0x0000000749e00000| PB 0x0000000749e00000| Untracked |  0
|  79|0x0000000749e00000, 0x000000074a000000, 0x000000074a000000|100%| O|  |TAMS 0x000000074a000000| PB 0x000000074a000000| Untracked |  0
|  80|0x000000074a000000, 0x000000074a200000, 0x000000074a200000|100%| O|  |TAMS 0x000000074a200000| PB 0x000000074a200000| Untracked |  0
|  81|0x000000074a200000, 0x000000074a400000, 0x000000074a400000|100%| O|  |TAMS 0x000000074a400000| PB 0x000000074a400000| Untracked |  0
|  82|0x000000074a400000, 0x000000074a600000, 0x000000074a600000|100%| O|  |TAMS 0x000000074a600000| PB 0x000000074a600000| Untracked |  0
|  83|0x000000074a600000, 0x000000074a800000, 0x000000074a800000|100%| O|  |TAMS 0x000000074a800000| PB 0x000000074a800000| Untracked |  0
|  84|0x000000074a800000, 0x000000074aa00000, 0x000000074aa00000|100%| O|  |TAMS 0x000000074aa00000| PB 0x000000074aa00000| Untracked |  0
|  85|0x000000074aa00000, 0x000000074ac00000, 0x000000074ac00000|100%| O|  |TAMS 0x000000074ac00000| PB 0x000000074ac00000| Untracked |  0
|  86|0x000000074ac00000, 0x000000074ae00000, 0x000000074ae00000|100%| O|  |TAMS 0x000000074ae00000| PB 0x000000074ae00000| Untracked |  0
|  87|0x000000074ae00000, 0x000000074b000000, 0x000000074b000000|100%| O|  |TAMS 0x000000074b000000| PB 0x000000074b000000| Untracked |  0
|  88|0x000000074b000000, 0x000000074b200000, 0x000000074b200000|100%| O|  |TAMS 0x000000074b200000| PB 0x000000074b200000| Untracked |  0
|  89|0x000000074b200000, 0x000000074b400000, 0x000000074b400000|100%| O|  |TAMS 0x000000074b400000| PB 0x000000074b400000| Untracked |  0
|  90|0x000000074b400000, 0x000000074b600000, 0x000000074b600000|100%| O|  |TAMS 0x000000074b600000| PB 0x000000074b600000| Untracked |  0
|  91|0x000000074b600000, 0x000000074b800000, 0x000000074b800000|100%| O|  |TAMS 0x000000074b800000| PB 0x000000074b800000| Untracked |  0
|  92|0x000000074b800000, 0x000000074ba00000, 0x000000074ba00000|100%| O|  |TAMS 0x000000074ba00000| PB 0x000000074ba00000| Untracked |  0
|  93|0x000000074ba00000, 0x000000074bc00000, 0x000000074bc00000|100%| O|  |TAMS 0x000000074bc00000| PB 0x000000074bc00000| Untracked |  0
|  94|0x000000074bc00000, 0x000000074be00000, 0x000000074be00000|100%| O|  |TAMS 0x000000074be00000| PB 0x000000074be00000| Untracked |  0
|  95|0x000000074be00000, 0x000000074c000000, 0x000000074c000000|100%| O|  |TAMS 0x000000074c000000| PB 0x000000074c000000| Untracked |  0
|  96|0x000000074c000000, 0x000000074c200000, 0x000000074c200000|100%| O|  |TAMS 0x000000074c200000| PB 0x000000074c200000| Untracked |  0
|  97|0x000000074c200000, 0x000000074c400000, 0x000000074c400000|100%| O|  |TAMS 0x000000074c400000| PB 0x000000074c400000| Untracked |  0
|  98|0x000000074c400000, 0x000000074c600000, 0x000000074c600000|100%| O|  |TAMS 0x000000074c600000| PB 0x000000074c600000| Untracked |  0
|  99|0x000000074c600000, 0x000000074c800000, 0x000000074c800000|100%| O|  |TAMS 0x000000074c800000| PB 0x000000074c800000| Untracked |  0
| 100|0x000000074c800000, 0x000000074ca00000, 0x000000074ca00000|100%| O|  |TAMS 0x000000074ca00000| PB 0x000000074ca00000| Untracked |  0
| 101|0x000000074ca00000, 0x000000074cc00000, 0x000000074cc00000|100%| O|  |TAMS 0x000000074cc00000| PB 0x000000074cc00000| Untracked |  0
| 102|0x000000074cc00000, 0x000000074ce00000, 0x000000074ce00000|100%| O|  |TAMS 0x000000074ce00000| PB 0x000000074ce00000| Untracked |  0
| 103|0x000000074ce00000, 0x000000074d000000, 0x000000074d000000|100%| O|  |TAMS 0x000000074d000000| PB 0x000000074d000000| Untracked |  0
| 104|0x000000074d000000, 0x000000074d200000, 0x000000074d200000|100%| O|  |TAMS 0x000000074d200000| PB 0x000000074d200000| Untracked |  0
| 105|0x000000074d200000, 0x000000074d400000, 0x000000074d400000|100%| O|  |TAMS 0x000000074d400000| PB 0x000000074d400000| Untracked |  0
| 106|0x000000074d400000, 0x000000074d600000, 0x000000074d600000|100%| O|  |TAMS 0x000000074d600000| PB 0x000000074d600000| Untracked |  0
| 107|0x000000074d600000, 0x000000074d800000, 0x000000074d800000|100%| O|  |TAMS 0x000000074d800000| PB 0x000000074d800000| Untracked |  0
| 108|0x000000074d800000, 0x000000074da00000, 0x000000074da00000|100%| O|  |TAMS 0x000000074da00000| PB 0x000000074da00000| Untracked |  0
| 109|0x000000074da00000, 0x000000074dc00000, 0x000000074dc00000|100%| O|  |TAMS 0x000000074dc00000| PB 0x000000074dc00000| Untracked |  0
| 110|0x000000074dc00000, 0x000000074de00000, 0x000000074de00000|100%| O|  |TAMS 0x000000074de00000| PB 0x000000074de00000| Untracked |  0
| 111|0x000000074de00000, 0x000000074e000000, 0x000000074e000000|100%| O|  |TAMS 0x000000074e000000| PB 0x000000074e000000| Untracked |  0
| 112|0x000000074e000000, 0x000000074e200000, 0x000000074e200000|100%| O|  |TAMS 0x000000074e200000| PB 0x000000074e200000| Untracked |  0
| 113|0x000000074e200000, 0x000000074e400000, 0x000000074e400000|100%| O|  |TAMS 0x000000074e400000| PB 0x000000074e400000| Untracked |  0
| 114|0x000000074e400000, 0x000000074e600000, 0x000000074e600000|100%| O|  |TAMS 0x000000074e600000| PB 0x000000074e600000| Untracked |  0
| 115|0x000000074e600000, 0x000000074e800000, 0x000000074e800000|100%| O|  |TAMS 0x000000074e800000| PB 0x000000074e800000| Untracked |  0
| 116|0x000000074e800000, 0x000000074ea00000, 0x000000074ea00000|100%| O|  |TAMS 0x000000074ea00000| PB 0x000000074ea00000| Untracked |  0
| 117|0x000000074ea00000, 0x000000074ec00000, 0x000000074ec00000|100%| O|  |TAMS 0x000000074ec00000| PB 0x000000074ec00000| Untracked |  0
| 118|0x000000074ec00000, 0x000000074ee00000, 0x000000074ee00000|100%| O|  |TAMS 0x000000074ee00000| PB 0x000000074ee00000| Untracked |  0
| 119|0x000000074ee00000, 0x000000074f000000, 0x000000074f000000|100%| O|  |TAMS 0x000000074f000000| PB 0x000000074f000000| Untracked |  0
| 120|0x000000074f000000, 0x000000074f200000, 0x000000074f200000|100%| O|  |TAMS 0x000000074f200000| PB 0x000000074f200000| Untracked |  0
| 121|0x000000074f200000, 0x000000074f400000, 0x000000074f400000|100%| O|  |TAMS 0x000000074f400000| PB 0x000000074f400000| Untracked |  0
| 122|0x000000074f400000, 0x000000074f600000, 0x000000074f600000|100%| O|  |TAMS 0x000000074f600000| PB 0x000000074f600000| Untracked |  0
| 123|0x000000074f600000, 0x000000074f800000, 0x000000074f800000|100%| O|  |TAMS 0x000000074f800000| PB 0x000000074f800000| Untracked |  0
| 124|0x000000074f800000, 0x000000074fa00000, 0x000000074fa00000|100%| O|  |TAMS 0x000000074fa00000| PB 0x000000074fa00000| Untracked |  0
| 125|0x000000074fa00000, 0x000000074fc00000, 0x000000074fc00000|100%| O|  |TAMS 0x000000074fc00000| PB 0x000000074fc00000| Untracked |  0
| 126|0x000000074fc00000, 0x000000074fe00000, 0x000000074fe00000|100%| O|  |TAMS 0x000000074fe00000| PB 0x000000074fe00000| Untracked |  0
| 127|0x000000074fe00000, 0x0000000750000000, 0x0000000750000000|100%| O|  |TAMS 0x0000000750000000| PB 0x0000000750000000| Untracked |  0
| 128|0x0000000750000000, 0x0000000750200000, 0x0000000750200000|100%|HS|  |TAMS 0x0000000750200000| PB 0x0000000750000000| Complete |  0
| 129|0x0000000750200000, 0x0000000750400000, 0x0000000750400000|100%|HC|  |TAMS 0x0000000750400000| PB 0x0000000750200000| Complete |  0
| 130|0x0000000750400000, 0x0000000750600000, 0x0000000750600000|100%|HC|  |TAMS 0x0000000750600000| PB 0x0000000750400000| Complete |  0
| 131|0x0000000750600000, 0x0000000750800000, 0x0000000750800000|100%|HC|  |TAMS 0x0000000750800000| PB 0x0000000750600000| Complete |  0
| 132|0x0000000750800000, 0x0000000750a00000, 0x0000000750a00000|100%|HC|  |TAMS 0x0000000750a00000| PB 0x0000000750800000| Complete |  0
| 133|0x0000000750a00000, 0x0000000750c00000, 0x0000000750c00000|100%|HC|  |TAMS 0x0000000750c00000| PB 0x0000000750a00000| Complete |  0
| 134|0x0000000750c00000, 0x0000000750e00000, 0x0000000750e00000|100%|HC|  |TAMS 0x0000000750e00000| PB 0x0000000750c00000| Complete |  0
| 135|0x0000000750e00000, 0x0000000751000000, 0x0000000751000000|100%|HC|  |TAMS 0x0000000751000000| PB 0x0000000750e00000| Complete |  0
| 136|0x0000000751000000, 0x0000000751200000, 0x0000000751200000|100%|HC|  |TAMS 0x0000000751200000| PB 0x0000000751000000| Complete |  0
| 137|0x0000000751200000, 0x0000000751400000, 0x0000000751400000|100%|HC|  |TAMS 0x0000000751400000| PB 0x0000000751200000| Complete |  0
| 138|0x0000000751400000, 0x0000000751600000, 0x0000000751600000|100%|HC|  |TAMS 0x0000000751600000| PB 0x0000000751400000| Complete |  0
| 139|0x0000000751600000, 0x0000000751800000, 0x0000000751800000|100%|HC|  |TAMS 0x0000000751800000| PB 0x0000000751600000| Complete |  0
| 140|0x0000000751800000, 0x0000000751a00000, 0x0000000751a00000|100%|HC|  |TAMS 0x0000000751a00000| PB 0x0000000751800000| Complete |  0
| 141|0x0000000751a00000, 0x0000000751c00000, 0x0000000751c00000|100%|HC|  |TAMS 0x0000000751c00000| PB 0x0000000751a00000| Complete |  0
| 142|0x0000000751c00000, 0x0000000751e00000, 0x0000000751e00000|100%|HC|  |TAMS 0x0000000751e00000| PB 0x0000000751c00000| Complete |  0
| 143|0x0000000751e00000, 0x0000000752000000, 0x0000000752000000|100%|HC|  |TAMS 0x0000000752000000| PB 0x0000000751e00000| Complete |  0
| 144|0x0000000752000000, 0x0000000752200000, 0x0000000752200000|100%|HC|  |TAMS 0x0000000752200000| PB 0x0000000752000000| Complete |  0
| 145|0x0000000752200000, 0x0000000752400000, 0x0000000752400000|100%|HC|  |TAMS 0x0000000752400000| PB 0x0000000752200000| Complete |  0
| 146|0x0000000752400000, 0x0000000752600000, 0x0000000752600000|100%|HC|  |TAMS 0x0000000752600000| PB 0x0000000752400000| Complete |  0
| 147|0x0000000752600000, 0x0000000752800000, 0x0000000752800000|100%|HC|  |TAMS 0x0000000752800000| PB 0x0000000752600000| Complete |  0
| 148|0x0000000752800000, 0x0000000752a00000, 0x0000000752a00000|100%|HC|  |TAMS 0x0000000752a00000| PB 0x0000000752800000| Complete |  0
| 149|0x0000000752a00000, 0x0000000752c00000, 0x0000000752c00000|100%|HC|  |TAMS 0x0000000752c00000| PB 0x0000000752a00000| Complete |  0
| 150|0x0000000752c00000, 0x0000000752e00000, 0x0000000752e00000|100%|HC|  |TAMS 0x0000000752e00000| PB 0x0000000752c00000| Complete |  0
| 151|0x0000000752e00000, 0x0000000753000000, 0x0000000753000000|100%|HC|  |TAMS 0x0000000753000000| PB 0x0000000752e00000| Complete |  0
| 152|0x0000000753000000, 0x0000000753200000, 0x0000000753200000|100%|HC|  |TAMS 0x0000000753200000| PB 0x0000000753000000| Complete |  0
| 153|0x0000000753200000, 0x0000000753400000, 0x0000000753400000|100%|HC|  |TAMS 0x0000000753400000| PB 0x0000000753200000| Complete |  0
| 154|0x0000000753400000, 0x0000000753600000, 0x0000000753600000|100%|HC|  |TAMS 0x0000000753600000| PB 0x0000000753400000| Complete |  0
| 155|0x0000000753600000, 0x0000000753800000, 0x0000000753800000|100%|HC|  |TAMS 0x0000000753800000| PB 0x0000000753600000| Complete |  0
| 156|0x0000000753800000, 0x0000000753a00000, 0x0000000753a00000|100%|HC|  |TAMS 0x0000000753a00000| PB 0x0000000753800000| Complete |  0
| 157|0x0000000753a00000, 0x0000000753c00000, 0x0000000753c00000|100%|HC|  |TAMS 0x0000000753c00000| PB 0x0000000753a00000| Complete |  0
| 158|0x0000000753c00000, 0x0000000753e00000, 0x0000000753e00000|100%|HC|  |TAMS 0x0000000753e00000| PB 0x0000000753c00000| Complete |  0
| 159|0x0000000753e00000, 0x0000000754000000, 0x0000000754000000|100%|HC|  |TAMS 0x0000000754000000| PB 0x0000000753e00000| Complete |  0
| 160|0x0000000754000000, 0x0000000754200000, 0x0000000754200000|100%|HC|  |TAMS 0x0000000754200000| PB 0x0000000754000000| Complete |  0
| 161|0x0000000754200000, 0x0000000754400000, 0x0000000754400000|100%|HC|  |TAMS 0x0000000754400000| PB 0x0000000754200000| Complete |  0
| 162|0x0000000754400000, 0x0000000754600000, 0x0000000754600000|100%|HC|  |TAMS 0x0000000754600000| PB 0x0000000754400000| Complete |  0
| 163|0x0000000754600000, 0x0000000754800000, 0x0000000754800000|100%|HC|  |TAMS 0x0000000754800000| PB 0x0000000754600000| Complete |  0
| 164|0x0000000754800000, 0x0000000754a00000, 0x0000000754a00000|100%|HC|  |TAMS 0x0000000754a00000| PB 0x0000000754800000| Complete |  0
| 165|0x0000000754a00000, 0x0000000754c00000, 0x0000000754c00000|100%|HC|  |TAMS 0x0000000754c00000| PB 0x0000000754a00000| Complete |  0
| 166|0x0000000754c00000, 0x0000000754e00000, 0x0000000754e00000|100%|HC|  |TAMS 0x0000000754e00000| PB 0x0000000754c00000| Complete |  0
| 167|0x0000000754e00000, 0x0000000755000000, 0x0000000755000000|100%|HC|  |TAMS 0x0000000755000000| PB 0x0000000754e00000| Complete |  0
| 168|0x0000000755000000, 0x0000000755200000, 0x0000000755200000|100%|HC|  |TAMS 0x0000000755200000| PB 0x0000000755000000| Complete |  0
| 169|0x0000000755200000, 0x0000000755400000, 0x0000000755400000|100%|HC|  |TAMS 0x0000000755400000| PB 0x0000000755200000| Complete |  0
| 170|0x0000000755400000, 0x0000000755600000, 0x0000000755600000|100%|HC|  |TAMS 0x0000000755600000| PB 0x0000000755400000| Complete |  0
| 171|0x0000000755600000, 0x0000000755800000, 0x0000000755800000|100%|HC|  |TAMS 0x0000000755800000| PB 0x0000000755600000| Complete |  0
| 172|0x0000000755800000, 0x0000000755a00000, 0x0000000755a00000|100%|HC|  |TAMS 0x0000000755a00000| PB 0x0000000755800000| Complete |  0
| 173|0x0000000755a00000, 0x0000000755c00000, 0x0000000755c00000|100%|HC|  |TAMS 0x0000000755c00000| PB 0x0000000755a00000| Complete |  0
| 174|0x0000000755c00000, 0x0000000755e00000, 0x0000000755e00000|100%|HC|  |TAMS 0x0000000755e00000| PB 0x0000000755c00000| Complete |  0
| 175|0x0000000755e00000, 0x0000000756000000, 0x0000000756000000|100%|HC|  |TAMS 0x0000000756000000| PB 0x0000000755e00000| Complete |  0
| 176|0x0000000756000000, 0x0000000756200000, 0x0000000756200000|100%|HC|  |TAMS 0x0000000756200000| PB 0x0000000756000000| Complete |  0
| 177|0x0000000756200000, 0x0000000756400000, 0x0000000756400000|100%|HC|  |TAMS 0x0000000756400000| PB 0x0000000756200000| Complete |  0
| 178|0x0000000756400000, 0x0000000756600000, 0x0000000756600000|100%|HC|  |TAMS 0x0000000756600000| PB 0x0000000756400000| Complete |  0
| 179|0x0000000756600000, 0x0000000756800000, 0x0000000756800000|100%|HC|  |TAMS 0x0000000756800000| PB 0x0000000756600000| Complete |  0
| 180|0x0000000756800000, 0x0000000756a00000, 0x0000000756a00000|100%|HC|  |TAMS 0x0000000756a00000| PB 0x0000000756800000| Complete |  0
| 181|0x0000000756a00000, 0x0000000756c00000, 0x0000000756c00000|100%|HC|  |TAMS 0x0000000756c00000| PB 0x0000000756a00000| Complete |  0
| 182|0x0000000756c00000, 0x0000000756e00000, 0x0000000756e00000|100%|HC|  |TAMS 0x0000000756e00000| PB 0x0000000756c00000| Complete |  0
| 183|0x0000000756e00000, 0x0000000757000000, 0x0000000757000000|100%|HC|  |TAMS 0x0000000757000000| PB 0x0000000756e00000| Complete |  0
| 184|0x0000000757000000, 0x0000000757200000, 0x0000000757200000|100%|HC|  |TAMS 0x0000000757200000| PB 0x0000000757000000| Complete |  0
| 185|0x0000000757200000, 0x0000000757400000, 0x0000000757400000|100%|HC|  |TAMS 0x0000000757400000| PB 0x0000000757200000| Complete |  0
| 186|0x0000000757400000, 0x0000000757600000, 0x0000000757600000|100%|HC|  |TAMS 0x0000000757600000| PB 0x0000000757400000| Complete |  0
| 187|0x0000000757600000, 0x0000000757800000, 0x0000000757800000|100%|HC|  |TAMS 0x0000000757800000| PB 0x0000000757600000| Complete |  0
| 188|0x0000000757800000, 0x0000000757a00000, 0x0000000757a00000|100%|HC|  |TAMS 0x0000000757a00000| PB 0x0000000757800000| Complete |  0
| 189|0x0000000757a00000, 0x0000000757c00000, 0x0000000757c00000|100%|HC|  |TAMS 0x0000000757c00000| PB 0x0000000757a00000| Complete |  0
| 190|0x0000000757c00000, 0x0000000757e00000, 0x0000000757e00000|100%|HC|  |TAMS 0x0000000757e00000| PB 0x0000000757c00000| Complete |  0
| 191|0x0000000757e00000, 0x0000000758000000, 0x0000000758000000|100%|HC|  |TAMS 0x0000000758000000| PB 0x0000000757e00000| Complete |  0
| 192|0x0000000758000000, 0x0000000758200000, 0x0000000758200000|100%|HC|  |TAMS 0x0000000758200000| PB 0x0000000758000000| Complete |  0
| 193|0x0000000758200000, 0x0000000758400000, 0x0000000758400000|100%|HC|  |TAMS 0x0000000758400000| PB 0x0000000758200000| Complete |  0
| 194|0x0000000758400000, 0x0000000758600000, 0x0000000758600000|100%|HC|  |TAMS 0x0000000758600000| PB 0x0000000758400000| Complete |  0
| 195|0x0000000758600000, 0x0000000758800000, 0x0000000758800000|100%|HC|  |TAMS 0x0000000758800000| PB 0x0000000758600000| Complete |  0
| 196|0x0000000758800000, 0x0000000758a00000, 0x0000000758a00000|100%|HC|  |TAMS 0x0000000758a00000| PB 0x0000000758800000| Complete |  0
| 197|0x0000000758a00000, 0x0000000758c00000, 0x0000000758c00000|100%|HC|  |TAMS 0x0000000758c00000| PB 0x0000000758a00000| Complete |  0
| 198|0x0000000758c00000, 0x0000000758e00000, 0x0000000758e00000|100%|HC|  |TAMS 0x0000000758e00000| PB 0x0000000758c00000| Complete |  0
| 199|0x0000000758e00000, 0x0000000759000000, 0x0000000759000000|100%|HC|  |TAMS 0x0000000759000000| PB 0x0000000758e00000| Complete |  0
| 200|0x0000000759000000, 0x0000000759200000, 0x0000000759200000|100%|HC|  |TAMS 0x0000000759200000| PB 0x0000000759000000| Complete |  0
| 201|0x0000000759200000, 0x0000000759400000, 0x0000000759400000|100%|HC|  |TAMS 0x0000000759400000| PB 0x0000000759200000| Complete |  0
| 202|0x0000000759400000, 0x0000000759600000, 0x0000000759600000|100%|HC|  |TAMS 0x0000000759600000| PB 0x0000000759400000| Complete |  0
| 203|0x0000000759600000, 0x0000000759800000, 0x0000000759800000|100%|HC|  |TAMS 0x0000000759800000| PB 0x0000000759600000| Complete |  0
| 204|0x0000000759800000, 0x0000000759a00000, 0x0000000759a00000|100%|HC|  |TAMS 0x0000000759a00000| PB 0x0000000759800000| Complete |  0
| 205|0x0000000759a00000, 0x0000000759c00000, 0x0000000759c00000|100%|HC|  |TAMS 0x0000000759c00000| PB 0x0000000759a00000| Complete |  0
| 206|0x0000000759c00000, 0x0000000759e00000, 0x0000000759e00000|100%|HC|  |TAMS 0x0000000759e00000| PB 0x0000000759c00000| Complete |  0
| 207|0x0000000759e00000, 0x000000075a000000, 0x000000075a000000|100%|HC|  |TAMS 0x000000075a000000| PB 0x0000000759e00000| Complete |  0
| 208|0x000000075a000000, 0x000000075a200000, 0x000000075a200000|100%|HC|  |TAMS 0x000000075a200000| PB 0x000000075a000000| Complete |  0
| 209|0x000000075a200000, 0x000000075a400000, 0x000000075a400000|100%|HC|  |TAMS 0x000000075a400000| PB 0x000000075a200000| Complete |  0
| 210|0x000000075a400000, 0x000000075a600000, 0x000000075a600000|100%|HC|  |TAMS 0x000000075a600000| PB 0x000000075a400000| Complete |  0
| 211|0x000000075a600000, 0x000000075a800000, 0x000000075a800000|100%|HC|  |TAMS 0x000000075a800000| PB 0x000000075a600000| Complete |  0
| 212|0x000000075a800000, 0x000000075aa00000, 0x000000075aa00000|100%|HC|  |TAMS 0x000000075aa00000| PB 0x000000075a800000| Complete |  0
| 213|0x000000075aa00000, 0x000000075ac00000, 0x000000075ac00000|100%|HC|  |TAMS 0x000000075ac00000| PB 0x000000075aa00000| Complete |  0
| 214|0x000000075ac00000, 0x000000075ae00000, 0x000000075ae00000|100%|HC|  |TAMS 0x000000075ae00000| PB 0x000000075ac00000| Complete |  0
| 215|0x000000075ae00000, 0x000000075b000000, 0x000000075b000000|100%|HC|  |TAMS 0x000000075b000000| PB 0x000000075ae00000| Complete |  0
| 216|0x000000075b000000, 0x000000075b200000, 0x000000075b200000|100%|HC|  |TAMS 0x000000075b200000| PB 0x000000075b000000| Complete |  0
| 217|0x000000075b200000, 0x000000075b400000, 0x000000075b400000|100%|HC|  |TAMS 0x000000075b400000| PB 0x000000075b200000| Complete |  0
| 218|0x000000075b400000, 0x000000075b600000, 0x000000075b600000|100%|HC|  |TAMS 0x000000075b600000| PB 0x000000075b400000| Complete |  0
| 219|0x000000075b600000, 0x000000075b800000, 0x000000075b800000|100%|HC|  |TAMS 0x000000075b800000| PB 0x000000075b600000| Complete |  0
| 220|0x000000075b800000, 0x000000075ba00000, 0x000000075ba00000|100%|HC|  |TAMS 0x000000075ba00000| PB 0x000000075b800000| Complete |  0
| 221|0x000000075ba00000, 0x000000075bc00000, 0x000000075bc00000|100%|HC|  |TAMS 0x000000075bc00000| PB 0x000000075ba00000| Complete |  0
| 222|0x000000075bc00000, 0x000000075be00000, 0x000000075be00000|100%|HC|  |TAMS 0x000000075be00000| PB 0x000000075bc00000| Complete |  0
| 223|0x000000075be00000, 0x000000075c000000, 0x000000075c000000|100%|HC|  |TAMS 0x000000075c000000| PB 0x000000075be00000| Complete |  0
| 224|0x000000075c000000, 0x000000075c200000, 0x000000075c200000|100%|HC|  |TAMS 0x000000075c200000| PB 0x000000075c000000| Complete |  0
| 225|0x000000075c200000, 0x000000075c400000, 0x000000075c400000|100%|HC|  |TAMS 0x000000075c400000| PB 0x000000075c200000| Complete |  0
| 226|0x000000075c400000, 0x000000075c600000, 0x000000075c600000|100%|HC|  |TAMS 0x000000075c600000| PB 0x000000075c400000| Complete |  0
| 227|0x000000075c600000, 0x000000075c800000, 0x000000075c800000|100%|HC|  |TAMS 0x000000075c800000| PB 0x000000075c600000| Complete |  0
| 228|0x000000075c800000, 0x000000075ca00000, 0x000000075ca00000|100%|HC|  |TAMS 0x000000075ca00000| PB 0x000000075c800000| Complete |  0
| 229|0x000000075ca00000, 0x000000075cc00000, 0x000000075cc00000|100%|HC|  |TAMS 0x000000075cc00000| PB 0x000000075ca00000| Complete |  0
| 230|0x000000075cc00000, 0x000000075ce00000, 0x000000075ce00000|100%|HC|  |TAMS 0x000000075ce00000| PB 0x000000075cc00000| Complete |  0
| 231|0x000000075ce00000, 0x000000075d000000, 0x000000075d000000|100%|HC|  |TAMS 0x000000075d000000| PB 0x000000075ce00000| Complete |  0
| 232|0x000000075d000000, 0x000000075d200000, 0x000000075d200000|100%|HC|  |TAMS 0x000000075d200000| PB 0x000000075d000000| Complete |  0
| 233|0x000000075d200000, 0x000000075d400000, 0x000000075d400000|100%|HC|  |TAMS 0x000000075d400000| PB 0x000000075d200000| Complete |  0
| 234|0x000000075d400000, 0x000000075d600000, 0x000000075d600000|100%|HC|  |TAMS 0x000000075d600000| PB 0x000000075d400000| Complete |  0
| 235|0x000000075d600000, 0x000000075d800000, 0x000000075d800000|100%|HC|  |TAMS 0x000000075d800000| PB 0x000000075d600000| Complete |  0
| 236|0x000000075d800000, 0x000000075da00000, 0x000000075da00000|100%|HC|  |TAMS 0x000000075da00000| PB 0x000000075d800000| Complete |  0
| 237|0x000000075da00000, 0x000000075dc00000, 0x000000075dc00000|100%|HC|  |TAMS 0x000000075dc00000| PB 0x000000075da00000| Complete |  0
| 238|0x000000075dc00000, 0x000000075de00000, 0x000000075de00000|100%|HC|  |TAMS 0x000000075de00000| PB 0x000000075dc00000| Complete |  0
| 239|0x000000075de00000, 0x000000075e000000, 0x000000075e000000|100%|HC|  |TAMS 0x000000075e000000| PB 0x000000075de00000| Complete |  0
| 240|0x000000075e000000, 0x000000075e200000, 0x000000075e200000|100%|HC|  |TAMS 0x000000075e200000| PB 0x000000075e000000| Complete |  0
| 241|0x000000075e200000, 0x000000075e400000, 0x000000075e400000|100%|HC|  |TAMS 0x000000075e400000| PB 0x000000075e200000| Complete |  0
| 242|0x000000075e400000, 0x000000075e600000, 0x000000075e600000|100%|HC|  |TAMS 0x000000075e600000| PB 0x000000075e400000| Complete |  0
| 243|0x000000075e600000, 0x000000075e800000, 0x000000075e800000|100%|HC|  |TAMS 0x000000075e800000| PB 0x000000075e600000| Complete |  0
| 244|0x000000075e800000, 0x000000075ea00000, 0x000000075ea00000|100%|HC|  |TAMS 0x000000075ea00000| PB 0x000000075e800000| Complete |  0
| 245|0x000000075ea00000, 0x000000075ec00000, 0x000000075ec00000|100%|HC|  |TAMS 0x000000075ec00000| PB 0x000000075ea00000| Complete |  0
| 246|0x000000075ec00000, 0x000000075ee00000, 0x000000075ee00000|100%|HC|  |TAMS 0x000000075ee00000| PB 0x000000075ec00000| Complete |  0
| 247|0x000000075ee00000, 0x000000075f000000, 0x000000075f000000|100%|HC|  |TAMS 0x000000075f000000| PB 0x000000075ee00000| Complete |  0
| 248|0x000000075f000000, 0x000000075f200000, 0x000000075f200000|100%|HC|  |TAMS 0x000000075f200000| PB 0x000000075f000000| Complete |  0
| 249|0x000000075f200000, 0x000000075f400000, 0x000000075f400000|100%|HC|  |TAMS 0x000000075f400000| PB 0x000000075f200000| Complete |  0
| 250|0x000000075f400000, 0x000000075f600000, 0x000000075f600000|100%|HC|  |TAMS 0x000000075f600000| PB 0x000000075f400000| Complete |  0
| 251|0x000000075f600000, 0x000000075f800000, 0x000000075f800000|100%|HC|  |TAMS 0x000000075f800000| PB 0x000000075f600000| Complete |  0
| 252|0x000000075f800000, 0x000000075fa00000, 0x000000075fa00000|100%|HC|  |TAMS 0x000000075fa00000| PB 0x000000075f800000| Complete |  0
| 253|0x000000075fa00000, 0x000000075fc00000, 0x000000075fc00000|100%|HC|  |TAMS 0x000000075fc00000| PB 0x000000075fa00000| Complete |  0
| 254|0x000000075fc00000, 0x000000075fe00000, 0x000000075fe00000|100%|HC|  |TAMS 0x000000075fe00000| PB 0x000000075fc00000| Complete |  0
| 255|0x000000075fe00000, 0x0000000760000000, 0x0000000760000000|100%|HC|  |TAMS 0x0000000760000000| PB 0x000000075fe00000| Complete |  0
| 256|0x0000000760000000, 0x0000000760200000, 0x0000000760200000|100%|HC|  |TAMS 0x0000000760200000| PB 0x0000000760000000| Complete |  0
| 257|0x0000000760200000, 0x0000000760400000, 0x0000000760400000|100%|HC|  |TAMS 0x0000000760400000| PB 0x0000000760200000| Complete |  0
| 258|0x0000000760400000, 0x0000000760600000, 0x0000000760600000|100%|HC|  |TAMS 0x0000000760600000| PB 0x0000000760400000| Complete |  0
| 259|0x0000000760600000, 0x0000000760800000, 0x0000000760800000|100%|HC|  |TAMS 0x0000000760800000| PB 0x0000000760600000| Complete |  0
| 260|0x0000000760800000, 0x0000000760a00000, 0x0000000760a00000|100%|HC|  |TAMS 0x0000000760a00000| PB 0x0000000760800000| Complete |  0
| 261|0x0000000760a00000, 0x0000000760c00000, 0x0000000760c00000|100%|HC|  |TAMS 0x0000000760c00000| PB 0x0000000760a00000| Complete |  0
| 262|0x0000000760c00000, 0x0000000760e00000, 0x0000000760e00000|100%|HC|  |TAMS 0x0000000760e00000| PB 0x0000000760c00000| Complete |  0
| 263|0x0000000760e00000, 0x0000000761000000, 0x0000000761000000|100%|HC|  |TAMS 0x0000000761000000| PB 0x0000000760e00000| Complete |  0
| 264|0x0000000761000000, 0x0000000761200000, 0x0000000761200000|100%|HC|  |TAMS 0x0000000761200000| PB 0x0000000761000000| Complete |  0
| 265|0x0000000761200000, 0x0000000761400000, 0x0000000761400000|100%|HC|  |TAMS 0x0000000761400000| PB 0x0000000761200000| Complete |  0
| 266|0x0000000761400000, 0x0000000761600000, 0x0000000761600000|100%|HC|  |TAMS 0x0000000761600000| PB 0x0000000761400000| Complete |  0
| 267|0x0000000761600000, 0x0000000761800000, 0x0000000761800000|100%|HC|  |TAMS 0x0000000761800000| PB 0x0000000761600000| Complete |  0
| 268|0x0000000761800000, 0x0000000761a00000, 0x0000000761a00000|100%|HC|  |TAMS 0x0000000761a00000| PB 0x0000000761800000| Complete |  0
| 269|0x0000000761a00000, 0x0000000761c00000, 0x0000000761c00000|100%|HC|  |TAMS 0x0000000761c00000| PB 0x0000000761a00000| Complete |  0
| 270|0x0000000761c00000, 0x0000000761e00000, 0x0000000761e00000|100%|HC|  |TAMS 0x0000000761e00000| PB 0x0000000761c00000| Complete |  0
| 271|0x0000000761e00000, 0x0000000762000000, 0x0000000762000000|100%|HC|  |TAMS 0x0000000762000000| PB 0x0000000761e00000| Complete |  0
| 272|0x0000000762000000, 0x0000000762200000, 0x0000000762200000|100%|HC|  |TAMS 0x0000000762200000| PB 0x0000000762000000| Complete |  0
| 273|0x0000000762200000, 0x0000000762400000, 0x0000000762400000|100%|HC|  |TAMS 0x0000000762400000| PB 0x0000000762200000| Complete |  0
| 274|0x0000000762400000, 0x0000000762600000, 0x0000000762600000|100%|HC|  |TAMS 0x0000000762600000| PB 0x0000000762400000| Complete |  0
| 275|0x0000000762600000, 0x0000000762800000, 0x0000000762800000|100%|HC|  |TAMS 0x0000000762800000| PB 0x0000000762600000| Complete |  0
| 276|0x0000000762800000, 0x0000000762a00000, 0x0000000762a00000|100%|HC|  |TAMS 0x0000000762a00000| PB 0x0000000762800000| Complete |  0
| 277|0x0000000762a00000, 0x0000000762c00000, 0x0000000762c00000|100%|HC|  |TAMS 0x0000000762c00000| PB 0x0000000762a00000| Complete |  0
| 278|0x0000000762c00000, 0x0000000762e00000, 0x0000000762e00000|100%|HC|  |TAMS 0x0000000762e00000| PB 0x0000000762c00000| Complete |  0
| 279|0x0000000762e00000, 0x0000000763000000, 0x0000000763000000|100%|HC|  |TAMS 0x0000000763000000| PB 0x0000000762e00000| Complete |  0
| 280|0x0000000763000000, 0x0000000763200000, 0x0000000763200000|100%|HC|  |TAMS 0x0000000763200000| PB 0x0000000763000000| Complete |  0
| 281|0x0000000763200000, 0x0000000763400000, 0x0000000763400000|100%|HC|  |TAMS 0x0000000763400000| PB 0x0000000763200000| Complete |  0
| 282|0x0000000763400000, 0x0000000763600000, 0x0000000763600000|100%|HC|  |TAMS 0x0000000763600000| PB 0x0000000763400000| Complete |  0
| 283|0x0000000763600000, 0x0000000763800000, 0x0000000763800000|100%|HC|  |TAMS 0x0000000763800000| PB 0x0000000763600000| Complete |  0
| 284|0x0000000763800000, 0x0000000763a00000, 0x0000000763a00000|100%|HC|  |TAMS 0x0000000763a00000| PB 0x0000000763800000| Complete |  0
| 285|0x0000000763a00000, 0x0000000763c00000, 0x0000000763c00000|100%|HC|  |TAMS 0x0000000763c00000| PB 0x0000000763a00000| Complete |  0
| 286|0x0000000763c00000, 0x0000000763e00000, 0x0000000763e00000|100%|HC|  |TAMS 0x0000000763e00000| PB 0x0000000763c00000| Complete |  0
| 287|0x0000000763e00000, 0x0000000764000000, 0x0000000764000000|100%|HC|  |TAMS 0x0000000764000000| PB 0x0000000763e00000| Complete |  0
| 288|0x0000000764000000, 0x0000000764200000, 0x0000000764200000|100%|HC|  |TAMS 0x0000000764200000| PB 0x0000000764000000| Complete |  0
| 289|0x0000000764200000, 0x0000000764400000, 0x0000000764400000|100%|HC|  |TAMS 0x0000000764400000| PB 0x0000000764200000| Complete |  0
| 290|0x0000000764400000, 0x0000000764600000, 0x0000000764600000|100%|HC|  |TAMS 0x0000000764600000| PB 0x0000000764400000| Complete |  0
| 291|0x0000000764600000, 0x0000000764800000, 0x0000000764800000|100%|HC|  |TAMS 0x0000000764800000| PB 0x0000000764600000| Complete |  0
| 292|0x0000000764800000, 0x0000000764a00000, 0x0000000764a00000|100%|HC|  |TAMS 0x0000000764a00000| PB 0x0000000764800000| Complete |  0
| 293|0x0000000764a00000, 0x0000000764c00000, 0x0000000764c00000|100%|HC|  |TAMS 0x0000000764c00000| PB 0x0000000764a00000| Complete |  0
| 294|0x0000000764c00000, 0x0000000764e00000, 0x0000000764e00000|100%|HC|  |TAMS 0x0000000764e00000| PB 0x0000000764c00000| Complete |  0
| 295|0x0000000764e00000, 0x0000000765000000, 0x0000000765000000|100%|HC|  |TAMS 0x0000000765000000| PB 0x0000000764e00000| Complete |  0
| 296|0x0000000765000000, 0x0000000765200000, 0x0000000765200000|100%|HC|  |TAMS 0x0000000765200000| PB 0x0000000765000000| Complete |  0
| 297|0x0000000765200000, 0x0000000765400000, 0x0000000765400000|100%|HC|  |TAMS 0x0000000765400000| PB 0x0000000765200000| Complete |  0
| 298|0x0000000765400000, 0x0000000765600000, 0x0000000765600000|100%|HC|  |TAMS 0x0000000765600000| PB 0x0000000765400000| Complete |  0
| 299|0x0000000765600000, 0x0000000765800000, 0x0000000765800000|100%|HC|  |TAMS 0x0000000765800000| PB 0x0000000765600000| Complete |  0
| 300|0x0000000765800000, 0x0000000765a00000, 0x0000000765a00000|100%|HC|  |TAMS 0x0000000765a00000| PB 0x0000000765800000| Complete |  0
| 301|0x0000000765a00000, 0x0000000765c00000, 0x0000000765c00000|100%|HC|  |TAMS 0x0000000765c00000| PB 0x0000000765a00000| Complete |  0
| 302|0x0000000765c00000, 0x0000000765e00000, 0x0000000765e00000|100%|HC|  |TAMS 0x0000000765e00000| PB 0x0000000765c00000| Complete |  0
| 303|0x0000000765e00000, 0x0000000766000000, 0x0000000766000000|100%|HC|  |TAMS 0x0000000766000000| PB 0x0000000765e00000| Complete |  0
| 304|0x0000000766000000, 0x0000000766200000, 0x0000000766200000|100%|HC|  |TAMS 0x0000000766200000| PB 0x0000000766000000| Complete |  0
| 305|0x0000000766200000, 0x0000000766400000, 0x0000000766400000|100%|HC|  |TAMS 0x0000000766400000| PB 0x0000000766200000| Complete |  0
| 306|0x0000000766400000, 0x0000000766600000, 0x0000000766600000|100%|HC|  |TAMS 0x0000000766600000| PB 0x0000000766400000| Complete |  0
| 307|0x0000000766600000, 0x0000000766800000, 0x0000000766800000|100%|HC|  |TAMS 0x0000000766800000| PB 0x0000000766600000| Complete |  0
| 308|0x0000000766800000, 0x0000000766a00000, 0x0000000766a00000|100%|HC|  |TAMS 0x0000000766a00000| PB 0x0000000766800000| Complete |  0
| 309|0x0000000766a00000, 0x0000000766c00000, 0x0000000766c00000|100%|HC|  |TAMS 0x0000000766c00000| PB 0x0000000766a00000| Complete |  0
| 310|0x0000000766c00000, 0x0000000766e00000, 0x0000000766e00000|100%|HC|  |TAMS 0x0000000766e00000| PB 0x0000000766c00000| Complete |  0
| 311|0x0000000766e00000, 0x0000000767000000, 0x0000000767000000|100%|HC|  |TAMS 0x0000000767000000| PB 0x0000000766e00000| Complete |  0
| 312|0x0000000767000000, 0x0000000767200000, 0x0000000767200000|100%|HC|  |TAMS 0x0000000767200000| PB 0x0000000767000000| Complete |  0
| 313|0x0000000767200000, 0x0000000767400000, 0x0000000767400000|100%|HC|  |TAMS 0x0000000767400000| PB 0x0000000767200000| Complete |  0
| 314|0x0000000767400000, 0x0000000767600000, 0x0000000767600000|100%|HC|  |TAMS 0x0000000767600000| PB 0x0000000767400000| Complete |  0
| 315|0x0000000767600000, 0x0000000767800000, 0x0000000767800000|100%|HC|  |TAMS 0x0000000767800000| PB 0x0000000767600000| Complete |  0
| 316|0x0000000767800000, 0x0000000767a00000, 0x0000000767a00000|100%|HC|  |TAMS 0x0000000767a00000| PB 0x0000000767800000| Complete |  0
| 317|0x0000000767a00000, 0x0000000767c00000, 0x0000000767c00000|100%|HC|  |TAMS 0x0000000767c00000| PB 0x0000000767a00000| Complete |  0
| 318|0x0000000767c00000, 0x0000000767e00000, 0x0000000767e00000|100%|HC|  |TAMS 0x0000000767e00000| PB 0x0000000767c00000| Complete |  0
| 319|0x0000000767e00000, 0x0000000768000000, 0x0000000768000000|100%|HC|  |TAMS 0x0000000768000000| PB 0x0000000767e00000| Complete |  0
| 320|0x0000000768000000, 0x0000000768200000, 0x0000000768200000|100%|HC|  |TAMS 0x0000000768200000| PB 0x0000000768000000| Complete |  0
| 321|0x0000000768200000, 0x0000000768400000, 0x0000000768400000|100%|HC|  |TAMS 0x0000000768400000| PB 0x0000000768200000| Complete |  0
| 322|0x0000000768400000, 0x0000000768600000, 0x0000000768600000|100%|HC|  |TAMS 0x0000000768600000| PB 0x0000000768400000| Complete |  0
| 323|0x0000000768600000, 0x0000000768800000, 0x0000000768800000|100%|HC|  |TAMS 0x0000000768800000| PB 0x0000000768600000| Complete |  0
| 324|0x0000000768800000, 0x0000000768a00000, 0x0000000768a00000|100%|HC|  |TAMS 0x0000000768a00000| PB 0x0000000768800000| Complete |  0
| 325|0x0000000768a00000, 0x0000000768c00000, 0x0000000768c00000|100%|HC|  |TAMS 0x0000000768c00000| PB 0x0000000768a00000| Complete |  0
| 326|0x0000000768c00000, 0x0000000768e00000, 0x0000000768e00000|100%|HC|  |TAMS 0x0000000768e00000| PB 0x0000000768c00000| Complete |  0
| 327|0x0000000768e00000, 0x0000000769000000, 0x0000000769000000|100%|HC|  |TAMS 0x0000000769000000| PB 0x0000000768e00000| Complete |  0
| 328|0x0000000769000000, 0x0000000769200000, 0x0000000769200000|100%|HC|  |TAMS 0x0000000769200000| PB 0x0000000769000000| Complete |  0
| 329|0x0000000769200000, 0x0000000769400000, 0x0000000769400000|100%|HC|  |TAMS 0x0000000769400000| PB 0x0000000769200000| Complete |  0
| 330|0x0000000769400000, 0x0000000769600000, 0x0000000769600000|100%|HC|  |TAMS 0x0000000769600000| PB 0x0000000769400000| Complete |  0
| 331|0x0000000769600000, 0x0000000769800000, 0x0000000769800000|100%|HC|  |TAMS 0x0000000769800000| PB 0x0000000769600000| Complete |  0
| 332|0x0000000769800000, 0x0000000769a00000, 0x0000000769a00000|100%|HC|  |TAMS 0x0000000769a00000| PB 0x0000000769800000| Complete |  0
| 333|0x0000000769a00000, 0x0000000769c00000, 0x0000000769c00000|100%|HC|  |TAMS 0x0000000769c00000| PB 0x0000000769a00000| Complete |  0
| 334|0x0000000769c00000, 0x0000000769e00000, 0x0000000769e00000|100%|HC|  |TAMS 0x0000000769e00000| PB 0x0000000769c00000| Complete |  0
| 335|0x0000000769e00000, 0x000000076a000000, 0x000000076a000000|100%|HC|  |TAMS 0x000000076a000000| PB 0x0000000769e00000| Complete |  0
| 336|0x000000076a000000, 0x000000076a200000, 0x000000076a200000|100%|HC|  |TAMS 0x000000076a200000| PB 0x000000076a000000| Complete |  0
| 337|0x000000076a200000, 0x000000076a400000, 0x000000076a400000|100%|HC|  |TAMS 0x000000076a400000| PB 0x000000076a200000| Complete |  0
| 338|0x000000076a400000, 0x000000076a600000, 0x000000076a600000|100%|HC|  |TAMS 0x000000076a600000| PB 0x000000076a400000| Complete |  0
| 339|0x000000076a600000, 0x000000076a800000, 0x000000076a800000|100%|HC|  |TAMS 0x000000076a800000| PB 0x000000076a600000| Complete |  0
| 340|0x000000076a800000, 0x000000076aa00000, 0x000000076aa00000|100%|HC|  |TAMS 0x000000076aa00000| PB 0x000000076a800000| Complete |  0
| 341|0x000000076aa00000, 0x000000076ac00000, 0x000000076ac00000|100%|HC|  |TAMS 0x000000076ac00000| PB 0x000000076aa00000| Complete |  0
| 342|0x000000076ac00000, 0x000000076ae00000, 0x000000076ae00000|100%|HC|  |TAMS 0x000000076ae00000| PB 0x000000076ac00000| Complete |  0
| 343|0x000000076ae00000, 0x000000076b000000, 0x000000076b000000|100%|HC|  |TAMS 0x000000076b000000| PB 0x000000076ae00000| Complete |  0
| 344|0x000000076b000000, 0x000000076b200000, 0x000000076b200000|100%|HC|  |TAMS 0x000000076b200000| PB 0x000000076b000000| Complete |  0
| 345|0x000000076b200000, 0x000000076b400000, 0x000000076b400000|100%|HC|  |TAMS 0x000000076b400000| PB 0x000000076b200000| Complete |  0
| 346|0x000000076b400000, 0x000000076b600000, 0x000000076b600000|100%|HC|  |TAMS 0x000000076b600000| PB 0x000000076b400000| Complete |  0
| 347|0x000000076b600000, 0x000000076b800000, 0x000000076b800000|100%|HC|  |TAMS 0x000000076b800000| PB 0x000000076b600000| Complete |  0
| 348|0x000000076b800000, 0x000000076ba00000, 0x000000076ba00000|100%|HC|  |TAMS 0x000000076ba00000| PB 0x000000076b800000| Complete |  0
| 349|0x000000076ba00000, 0x000000076bc00000, 0x000000076bc00000|100%|HC|  |TAMS 0x000000076bc00000| PB 0x000000076ba00000| Complete |  0
| 350|0x000000076bc00000, 0x000000076be00000, 0x000000076be00000|100%|HC|  |TAMS 0x000000076be00000| PB 0x000000076bc00000| Complete |  0
| 351|0x000000076be00000, 0x000000076c000000, 0x000000076c000000|100%|HC|  |TAMS 0x000000076c000000| PB 0x000000076be00000| Complete |  0
| 352|0x000000076c000000, 0x000000076c200000, 0x000000076c200000|100%|HC|  |TAMS 0x000000076c200000| PB 0x000000076c000000| Complete |  0
| 353|0x000000076c200000, 0x000000076c400000, 0x000000076c400000|100%|HC|  |TAMS 0x000000076c400000| PB 0x000000076c200000| Complete |  0
| 354|0x000000076c400000, 0x000000076c600000, 0x000000076c600000|100%|HC|  |TAMS 0x000000076c600000| PB 0x000000076c400000| Complete |  0
| 355|0x000000076c600000, 0x000000076c800000, 0x000000076c800000|100%|HC|  |TAMS 0x000000076c800000| PB 0x000000076c600000| Complete |  0
| 356|0x000000076c800000, 0x000000076ca00000, 0x000000076ca00000|100%|HC|  |TAMS 0x000000076ca00000| PB 0x000000076c800000| Complete |  0
| 357|0x000000076ca00000, 0x000000076cc00000, 0x000000076cc00000|100%|HC|  |TAMS 0x000000076cc00000| PB 0x000000076ca00000| Complete |  0
| 358|0x000000076cc00000, 0x000000076ce00000, 0x000000076ce00000|100%|HC|  |TAMS 0x000000076ce00000| PB 0x000000076cc00000| Complete |  0
| 359|0x000000076ce00000, 0x000000076d000000, 0x000000076d000000|100%|HC|  |TAMS 0x000000076d000000| PB 0x000000076ce00000| Complete |  0
| 360|0x000000076d000000, 0x000000076d200000, 0x000000076d200000|100%|HC|  |TAMS 0x000000076d200000| PB 0x000000076d000000| Complete |  0
| 361|0x000000076d200000, 0x000000076d400000, 0x000000076d400000|100%|HC|  |TAMS 0x000000076d400000| PB 0x000000076d200000| Complete |  0
| 362|0x000000076d400000, 0x000000076d600000, 0x000000076d600000|100%|HC|  |TAMS 0x000000076d600000| PB 0x000000076d400000| Complete |  0
| 363|0x000000076d600000, 0x000000076d800000, 0x000000076d800000|100%|HC|  |TAMS 0x000000076d800000| PB 0x000000076d600000| Complete |  0
| 364|0x000000076d800000, 0x000000076da00000, 0x000000076da00000|100%|HC|  |TAMS 0x000000076da00000| PB 0x000000076d800000| Complete |  0
| 365|0x000000076da00000, 0x000000076dc00000, 0x000000076dc00000|100%|HC|  |TAMS 0x000000076dc00000| PB 0x000000076da00000| Complete |  0
| 366|0x000000076dc00000, 0x000000076de00000, 0x000000076de00000|100%|HC|  |TAMS 0x000000076de00000| PB 0x000000076dc00000| Complete |  0
| 367|0x000000076de00000, 0x000000076e000000, 0x000000076e000000|100%|HC|  |TAMS 0x000000076e000000| PB 0x000000076de00000| Complete |  0
| 368|0x000000076e000000, 0x000000076e200000, 0x000000076e200000|100%|HC|  |TAMS 0x000000076e200000| PB 0x000000076e000000| Complete |  0
| 369|0x000000076e200000, 0x000000076e400000, 0x000000076e400000|100%|HC|  |TAMS 0x000000076e400000| PB 0x000000076e200000| Complete |  0
| 370|0x000000076e400000, 0x000000076e600000, 0x000000076e600000|100%|HC|  |TAMS 0x000000076e600000| PB 0x000000076e400000| Complete |  0
| 371|0x000000076e600000, 0x000000076e800000, 0x000000076e800000|100%|HC|  |TAMS 0x000000076e800000| PB 0x000000076e600000| Complete |  0
| 372|0x000000076e800000, 0x000000076ea00000, 0x000000076ea00000|100%|HC|  |TAMS 0x000000076ea00000| PB 0x000000076e800000| Complete |  0
| 373|0x000000076ea00000, 0x000000076ec00000, 0x000000076ec00000|100%|HC|  |TAMS 0x000000076ec00000| PB 0x000000076ea00000| Complete |  0
| 374|0x000000076ec00000, 0x000000076ee00000, 0x000000076ee00000|100%|HC|  |TAMS 0x000000076ee00000| PB 0x000000076ec00000| Complete |  0
| 375|0x000000076ee00000, 0x000000076f000000, 0x000000076f000000|100%|HC|  |TAMS 0x000000076f000000| PB 0x000000076ee00000| Complete |  0
| 376|0x000000076f000000, 0x000000076f200000, 0x000000076f200000|100%|HC|  |TAMS 0x000000076f200000| PB 0x000000076f000000| Complete |  0
| 377|0x000000076f200000, 0x000000076f400000, 0x000000076f400000|100%|HC|  |TAMS 0x000000076f400000| PB 0x000000076f200000| Complete |  0
| 378|0x000000076f400000, 0x000000076f600000, 0x000000076f600000|100%|HC|  |TAMS 0x000000076f600000| PB 0x000000076f400000| Complete |  0
| 379|0x000000076f600000, 0x000000076f800000, 0x000000076f800000|100%|HC|  |TAMS 0x000000076f800000| PB 0x000000076f600000| Complete |  0
| 380|0x000000076f800000, 0x000000076fa00000, 0x000000076fa00000|100%|HC|  |TAMS 0x000000076fa00000| PB 0x000000076f800000| Complete |  0
| 381|0x000000076fa00000, 0x000000076fc00000, 0x000000076fc00000|100%|HC|  |TAMS 0x000000076fc00000| PB 0x000000076fa00000| Complete |  0
| 382|0x000000076fc00000, 0x000000076fe00000, 0x000000076fe00000|100%|HC|  |TAMS 0x000000076fe00000| PB 0x000000076fc00000| Complete |  0
| 383|0x000000076fe00000, 0x0000000770000000, 0x0000000770000000|100%|HC|  |TAMS 0x0000000770000000| PB 0x000000076fe00000| Complete |  0
| 384|0x0000000770000000, 0x0000000770200000, 0x0000000770200000|100%|HC|  |TAMS 0x0000000770200000| PB 0x0000000770000000| Complete |  0
| 385|0x0000000770200000, 0x0000000770400000, 0x0000000770400000|100%|HC|  |TAMS 0x0000000770400000| PB 0x0000000770200000| Complete |  0
| 386|0x0000000770400000, 0x0000000770600000, 0x0000000770600000|100%|HC|  |TAMS 0x0000000770600000| PB 0x0000000770400000| Complete |  0
| 387|0x0000000770600000, 0x0000000770800000, 0x0000000770800000|100%|HC|  |TAMS 0x0000000770800000| PB 0x0000000770600000| Complete |  0
| 388|0x0000000770800000, 0x0000000770a00000, 0x0000000770a00000|100%|HC|  |TAMS 0x0000000770a00000| PB 0x0000000770800000| Complete |  0
| 389|0x0000000770a00000, 0x0000000770c00000, 0x0000000770c00000|100%|HC|  |TAMS 0x0000000770c00000| PB 0x0000000770a00000| Complete |  0
| 390|0x0000000770c00000, 0x0000000770e00000, 0x0000000770e00000|100%|HC|  |TAMS 0x0000000770e00000| PB 0x0000000770c00000| Complete |  0
| 391|0x0000000770e00000, 0x0000000771000000, 0x0000000771000000|100%|HC|  |TAMS 0x0000000771000000| PB 0x0000000770e00000| Complete |  0
| 392|0x0000000771000000, 0x0000000771200000, 0x0000000771200000|100%|HC|  |TAMS 0x0000000771200000| PB 0x0000000771000000| Complete |  0
| 393|0x0000000771200000, 0x0000000771400000, 0x0000000771400000|100%|HC|  |TAMS 0x0000000771400000| PB 0x0000000771200000| Complete |  0
| 394|0x0000000771400000, 0x0000000771600000, 0x0000000771600000|100%|HC|  |TAMS 0x0000000771600000| PB 0x0000000771400000| Complete |  0
| 395|0x0000000771600000, 0x0000000771800000, 0x0000000771800000|100%|HC|  |TAMS 0x0000000771800000| PB 0x0000000771600000| Complete |  0
| 396|0x0000000771800000, 0x0000000771a00000, 0x0000000771a00000|100%|HC|  |TAMS 0x0000000771a00000| PB 0x0000000771800000| Complete |  0
| 397|0x0000000771a00000, 0x0000000771c00000, 0x0000000771c00000|100%|HC|  |TAMS 0x0000000771c00000| PB 0x0000000771a00000| Complete |  0
| 398|0x0000000771c00000, 0x0000000771e00000, 0x0000000771e00000|100%|HC|  |TAMS 0x0000000771e00000| PB 0x0000000771c00000| Complete |  0
| 399|0x0000000771e00000, 0x0000000772000000, 0x0000000772000000|100%|HC|  |TAMS 0x0000000772000000| PB 0x0000000771e00000| Complete |  0
| 400|0x0000000772000000, 0x0000000772200000, 0x0000000772200000|100%|HC|  |TAMS 0x0000000772200000| PB 0x0000000772000000| Complete |  0
| 401|0x0000000772200000, 0x0000000772400000, 0x0000000772400000|100%|HC|  |TAMS 0x0000000772400000| PB 0x0000000772200000| Complete |  0
| 402|0x0000000772400000, 0x0000000772600000, 0x0000000772600000|100%|HC|  |TAMS 0x0000000772600000| PB 0x0000000772400000| Complete |  0
| 403|0x0000000772600000, 0x0000000772800000, 0x0000000772800000|100%|HC|  |TAMS 0x0000000772800000| PB 0x0000000772600000| Complete |  0
| 404|0x0000000772800000, 0x0000000772a00000, 0x0000000772a00000|100%|HC|  |TAMS 0x0000000772a00000| PB 0x0000000772800000| Complete |  0
| 405|0x0000000772a00000, 0x0000000772c00000, 0x0000000772c00000|100%|HC|  |TAMS 0x0000000772c00000| PB 0x0000000772a00000| Complete |  0
| 406|0x0000000772c00000, 0x0000000772e00000, 0x0000000772e00000|100%|HC|  |TAMS 0x0000000772e00000| PB 0x0000000772c00000| Complete |  0
| 407|0x0000000772e00000, 0x0000000773000000, 0x0000000773000000|100%|HC|  |TAMS 0x0000000773000000| PB 0x0000000772e00000| Complete |  0
| 408|0x0000000773000000, 0x0000000773200000, 0x0000000773200000|100%|HC|  |TAMS 0x0000000773200000| PB 0x0000000773000000| Complete |  0
| 409|0x0000000773200000, 0x0000000773400000, 0x0000000773400000|100%|HC|  |TAMS 0x0000000773400000| PB 0x0000000773200000| Complete |  0
| 410|0x0000000773400000, 0x0000000773600000, 0x0000000773600000|100%|HC|  |TAMS 0x0000000773600000| PB 0x0000000773400000| Complete |  0
| 411|0x0000000773600000, 0x0000000773800000, 0x0000000773800000|100%|HC|  |TAMS 0x0000000773800000| PB 0x0000000773600000| Complete |  0
| 412|0x0000000773800000, 0x0000000773a00000, 0x0000000773a00000|100%|HC|  |TAMS 0x0000000773a00000| PB 0x0000000773800000| Complete |  0
| 413|0x0000000773a00000, 0x0000000773c00000, 0x0000000773c00000|100%|HC|  |TAMS 0x0000000773c00000| PB 0x0000000773a00000| Complete |  0
| 414|0x0000000773c00000, 0x0000000773e00000, 0x0000000773e00000|100%|HC|  |TAMS 0x0000000773e00000| PB 0x0000000773c00000| Complete |  0
| 415|0x0000000773e00000, 0x0000000774000000, 0x0000000774000000|100%|HC|  |TAMS 0x0000000774000000| PB 0x0000000773e00000| Complete |  0
| 416|0x0000000774000000, 0x0000000774200000, 0x0000000774200000|100%|HC|  |TAMS 0x0000000774200000| PB 0x0000000774000000| Complete |  0
| 417|0x0000000774200000, 0x0000000774400000, 0x0000000774400000|100%|HC|  |TAMS 0x0000000774400000| PB 0x0000000774200000| Complete |  0
| 418|0x0000000774400000, 0x0000000774600000, 0x0000000774600000|100%|HC|  |TAMS 0x0000000774600000| PB 0x0000000774400000| Complete |  0
| 419|0x0000000774600000, 0x0000000774800000, 0x0000000774800000|100%|HC|  |TAMS 0x0000000774800000| PB 0x0000000774600000| Complete |  0
| 420|0x0000000774800000, 0x0000000774a00000, 0x0000000774a00000|100%|HC|  |TAMS 0x0000000774a00000| PB 0x0000000774800000| Complete |  0
| 421|0x0000000774a00000, 0x0000000774c00000, 0x0000000774c00000|100%|HC|  |TAMS 0x0000000774c00000| PB 0x0000000774a00000| Complete |  0
| 422|0x0000000774c00000, 0x0000000774e00000, 0x0000000774e00000|100%|HC|  |TAMS 0x0000000774e00000| PB 0x0000000774c00000| Complete |  0
| 423|0x0000000774e00000, 0x0000000775000000, 0x0000000775000000|100%|HC|  |TAMS 0x0000000775000000| PB 0x0000000774e00000| Complete |  0
| 424|0x0000000775000000, 0x0000000775200000, 0x0000000775200000|100%|HC|  |TAMS 0x0000000775200000| PB 0x0000000775000000| Complete |  0
| 425|0x0000000775200000, 0x0000000775400000, 0x0000000775400000|100%|HC|  |TAMS 0x0000000775400000| PB 0x0000000775200000| Complete |  0
| 426|0x0000000775400000, 0x0000000775600000, 0x0000000775600000|100%|HC|  |TAMS 0x0000000775600000| PB 0x0000000775400000| Complete |  0
| 427|0x0000000775600000, 0x0000000775800000, 0x0000000775800000|100%|HC|  |TAMS 0x0000000775800000| PB 0x0000000775600000| Complete |  0
| 428|0x0000000775800000, 0x0000000775a00000, 0x0000000775a00000|100%|HC|  |TAMS 0x0000000775a00000| PB 0x0000000775800000| Complete |  0
| 429|0x0000000775a00000, 0x0000000775c00000, 0x0000000775c00000|100%|HC|  |TAMS 0x0000000775c00000| PB 0x0000000775a00000| Complete |  0
| 430|0x0000000775c00000, 0x0000000775e00000, 0x0000000775e00000|100%|HC|  |TAMS 0x0000000775e00000| PB 0x0000000775c00000| Complete |  0
| 431|0x0000000775e00000, 0x0000000776000000, 0x0000000776000000|100%|HC|  |TAMS 0x0000000776000000| PB 0x0000000775e00000| Complete |  0
| 432|0x0000000776000000, 0x0000000776200000, 0x0000000776200000|100%|HC|  |TAMS 0x0000000776200000| PB 0x0000000776000000| Complete |  0
| 433|0x0000000776200000, 0x0000000776400000, 0x0000000776400000|100%|HC|  |TAMS 0x0000000776400000| PB 0x0000000776200000| Complete |  0
| 434|0x0000000776400000, 0x0000000776600000, 0x0000000776600000|100%|HC|  |TAMS 0x0000000776600000| PB 0x0000000776400000| Complete |  0
| 435|0x0000000776600000, 0x0000000776800000, 0x0000000776800000|100%|HC|  |TAMS 0x0000000776800000| PB 0x0000000776600000| Complete |  0
| 436|0x0000000776800000, 0x0000000776a00000, 0x0000000776a00000|100%|HC|  |TAMS 0x0000000776a00000| PB 0x0000000776800000| Complete |  0
| 437|0x0000000776a00000, 0x0000000776c00000, 0x0000000776c00000|100%|HC|  |TAMS 0x0000000776c00000| PB 0x0000000776a00000| Complete |  0
| 438|0x0000000776c00000, 0x0000000776e00000, 0x0000000776e00000|100%|HC|  |TAMS 0x0000000776e00000| PB 0x0000000776c00000| Complete |  0
| 439|0x0000000776e00000, 0x0000000777000000, 0x0000000777000000|100%|HC|  |TAMS 0x0000000777000000| PB 0x0000000776e00000| Complete |  0
| 440|0x0000000777000000, 0x0000000777200000, 0x0000000777200000|100%|HC|  |TAMS 0x0000000777200000| PB 0x0000000777000000| Complete |  0
| 441|0x0000000777200000, 0x0000000777400000, 0x0000000777400000|100%|HC|  |TAMS 0x0000000777400000| PB 0x0000000777200000| Complete |  0
| 442|0x0000000777400000, 0x0000000777600000, 0x0000000777600000|100%|HC|  |TAMS 0x0000000777600000| PB 0x0000000777400000| Complete |  0
| 443|0x0000000777600000, 0x0000000777800000, 0x0000000777800000|100%|HC|  |TAMS 0x0000000777800000| PB 0x0000000777600000| Complete |  0
| 444|0x0000000777800000, 0x0000000777a00000, 0x0000000777a00000|100%|HC|  |TAMS 0x0000000777a00000| PB 0x0000000777800000| Complete |  0
| 445|0x0000000777a00000, 0x0000000777c00000, 0x0000000777c00000|100%|HC|  |TAMS 0x0000000777c00000| PB 0x0000000777a00000| Complete |  0
| 446|0x0000000777c00000, 0x0000000777e00000, 0x0000000777e00000|100%|HC|  |TAMS 0x0000000777e00000| PB 0x0000000777c00000| Complete |  0
| 447|0x0000000777e00000, 0x0000000778000000, 0x0000000778000000|100%|HC|  |TAMS 0x0000000778000000| PB 0x0000000777e00000| Complete |  0
| 448|0x0000000778000000, 0x0000000778200000, 0x0000000778200000|100%|HC|  |TAMS 0x0000000778200000| PB 0x0000000778000000| Complete |  0
| 449|0x0000000778200000, 0x0000000778400000, 0x0000000778400000|100%|HC|  |TAMS 0x0000000778400000| PB 0x0000000778200000| Complete |  0
| 450|0x0000000778400000, 0x0000000778600000, 0x0000000778600000|100%|HC|  |TAMS 0x0000000778600000| PB 0x0000000778400000| Complete |  0
| 451|0x0000000778600000, 0x0000000778800000, 0x0000000778800000|100%|HC|  |TAMS 0x0000000778800000| PB 0x0000000778600000| Complete |  0
| 452|0x0000000778800000, 0x0000000778a00000, 0x0000000778a00000|100%|HC|  |TAMS 0x0000000778a00000| PB 0x0000000778800000| Complete |  0
| 453|0x0000000778a00000, 0x0000000778c00000, 0x0000000778c00000|100%|HC|  |TAMS 0x0000000778c00000| PB 0x0000000778a00000| Complete |  0
| 454|0x0000000778c00000, 0x0000000778e00000, 0x0000000778e00000|100%|HC|  |TAMS 0x0000000778e00000| PB 0x0000000778c00000| Complete |  0
| 455|0x0000000778e00000, 0x0000000779000000, 0x0000000779000000|100%|HC|  |TAMS 0x0000000779000000| PB 0x0000000778e00000| Complete |  0
| 456|0x0000000779000000, 0x0000000779200000, 0x0000000779200000|100%|HC|  |TAMS 0x0000000779200000| PB 0x0000000779000000| Complete |  0
| 457|0x0000000779200000, 0x0000000779400000, 0x0000000779400000|100%|HC|  |TAMS 0x0000000779400000| PB 0x0000000779200000| Complete |  0
| 458|0x0000000779400000, 0x0000000779600000, 0x0000000779600000|100%|HC|  |TAMS 0x0000000779600000| PB 0x0000000779400000| Complete |  0
| 459|0x0000000779600000, 0x0000000779800000, 0x0000000779800000|100%|HC|  |TAMS 0x0000000779800000| PB 0x0000000779600000| Complete |  0
| 460|0x0000000779800000, 0x0000000779a00000, 0x0000000779a00000|100%|HC|  |TAMS 0x0000000779a00000| PB 0x0000000779800000| Complete |  0
| 461|0x0000000779a00000, 0x0000000779c00000, 0x0000000779c00000|100%|HC|  |TAMS 0x0000000779c00000| PB 0x0000000779a00000| Complete |  0
| 462|0x0000000779c00000, 0x0000000779e00000, 0x0000000779e00000|100%|HC|  |TAMS 0x0000000779e00000| PB 0x0000000779c00000| Complete |  0
| 463|0x0000000779e00000, 0x000000077a000000, 0x000000077a000000|100%|HC|  |TAMS 0x000000077a000000| PB 0x0000000779e00000| Complete |  0
| 464|0x000000077a000000, 0x000000077a200000, 0x000000077a200000|100%|HC|  |TAMS 0x000000077a200000| PB 0x000000077a000000| Complete |  0
| 465|0x000000077a200000, 0x000000077a400000, 0x000000077a400000|100%|HC|  |TAMS 0x000000077a400000| PB 0x000000077a200000| Complete |  0
| 466|0x000000077a400000, 0x000000077a600000, 0x000000077a600000|100%|HC|  |TAMS 0x000000077a600000| PB 0x000000077a400000| Complete |  0
| 467|0x000000077a600000, 0x000000077a800000, 0x000000077a800000|100%|HC|  |TAMS 0x000000077a800000| PB 0x000000077a600000| Complete |  0
| 468|0x000000077a800000, 0x000000077aa00000, 0x000000077aa00000|100%|HC|  |TAMS 0x000000077aa00000| PB 0x000000077a800000| Complete |  0
| 469|0x000000077aa00000, 0x000000077ac00000, 0x000000077ac00000|100%|HC|  |TAMS 0x000000077ac00000| PB 0x000000077aa00000| Complete |  0
| 470|0x000000077ac00000, 0x000000077ae00000, 0x000000077ae00000|100%|HC|  |TAMS 0x000000077ae00000| PB 0x000000077ac00000| Complete |  0
| 471|0x000000077ae00000, 0x000000077b000000, 0x000000077b000000|100%|HC|  |TAMS 0x000000077b000000| PB 0x000000077ae00000| Complete |  0
| 472|0x000000077b000000, 0x000000077b200000, 0x000000077b200000|100%|HC|  |TAMS 0x000000077b200000| PB 0x000000077b000000| Complete |  0
| 473|0x000000077b200000, 0x000000077b400000, 0x000000077b400000|100%|HC|  |TAMS 0x000000077b400000| PB 0x000000077b200000| Complete |  0
| 474|0x000000077b400000, 0x000000077b600000, 0x000000077b600000|100%|HC|  |TAMS 0x000000077b600000| PB 0x000000077b400000| Complete |  0
| 475|0x000000077b600000, 0x000000077b800000, 0x000000077b800000|100%|HC|  |TAMS 0x000000077b800000| PB 0x000000077b600000| Complete |  0
| 476|0x000000077b800000, 0x000000077ba00000, 0x000000077ba00000|100%|HC|  |TAMS 0x000000077ba00000| PB 0x000000077b800000| Complete |  0
| 477|0x000000077ba00000, 0x000000077bc00000, 0x000000077bc00000|100%|HC|  |TAMS 0x000000077bc00000| PB 0x000000077ba00000| Complete |  0
| 478|0x000000077bc00000, 0x000000077be00000, 0x000000077be00000|100%|HC|  |TAMS 0x000000077be00000| PB 0x000000077bc00000| Complete |  0
| 479|0x000000077be00000, 0x000000077c000000, 0x000000077c000000|100%|HC|  |TAMS 0x000000077c000000| PB 0x000000077be00000| Complete |  0
| 480|0x000000077c000000, 0x000000077c200000, 0x000000077c200000|100%|HC|  |TAMS 0x000000077c200000| PB 0x000000077c000000| Complete |  0
| 481|0x000000077c200000, 0x000000077c400000, 0x000000077c400000|100%|HC|  |TAMS 0x000000077c400000| PB 0x000000077c200000| Complete |  0
| 482|0x000000077c400000, 0x000000077c600000, 0x000000077c600000|100%|HC|  |TAMS 0x000000077c600000| PB 0x000000077c400000| Complete |  0
| 483|0x000000077c600000, 0x000000077c800000, 0x000000077c800000|100%|HC|  |TAMS 0x000000077c800000| PB 0x000000077c600000| Complete |  0
| 484|0x000000077c800000, 0x000000077ca00000, 0x000000077ca00000|100%|HC|  |TAMS 0x000000077ca00000| PB 0x000000077c800000| Complete |  0
| 485|0x000000077ca00000, 0x000000077cc00000, 0x000000077cc00000|100%|HC|  |TAMS 0x000000077cc00000| PB 0x000000077ca00000| Complete |  0
| 486|0x000000077cc00000, 0x000000077ce00000, 0x000000077ce00000|100%|HC|  |TAMS 0x000000077ce00000| PB 0x000000077cc00000| Complete |  0
| 487|0x000000077ce00000, 0x000000077d000000, 0x000000077d000000|100%|HC|  |TAMS 0x000000077d000000| PB 0x000000077ce00000| Complete |  0
| 488|0x000000077d000000, 0x000000077d200000, 0x000000077d200000|100%|HC|  |TAMS 0x000000077d200000| PB 0x000000077d000000| Complete |  0
| 489|0x000000077d200000, 0x000000077d400000, 0x000000077d400000|100%|HC|  |TAMS 0x000000077d400000| PB 0x000000077d200000| Complete |  0
| 490|0x000000077d400000, 0x000000077d600000, 0x000000077d600000|100%|HC|  |TAMS 0x000000077d600000| PB 0x000000077d400000| Complete |  0
| 491|0x000000077d600000, 0x000000077d800000, 0x000000077d800000|100%|HC|  |TAMS 0x000000077d800000| PB 0x000000077d600000| Complete |  0
| 492|0x000000077d800000, 0x000000077da00000, 0x000000077da00000|100%|HC|  |TAMS 0x000000077da00000| PB 0x000000077d800000| Complete |  0
| 493|0x000000077da00000, 0x000000077dc00000, 0x000000077dc00000|100%|HC|  |TAMS 0x000000077dc00000| PB 0x000000077da00000| Complete |  0
| 494|0x000000077dc00000, 0x000000077de00000, 0x000000077de00000|100%|HC|  |TAMS 0x000000077de00000| PB 0x000000077dc00000| Complete |  0
| 495|0x000000077de00000, 0x000000077e000000, 0x000000077e000000|100%|HC|  |TAMS 0x000000077e000000| PB 0x000000077de00000| Complete |  0
| 496|0x000000077e000000, 0x000000077e200000, 0x000000077e200000|100%|HC|  |TAMS 0x000000077e200000| PB 0x000000077e000000| Complete |  0
| 497|0x000000077e200000, 0x000000077e400000, 0x000000077e400000|100%|HC|  |TAMS 0x000000077e400000| PB 0x000000077e200000| Complete |  0
| 498|0x000000077e400000, 0x000000077e600000, 0x000000077e600000|100%|HC|  |TAMS 0x000000077e600000| PB 0x000000077e400000| Complete |  0
| 499|0x000000077e600000, 0x000000077e800000, 0x000000077e800000|100%|HC|  |TAMS 0x000000077e800000| PB 0x000000077e600000| Complete |  0
| 500|0x000000077e800000, 0x000000077ea00000, 0x000000077ea00000|100%|HC|  |TAMS 0x000000077ea00000| PB 0x000000077e800000| Complete |  0
| 501|0x000000077ea00000, 0x000000077ec00000, 0x000000077ec00000|100%|HC|  |TAMS 0x000000077ec00000| PB 0x000000077ea00000| Complete |  0
| 502|0x000000077ec00000, 0x000000077ee00000, 0x000000077ee00000|100%|HC|  |TAMS 0x000000077ee00000| PB 0x000000077ec00000| Complete |  0
| 503|0x000000077ee00000, 0x000000077f000000, 0x000000077f000000|100%|HC|  |TAMS 0x000000077f000000| PB 0x000000077ee00000| Complete |  0
| 504|0x000000077f000000, 0x000000077f200000, 0x000000077f200000|100%|HC|  |TAMS 0x000000077f200000| PB 0x000000077f000000| Complete |  0
| 505|0x000000077f200000, 0x000000077f400000, 0x000000077f400000|100%|HC|  |TAMS 0x000000077f400000| PB 0x000000077f200000| Complete |  0
| 506|0x000000077f400000, 0x000000077f600000, 0x000000077f600000|100%|HC|  |TAMS 0x000000077f600000| PB 0x000000077f400000| Complete |  0
| 507|0x000000077f600000, 0x000000077f800000, 0x000000077f800000|100%|HC|  |TAMS 0x000000077f800000| PB 0x000000077f600000| Complete |  0
| 508|0x000000077f800000, 0x000000077fa00000, 0x000000077fa00000|100%|HC|  |TAMS 0x000000077fa00000| PB 0x000000077f800000| Complete |  0
| 509|0x000000077fa00000, 0x000000077fc00000, 0x000000077fc00000|100%|HC|  |TAMS 0x000000077fc00000| PB 0x000000077fa00000| Complete |  0
| 510|0x000000077fc00000, 0x000000077fe00000, 0x000000077fe00000|100%|HC|  |TAMS 0x000000077fe00000| PB 0x000000077fc00000| Complete |  0
| 511|0x000000077fe00000, 0x0000000780000000, 0x0000000780000000|100%|HC|  |TAMS 0x0000000780000000| PB 0x000000077fe00000| Complete |  0
| 512|0x0000000780000000, 0x0000000780200000, 0x0000000780200000|100%|HC|  |TAMS 0x0000000780200000| PB 0x0000000780000000| Complete |  0
| 513|0x0000000780200000, 0x0000000780400000, 0x0000000780400000|100%|HC|  |TAMS 0x0000000780400000| PB 0x0000000780200000| Complete |  0
| 514|0x0000000780400000, 0x0000000780600000, 0x0000000780600000|100%|HC|  |TAMS 0x0000000780600000| PB 0x0000000780400000| Complete |  0
| 515|0x0000000780600000, 0x0000000780800000, 0x0000000780800000|100%|HC|  |TAMS 0x0000000780800000| PB 0x0000000780600000| Complete |  0
| 516|0x0000000780800000, 0x0000000780a00000, 0x0000000780a00000|100%|HC|  |TAMS 0x0000000780a00000| PB 0x0000000780800000| Complete |  0
| 517|0x0000000780a00000, 0x0000000780c00000, 0x0000000780c00000|100%|HC|  |TAMS 0x0000000780c00000| PB 0x0000000780a00000| Complete |  0
| 518|0x0000000780c00000, 0x0000000780e00000, 0x0000000780e00000|100%|HC|  |TAMS 0x0000000780e00000| PB 0x0000000780c00000| Complete |  0
| 519|0x0000000780e00000, 0x0000000781000000, 0x0000000781000000|100%|HC|  |TAMS 0x0000000781000000| PB 0x0000000780e00000| Complete |  0
| 520|0x0000000781000000, 0x0000000781200000, 0x0000000781200000|100%|HC|  |TAMS 0x0000000781200000| PB 0x0000000781000000| Complete |  0
| 521|0x0000000781200000, 0x0000000781400000, 0x0000000781400000|100%|HC|  |TAMS 0x0000000781400000| PB 0x0000000781200000| Complete |  0
| 522|0x0000000781400000, 0x0000000781600000, 0x0000000781600000|100%|HC|  |TAMS 0x0000000781600000| PB 0x0000000781400000| Complete |  0
| 523|0x0000000781600000, 0x0000000781800000, 0x0000000781800000|100%|HC|  |TAMS 0x0000000781800000| PB 0x0000000781600000| Complete |  0
| 524|0x0000000781800000, 0x0000000781a00000, 0x0000000781a00000|100%|HC|  |TAMS 0x0000000781a00000| PB 0x0000000781800000| Complete |  0
| 525|0x0000000781a00000, 0x0000000781c00000, 0x0000000781c00000|100%|HC|  |TAMS 0x0000000781c00000| PB 0x0000000781a00000| Complete |  0
| 526|0x0000000781c00000, 0x0000000781e00000, 0x0000000781e00000|100%|HC|  |TAMS 0x0000000781e00000| PB 0x0000000781c00000| Complete |  0
| 527|0x0000000781e00000, 0x0000000782000000, 0x0000000782000000|100%|HC|  |TAMS 0x0000000782000000| PB 0x0000000781e00000| Complete |  0
| 528|0x0000000782000000, 0x0000000782200000, 0x0000000782200000|100%|HC|  |TAMS 0x0000000782200000| PB 0x0000000782000000| Complete |  0
| 529|0x0000000782200000, 0x0000000782400000, 0x0000000782400000|100%|HC|  |TAMS 0x0000000782400000| PB 0x0000000782200000| Complete |  0
| 530|0x0000000782400000, 0x0000000782600000, 0x0000000782600000|100%|HC|  |TAMS 0x0000000782600000| PB 0x0000000782400000| Complete |  0
| 531|0x0000000782600000, 0x0000000782800000, 0x0000000782800000|100%|HC|  |TAMS 0x0000000782800000| PB 0x0000000782600000| Complete |  0
| 532|0x0000000782800000, 0x0000000782a00000, 0x0000000782a00000|100%|HC|  |TAMS 0x0000000782a00000| PB 0x0000000782800000| Complete |  0
| 533|0x0000000782a00000, 0x0000000782c00000, 0x0000000782c00000|100%|HC|  |TAMS 0x0000000782c00000| PB 0x0000000782a00000| Complete |  0
| 534|0x0000000782c00000, 0x0000000782e00000, 0x0000000782e00000|100%|HC|  |TAMS 0x0000000782e00000| PB 0x0000000782c00000| Complete |  0
| 535|0x0000000782e00000, 0x0000000783000000, 0x0000000783000000|100%|HC|  |TAMS 0x0000000783000000| PB 0x0000000782e00000| Complete |  0
| 536|0x0000000783000000, 0x0000000783200000, 0x0000000783200000|100%|HC|  |TAMS 0x0000000783200000| PB 0x0000000783000000| Complete |  0
| 537|0x0000000783200000, 0x0000000783400000, 0x0000000783400000|100%|HC|  |TAMS 0x0000000783400000| PB 0x0000000783200000| Complete |  0
| 538|0x0000000783400000, 0x0000000783600000, 0x0000000783600000|100%|HC|  |TAMS 0x0000000783600000| PB 0x0000000783400000| Complete |  0
| 539|0x0000000783600000, 0x0000000783800000, 0x0000000783800000|100%|HC|  |TAMS 0x0000000783800000| PB 0x0000000783600000| Complete |  0
| 540|0x0000000783800000, 0x0000000783a00000, 0x0000000783a00000|100%|HC|  |TAMS 0x0000000783a00000| PB 0x0000000783800000| Complete |  0
| 541|0x0000000783a00000, 0x0000000783c00000, 0x0000000783c00000|100%|HC|  |TAMS 0x0000000783c00000| PB 0x0000000783a00000| Complete |  0
| 542|0x0000000783c00000, 0x0000000783e00000, 0x0000000783e00000|100%|HC|  |TAMS 0x0000000783e00000| PB 0x0000000783c00000| Complete |  0
| 543|0x0000000783e00000, 0x0000000784000000, 0x0000000784000000|100%|HC|  |TAMS 0x0000000784000000| PB 0x0000000783e00000| Complete |  0
| 544|0x0000000784000000, 0x0000000784200000, 0x0000000784200000|100%|HC|  |TAMS 0x0000000784200000| PB 0x0000000784000000| Complete |  0
| 545|0x0000000784200000, 0x0000000784400000, 0x0000000784400000|100%|HC|  |TAMS 0x0000000784400000| PB 0x0000000784200000| Complete |  0
| 546|0x0000000784400000, 0x0000000784600000, 0x0000000784600000|100%|HC|  |TAMS 0x0000000784600000| PB 0x0000000784400000| Complete |  0
| 547|0x0000000784600000, 0x0000000784800000, 0x0000000784800000|100%|HC|  |TAMS 0x0000000784800000| PB 0x0000000784600000| Complete |  0
| 548|0x0000000784800000, 0x0000000784a00000, 0x0000000784a00000|100%|HC|  |TAMS 0x0000000784a00000| PB 0x0000000784800000| Complete |  0
| 549|0x0000000784a00000, 0x0000000784c00000, 0x0000000784c00000|100%|HC|  |TAMS 0x0000000784c00000| PB 0x0000000784a00000| Complete |  0
| 550|0x0000000784c00000, 0x0000000784e00000, 0x0000000784e00000|100%|HC|  |TAMS 0x0000000784e00000| PB 0x0000000784c00000| Complete |  0
| 551|0x0000000784e00000, 0x0000000785000000, 0x0000000785000000|100%|HC|  |TAMS 0x0000000785000000| PB 0x0000000784e00000| Complete |  0
| 552|0x0000000785000000, 0x0000000785200000, 0x0000000785200000|100%|HC|  |TAMS 0x0000000785200000| PB 0x0000000785000000| Complete |  0
| 553|0x0000000785200000, 0x0000000785400000, 0x0000000785400000|100%|HC|  |TAMS 0x0000000785400000| PB 0x0000000785200000| Complete |  0
| 554|0x0000000785400000, 0x0000000785600000, 0x0000000785600000|100%|HC|  |TAMS 0x0000000785600000| PB 0x0000000785400000| Complete |  0
| 555|0x0000000785600000, 0x0000000785800000, 0x0000000785800000|100%|HC|  |TAMS 0x0000000785800000| PB 0x0000000785600000| Complete |  0
| 556|0x0000000785800000, 0x0000000785a00000, 0x0000000785a00000|100%|HC|  |TAMS 0x0000000785a00000| PB 0x0000000785800000| Complete |  0
| 557|0x0000000785a00000, 0x0000000785c00000, 0x0000000785c00000|100%|HC|  |TAMS 0x0000000785c00000| PB 0x0000000785a00000| Complete |  0
| 558|0x0000000785c00000, 0x0000000785e00000, 0x0000000785e00000|100%|HC|  |TAMS 0x0000000785e00000| PB 0x0000000785c00000| Complete |  0
| 559|0x0000000785e00000, 0x0000000786000000, 0x0000000786000000|100%|HC|  |TAMS 0x0000000786000000| PB 0x0000000785e00000| Complete |  0
| 560|0x0000000786000000, 0x0000000786200000, 0x0000000786200000|100%|HC|  |TAMS 0x0000000786200000| PB 0x0000000786000000| Complete |  0
| 561|0x0000000786200000, 0x0000000786400000, 0x0000000786400000|100%|HC|  |TAMS 0x0000000786400000| PB 0x0000000786200000| Complete |  0
| 562|0x0000000786400000, 0x0000000786600000, 0x0000000786600000|100%|HC|  |TAMS 0x0000000786600000| PB 0x0000000786400000| Complete |  0
| 563|0x0000000786600000, 0x0000000786800000, 0x0000000786800000|100%|HC|  |TAMS 0x0000000786800000| PB 0x0000000786600000| Complete |  0
| 564|0x0000000786800000, 0x0000000786a00000, 0x0000000786a00000|100%|HC|  |TAMS 0x0000000786a00000| PB 0x0000000786800000| Complete |  0
| 565|0x0000000786a00000, 0x0000000786c00000, 0x0000000786c00000|100%|HC|  |TAMS 0x0000000786c00000| PB 0x0000000786a00000| Complete |  0
| 566|0x0000000786c00000, 0x0000000786e00000, 0x0000000786e00000|100%|HC|  |TAMS 0x0000000786e00000| PB 0x0000000786c00000| Complete |  0
| 567|0x0000000786e00000, 0x0000000787000000, 0x0000000787000000|100%|HC|  |TAMS 0x0000000787000000| PB 0x0000000786e00000| Complete |  0
| 568|0x0000000787000000, 0x0000000787200000, 0x0000000787200000|100%|HC|  |TAMS 0x0000000787200000| PB 0x0000000787000000| Complete |  0
| 569|0x0000000787200000, 0x0000000787400000, 0x0000000787400000|100%|HC|  |TAMS 0x0000000787400000| PB 0x0000000787200000| Complete |  0
| 570|0x0000000787400000, 0x0000000787600000, 0x0000000787600000|100%|HC|  |TAMS 0x0000000787600000| PB 0x0000000787400000| Complete |  0
| 571|0x0000000787600000, 0x0000000787800000, 0x0000000787800000|100%|HC|  |TAMS 0x0000000787800000| PB 0x0000000787600000| Complete |  0
| 572|0x0000000787800000, 0x0000000787a00000, 0x0000000787a00000|100%|HC|  |TAMS 0x0000000787a00000| PB 0x0000000787800000| Complete |  0
| 573|0x0000000787a00000, 0x0000000787c00000, 0x0000000787c00000|100%|HC|  |TAMS 0x0000000787c00000| PB 0x0000000787a00000| Complete |  0
| 574|0x0000000787c00000, 0x0000000787e00000, 0x0000000787e00000|100%|HC|  |TAMS 0x0000000787e00000| PB 0x0000000787c00000| Complete |  0
| 575|0x0000000787e00000, 0x0000000788000000, 0x0000000788000000|100%|HC|  |TAMS 0x0000000788000000| PB 0x0000000787e00000| Complete |  0
| 576|0x0000000788000000, 0x0000000788200000, 0x0000000788200000|100%|HC|  |TAMS 0x0000000788200000| PB 0x0000000788000000| Complete |  0
| 577|0x0000000788200000, 0x0000000788400000, 0x0000000788400000|100%|HC|  |TAMS 0x0000000788400000| PB 0x0000000788200000| Complete |  0
| 578|0x0000000788400000, 0x0000000788600000, 0x0000000788600000|100%|HC|  |TAMS 0x0000000788600000| PB 0x0000000788400000| Complete |  0
| 579|0x0000000788600000, 0x0000000788800000, 0x0000000788800000|100%|HC|  |TAMS 0x0000000788800000| PB 0x0000000788600000| Complete |  0
| 580|0x0000000788800000, 0x0000000788a00000, 0x0000000788a00000|100%|HC|  |TAMS 0x0000000788a00000| PB 0x0000000788800000| Complete |  0
| 581|0x0000000788a00000, 0x0000000788c00000, 0x0000000788c00000|100%|HC|  |TAMS 0x0000000788c00000| PB 0x0000000788a00000| Complete |  0
| 582|0x0000000788c00000, 0x0000000788e00000, 0x0000000788e00000|100%|HC|  |TAMS 0x0000000788e00000| PB 0x0000000788c00000| Complete |  0
| 583|0x0000000788e00000, 0x0000000789000000, 0x0000000789000000|100%|HC|  |TAMS 0x0000000789000000| PB 0x0000000788e00000| Complete |  0
| 584|0x0000000789000000, 0x0000000789200000, 0x0000000789200000|100%|HC|  |TAMS 0x0000000789200000| PB 0x0000000789000000| Complete |  0
| 585|0x0000000789200000, 0x0000000789400000, 0x0000000789400000|100%|HC|  |TAMS 0x0000000789400000| PB 0x0000000789200000| Complete |  0
| 586|0x0000000789400000, 0x0000000789600000, 0x0000000789600000|100%|HC|  |TAMS 0x0000000789600000| PB 0x0000000789400000| Complete |  0
| 587|0x0000000789600000, 0x0000000789800000, 0x0000000789800000|100%|HC|  |TAMS 0x0000000789800000| PB 0x0000000789600000| Complete |  0
| 588|0x0000000789800000, 0x0000000789a00000, 0x0000000789a00000|100%|HC|  |TAMS 0x0000000789a00000| PB 0x0000000789800000| Complete |  0
| 589|0x0000000789a00000, 0x0000000789c00000, 0x0000000789c00000|100%|HC|  |TAMS 0x0000000789c00000| PB 0x0000000789a00000| Complete |  0
| 590|0x0000000789c00000, 0x0000000789e00000, 0x0000000789e00000|100%|HC|  |TAMS 0x0000000789e00000| PB 0x0000000789c00000| Complete |  0
| 591|0x0000000789e00000, 0x000000078a000000, 0x000000078a000000|100%|HC|  |TAMS 0x000000078a000000| PB 0x0000000789e00000| Complete |  0
| 592|0x000000078a000000, 0x000000078a200000, 0x000000078a200000|100%|HC|  |TAMS 0x000000078a200000| PB 0x000000078a000000| Complete |  0
| 593|0x000000078a200000, 0x000000078a400000, 0x000000078a400000|100%|HC|  |TAMS 0x000000078a400000| PB 0x000000078a200000| Complete |  0
| 594|0x000000078a400000, 0x000000078a600000, 0x000000078a600000|100%|HC|  |TAMS 0x000000078a600000| PB 0x000000078a400000| Complete |  0
| 595|0x000000078a600000, 0x000000078a800000, 0x000000078a800000|100%|HC|  |TAMS 0x000000078a800000| PB 0x000000078a600000| Complete |  0
| 596|0x000000078a800000, 0x000000078aa00000, 0x000000078aa00000|100%|HC|  |TAMS 0x000000078aa00000| PB 0x000000078a800000| Complete |  0
| 597|0x000000078aa00000, 0x000000078ac00000, 0x000000078ac00000|100%|HC|  |TAMS 0x000000078ac00000| PB 0x000000078aa00000| Complete |  0
| 598|0x000000078ac00000, 0x000000078ae00000, 0x000000078ae00000|100%|HC|  |TAMS 0x000000078ae00000| PB 0x000000078ac00000| Complete |  0
| 599|0x000000078ae00000, 0x000000078b000000, 0x000000078b000000|100%|HC|  |TAMS 0x000000078b000000| PB 0x000000078ae00000| Complete |  0
| 600|0x000000078b000000, 0x000000078b200000, 0x000000078b200000|100%|HC|  |TAMS 0x000000078b200000| PB 0x000000078b000000| Complete |  0
| 601|0x000000078b200000, 0x000000078b400000, 0x000000078b400000|100%|HC|  |TAMS 0x000000078b400000| PB 0x000000078b200000| Complete |  0
| 602|0x000000078b400000, 0x000000078b600000, 0x000000078b600000|100%|HC|  |TAMS 0x000000078b600000| PB 0x000000078b400000| Complete |  0
| 603|0x000000078b600000, 0x000000078b800000, 0x000000078b800000|100%|HC|  |TAMS 0x000000078b800000| PB 0x000000078b600000| Complete |  0
| 604|0x000000078b800000, 0x000000078ba00000, 0x000000078ba00000|100%|HC|  |TAMS 0x000000078ba00000| PB 0x000000078b800000| Complete |  0
| 605|0x000000078ba00000, 0x000000078bc00000, 0x000000078bc00000|100%|HC|  |TAMS 0x000000078bc00000| PB 0x000000078ba00000| Complete |  0
| 606|0x000000078bc00000, 0x000000078be00000, 0x000000078be00000|100%|HC|  |TAMS 0x000000078be00000| PB 0x000000078bc00000| Complete |  0
| 607|0x000000078be00000, 0x000000078c000000, 0x000000078c000000|100%|HC|  |TAMS 0x000000078c000000| PB 0x000000078be00000| Complete |  0
| 608|0x000000078c000000, 0x000000078c200000, 0x000000078c200000|100%|HC|  |TAMS 0x000000078c200000| PB 0x000000078c000000| Complete |  0
| 609|0x000000078c200000, 0x000000078c400000, 0x000000078c400000|100%|HC|  |TAMS 0x000000078c400000| PB 0x000000078c200000| Complete |  0
| 610|0x000000078c400000, 0x000000078c600000, 0x000000078c600000|100%|HC|  |TAMS 0x000000078c600000| PB 0x000000078c400000| Complete |  0
| 611|0x000000078c600000, 0x000000078c800000, 0x000000078c800000|100%|HC|  |TAMS 0x000000078c800000| PB 0x000000078c600000| Complete |  0
| 612|0x000000078c800000, 0x000000078ca00000, 0x000000078ca00000|100%|HC|  |TAMS 0x000000078ca00000| PB 0x000000078c800000| Complete |  0
| 613|0x000000078ca00000, 0x000000078cc00000, 0x000000078cc00000|100%|HC|  |TAMS 0x000000078cc00000| PB 0x000000078ca00000| Complete |  0
| 614|0x000000078cc00000, 0x000000078ce00000, 0x000000078ce00000|100%|HC|  |TAMS 0x000000078ce00000| PB 0x000000078cc00000| Complete |  0
| 615|0x000000078ce00000, 0x000000078d000000, 0x000000078d000000|100%|HC|  |TAMS 0x000000078d000000| PB 0x000000078ce00000| Complete |  0
| 616|0x000000078d000000, 0x000000078d200000, 0x000000078d200000|100%|HC|  |TAMS 0x000000078d200000| PB 0x000000078d000000| Complete |  0
| 617|0x000000078d200000, 0x000000078d400000, 0x000000078d400000|100%|HC|  |TAMS 0x000000078d400000| PB 0x000000078d200000| Complete |  0
| 618|0x000000078d400000, 0x000000078d600000, 0x000000078d600000|100%|HC|  |TAMS 0x000000078d600000| PB 0x000000078d400000| Complete |  0
| 619|0x000000078d600000, 0x000000078d800000, 0x000000078d800000|100%|HC|  |TAMS 0x000000078d800000| PB 0x000000078d600000| Complete |  0
| 620|0x000000078d800000, 0x000000078da00000, 0x000000078da00000|100%|HC|  |TAMS 0x000000078da00000| PB 0x000000078d800000| Complete |  0
| 621|0x000000078da00000, 0x000000078dc00000, 0x000000078dc00000|100%|HC|  |TAMS 0x000000078dc00000| PB 0x000000078da00000| Complete |  0
| 622|0x000000078dc00000, 0x000000078de00000, 0x000000078de00000|100%|HC|  |TAMS 0x000000078de00000| PB 0x000000078dc00000| Complete |  0
| 623|0x000000078de00000, 0x000000078e000000, 0x000000078e000000|100%|HC|  |TAMS 0x000000078e000000| PB 0x000000078de00000| Complete |  0
| 624|0x000000078e000000, 0x000000078e200000, 0x000000078e200000|100%|HC|  |TAMS 0x000000078e200000| PB 0x000000078e000000| Complete |  0
| 625|0x000000078e200000, 0x000000078e400000, 0x000000078e400000|100%|HC|  |TAMS 0x000000078e400000| PB 0x000000078e200000| Complete |  0
| 626|0x000000078e400000, 0x000000078e600000, 0x000000078e600000|100%|HC|  |TAMS 0x000000078e600000| PB 0x000000078e400000| Complete |  0
| 627|0x000000078e600000, 0x000000078e800000, 0x000000078e800000|100%|HC|  |TAMS 0x000000078e800000| PB 0x000000078e600000| Complete |  0
| 628|0x000000078e800000, 0x000000078ea00000, 0x000000078ea00000|100%|HC|  |TAMS 0x000000078ea00000| PB 0x000000078e800000| Complete |  0
| 629|0x000000078ea00000, 0x000000078ec00000, 0x000000078ec00000|100%|HC|  |TAMS 0x000000078ec00000| PB 0x000000078ea00000| Complete |  0
| 630|0x000000078ec00000, 0x000000078ee00000, 0x000000078ee00000|100%|HC|  |TAMS 0x000000078ee00000| PB 0x000000078ec00000| Complete |  0
| 631|0x000000078ee00000, 0x000000078f000000, 0x000000078f000000|100%|HC|  |TAMS 0x000000078f000000| PB 0x000000078ee00000| Complete |  0
| 632|0x000000078f000000, 0x000000078f200000, 0x000000078f200000|100%|HC|  |TAMS 0x000000078f200000| PB 0x000000078f000000| Complete |  0
| 633|0x000000078f200000, 0x000000078f400000, 0x000000078f400000|100%|HC|  |TAMS 0x000000078f400000| PB 0x000000078f200000| Complete |  0
| 634|0x000000078f400000, 0x000000078f600000, 0x000000078f600000|100%|HC|  |TAMS 0x000000078f600000| PB 0x000000078f400000| Complete |  0
| 635|0x000000078f600000, 0x000000078f800000, 0x000000078f800000|100%|HC|  |TAMS 0x000000078f800000| PB 0x000000078f600000| Complete |  0
| 636|0x000000078f800000, 0x000000078fa00000, 0x000000078fa00000|100%|HC|  |TAMS 0x000000078fa00000| PB 0x000000078f800000| Complete |  0
| 637|0x000000078fa00000, 0x000000078fc00000, 0x000000078fc00000|100%|HC|  |TAMS 0x000000078fc00000| PB 0x000000078fa00000| Complete |  0
| 638|0x000000078fc00000, 0x000000078fe00000, 0x000000078fe00000|100%|HC|  |TAMS 0x000000078fe00000| PB 0x000000078fc00000| Complete |  0
| 639|0x000000078fe00000, 0x0000000790000000, 0x0000000790000000|100%|HC|  |TAMS 0x0000000790000000| PB 0x000000078fe00000| Complete |  0
| 640|0x0000000790000000, 0x0000000790200000, 0x0000000790200000|100%|HC|  |TAMS 0x0000000790200000| PB 0x0000000790000000| Complete |  0
| 641|0x0000000790200000, 0x0000000790400000, 0x0000000790400000|100%|HC|  |TAMS 0x0000000790400000| PB 0x0000000790200000| Complete |  0
| 642|0x0000000790400000, 0x0000000790600000, 0x0000000790600000|100%|HC|  |TAMS 0x0000000790600000| PB 0x0000000790400000| Complete |  0
| 643|0x0000000790600000, 0x0000000790800000, 0x0000000790800000|100%|HC|  |TAMS 0x0000000790800000| PB 0x0000000790600000| Complete |  0
| 644|0x0000000790800000, 0x0000000790a00000, 0x0000000790a00000|100%|HC|  |TAMS 0x0000000790a00000| PB 0x0000000790800000| Complete |  0
| 645|0x0000000790a00000, 0x0000000790c00000, 0x0000000790c00000|100%|HC|  |TAMS 0x0000000790c00000| PB 0x0000000790a00000| Complete |  0
| 646|0x0000000790c00000, 0x0000000790e00000, 0x0000000790e00000|100%|HC|  |TAMS 0x0000000790e00000| PB 0x0000000790c00000| Complete |  0
| 647|0x0000000790e00000, 0x0000000791000000, 0x0000000791000000|100%|HC|  |TAMS 0x0000000791000000| PB 0x0000000790e00000| Complete |  0
| 648|0x0000000791000000, 0x0000000791200000, 0x0000000791200000|100%|HC|  |TAMS 0x0000000791200000| PB 0x0000000791000000| Complete |  0
| 649|0x0000000791200000, 0x0000000791400000, 0x0000000791400000|100%|HC|  |TAMS 0x0000000791400000| PB 0x0000000791200000| Complete |  0
| 650|0x0000000791400000, 0x0000000791600000, 0x0000000791600000|100%|HC|  |TAMS 0x0000000791600000| PB 0x0000000791400000| Complete |  0
| 651|0x0000000791600000, 0x0000000791800000, 0x0000000791800000|100%|HC|  |TAMS 0x0000000791800000| PB 0x0000000791600000| Complete |  0
| 652|0x0000000791800000, 0x0000000791a00000, 0x0000000791a00000|100%|HC|  |TAMS 0x0000000791a00000| PB 0x0000000791800000| Complete |  0
| 653|0x0000000791a00000, 0x0000000791c00000, 0x0000000791c00000|100%|HC|  |TAMS 0x0000000791c00000| PB 0x0000000791a00000| Complete |  0
| 654|0x0000000791c00000, 0x0000000791e00000, 0x0000000791e00000|100%|HC|  |TAMS 0x0000000791e00000| PB 0x0000000791c00000| Complete |  0
| 655|0x0000000791e00000, 0x0000000792000000, 0x0000000792000000|100%|HC|  |TAMS 0x0000000792000000| PB 0x0000000791e00000| Complete |  0
| 656|0x0000000792000000, 0x0000000792200000, 0x0000000792200000|100%|HC|  |TAMS 0x0000000792200000| PB 0x0000000792000000| Complete |  0
| 657|0x0000000792200000, 0x0000000792400000, 0x0000000792400000|100%|HC|  |TAMS 0x0000000792400000| PB 0x0000000792200000| Complete |  0
| 658|0x0000000792400000, 0x0000000792600000, 0x0000000792600000|100%|HC|  |TAMS 0x0000000792600000| PB 0x0000000792400000| Complete |  0
| 659|0x0000000792600000, 0x0000000792800000, 0x0000000792800000|100%|HC|  |TAMS 0x0000000792800000| PB 0x0000000792600000| Complete |  0
| 660|0x0000000792800000, 0x0000000792a00000, 0x0000000792a00000|100%|HC|  |TAMS 0x0000000792a00000| PB 0x0000000792800000| Complete |  0
| 661|0x0000000792a00000, 0x0000000792c00000, 0x0000000792c00000|100%|HC|  |TAMS 0x0000000792c00000| PB 0x0000000792a00000| Complete |  0
| 662|0x0000000792c00000, 0x0000000792e00000, 0x0000000792e00000|100%|HC|  |TAMS 0x0000000792e00000| PB 0x0000000792c00000| Complete |  0
| 663|0x0000000792e00000, 0x0000000793000000, 0x0000000793000000|100%|HC|  |TAMS 0x0000000793000000| PB 0x0000000792e00000| Complete |  0
| 664|0x0000000793000000, 0x0000000793200000, 0x0000000793200000|100%|HC|  |TAMS 0x0000000793200000| PB 0x0000000793000000| Complete |  0
| 665|0x0000000793200000, 0x0000000793400000, 0x0000000793400000|100%|HC|  |TAMS 0x0000000793400000| PB 0x0000000793200000| Complete |  0
| 666|0x0000000793400000, 0x0000000793600000, 0x0000000793600000|100%|HC|  |TAMS 0x0000000793600000| PB 0x0000000793400000| Complete |  0
| 667|0x0000000793600000, 0x0000000793800000, 0x0000000793800000|100%|HC|  |TAMS 0x0000000793800000| PB 0x0000000793600000| Complete |  0
| 668|0x0000000793800000, 0x0000000793a00000, 0x0000000793a00000|100%|HC|  |TAMS 0x0000000793a00000| PB 0x0000000793800000| Complete |  0
| 669|0x0000000793a00000, 0x0000000793c00000, 0x0000000793c00000|100%|HC|  |TAMS 0x0000000793c00000| PB 0x0000000793a00000| Complete |  0
| 670|0x0000000793c00000, 0x0000000793e00000, 0x0000000793e00000|100%|HC|  |TAMS 0x0000000793e00000| PB 0x0000000793c00000| Complete |  0
| 671|0x0000000793e00000, 0x0000000794000000, 0x0000000794000000|100%|HC|  |TAMS 0x0000000794000000| PB 0x0000000793e00000| Complete |  0
| 672|0x0000000794000000, 0x0000000794200000, 0x0000000794200000|100%|HC|  |TAMS 0x0000000794200000| PB 0x0000000794000000| Complete |  0
| 673|0x0000000794200000, 0x0000000794400000, 0x0000000794400000|100%|HC|  |TAMS 0x0000000794400000| PB 0x0000000794200000| Complete |  0
| 674|0x0000000794400000, 0x0000000794600000, 0x0000000794600000|100%|HC|  |TAMS 0x0000000794600000| PB 0x0000000794400000| Complete |  0
| 675|0x0000000794600000, 0x0000000794800000, 0x0000000794800000|100%|HC|  |TAMS 0x0000000794800000| PB 0x0000000794600000| Complete |  0
| 676|0x0000000794800000, 0x0000000794a00000, 0x0000000794a00000|100%|HC|  |TAMS 0x0000000794a00000| PB 0x0000000794800000| Complete |  0
| 677|0x0000000794a00000, 0x0000000794c00000, 0x0000000794c00000|100%|HC|  |TAMS 0x0000000794c00000| PB 0x0000000794a00000| Complete |  0
| 678|0x0000000794c00000, 0x0000000794e00000, 0x0000000794e00000|100%|HC|  |TAMS 0x0000000794e00000| PB 0x0000000794c00000| Complete |  0
| 679|0x0000000794e00000, 0x0000000795000000, 0x0000000795000000|100%|HC|  |TAMS 0x0000000795000000| PB 0x0000000794e00000| Complete |  0
| 680|0x0000000795000000, 0x0000000795200000, 0x0000000795200000|100%|HC|  |TAMS 0x0000000795200000| PB 0x0000000795000000| Complete |  0
| 681|0x0000000795200000, 0x0000000795400000, 0x0000000795400000|100%|HC|  |TAMS 0x0000000795400000| PB 0x0000000795200000| Complete |  0
| 682|0x0000000795400000, 0x0000000795600000, 0x0000000795600000|100%|HC|  |TAMS 0x0000000795600000| PB 0x0000000795400000| Complete |  0
| 683|0x0000000795600000, 0x0000000795800000, 0x0000000795800000|100%|HC|  |TAMS 0x0000000795800000| PB 0x0000000795600000| Complete |  0
| 684|0x0000000795800000, 0x0000000795a00000, 0x0000000795a00000|100%|HC|  |TAMS 0x0000000795a00000| PB 0x0000000795800000| Complete |  0
| 685|0x0000000795a00000, 0x0000000795c00000, 0x0000000795c00000|100%|HC|  |TAMS 0x0000000795c00000| PB 0x0000000795a00000| Complete |  0
| 686|0x0000000795c00000, 0x0000000795e00000, 0x0000000795e00000|100%|HC|  |TAMS 0x0000000795e00000| PB 0x0000000795c00000| Complete |  0
| 687|0x0000000795e00000, 0x0000000796000000, 0x0000000796000000|100%|HC|  |TAMS 0x0000000796000000| PB 0x0000000795e00000| Complete |  0
| 688|0x0000000796000000, 0x0000000796200000, 0x0000000796200000|100%|HC|  |TAMS 0x0000000796200000| PB 0x0000000796000000| Complete |  0
| 689|0x0000000796200000, 0x0000000796400000, 0x0000000796400000|100%|HC|  |TAMS 0x0000000796400000| PB 0x0000000796200000| Complete |  0
| 690|0x0000000796400000, 0x0000000796600000, 0x0000000796600000|100%|HC|  |TAMS 0x0000000796600000| PB 0x0000000796400000| Complete |  0
| 691|0x0000000796600000, 0x0000000796800000, 0x0000000796800000|100%|HC|  |TAMS 0x0000000796800000| PB 0x0000000796600000| Complete |  0
| 692|0x0000000796800000, 0x0000000796a00000, 0x0000000796a00000|100%|HC|  |TAMS 0x0000000796a00000| PB 0x0000000796800000| Complete |  0
| 693|0x0000000796a00000, 0x0000000796c00000, 0x0000000796c00000|100%|HC|  |TAMS 0x0000000796c00000| PB 0x0000000796a00000| Complete |  0
| 694|0x0000000796c00000, 0x0000000796e00000, 0x0000000796e00000|100%|HC|  |TAMS 0x0000000796e00000| PB 0x0000000796c00000| Complete |  0
| 695|0x0000000796e00000, 0x0000000797000000, 0x0000000797000000|100%|HC|  |TAMS 0x0000000797000000| PB 0x0000000796e00000| Complete |  0
| 696|0x0000000797000000, 0x0000000797200000, 0x0000000797200000|100%|HC|  |TAMS 0x0000000797200000| PB 0x0000000797000000| Complete |  0
| 697|0x0000000797200000, 0x0000000797400000, 0x0000000797400000|100%|HC|  |TAMS 0x0000000797400000| PB 0x0000000797200000| Complete |  0
| 698|0x0000000797400000, 0x0000000797600000, 0x0000000797600000|100%|HC|  |TAMS 0x0000000797600000| PB 0x0000000797400000| Complete |  0
| 699|0x0000000797600000, 0x0000000797800000, 0x0000000797800000|100%|HC|  |TAMS 0x0000000797800000| PB 0x0000000797600000| Complete |  0
| 700|0x0000000797800000, 0x0000000797a00000, 0x0000000797a00000|100%|HC|  |TAMS 0x0000000797a00000| PB 0x0000000797800000| Complete |  0
| 701|0x0000000797a00000, 0x0000000797c00000, 0x0000000797c00000|100%|HC|  |TAMS 0x0000000797c00000| PB 0x0000000797a00000| Complete |  0
| 702|0x0000000797c00000, 0x0000000797e00000, 0x0000000797e00000|100%|HC|  |TAMS 0x0000000797e00000| PB 0x0000000797c00000| Complete |  0
| 703|0x0000000797e00000, 0x0000000798000000, 0x0000000798000000|100%|HC|  |TAMS 0x0000000798000000| PB 0x0000000797e00000| Complete |  0
| 704|0x0000000798000000, 0x0000000798200000, 0x0000000798200000|100%|HC|  |TAMS 0x0000000798200000| PB 0x0000000798000000| Complete |  0
| 705|0x0000000798200000, 0x0000000798400000, 0x0000000798400000|100%|HC|  |TAMS 0x0000000798400000| PB 0x0000000798200000| Complete |  0
| 706|0x0000000798400000, 0x0000000798600000, 0x0000000798600000|100%|HC|  |TAMS 0x0000000798600000| PB 0x0000000798400000| Complete |  0
| 707|0x0000000798600000, 0x0000000798800000, 0x0000000798800000|100%|HC|  |TAMS 0x0000000798800000| PB 0x0000000798600000| Complete |  0
| 708|0x0000000798800000, 0x0000000798a00000, 0x0000000798a00000|100%|HC|  |TAMS 0x0000000798a00000| PB 0x0000000798800000| Complete |  0
| 709|0x0000000798a00000, 0x0000000798c00000, 0x0000000798c00000|100%|HC|  |TAMS 0x0000000798c00000| PB 0x0000000798a00000| Complete |  0
| 710|0x0000000798c00000, 0x0000000798e00000, 0x0000000798e00000|100%|HC|  |TAMS 0x0000000798e00000| PB 0x0000000798c00000| Complete |  0
| 711|0x0000000798e00000, 0x0000000799000000, 0x0000000799000000|100%|HC|  |TAMS 0x0000000799000000| PB 0x0000000798e00000| Complete |  0
| 712|0x0000000799000000, 0x0000000799200000, 0x0000000799200000|100%|HC|  |TAMS 0x0000000799200000| PB 0x0000000799000000| Complete |  0
| 713|0x0000000799200000, 0x0000000799400000, 0x0000000799400000|100%|HC|  |TAMS 0x0000000799400000| PB 0x0000000799200000| Complete |  0
| 714|0x0000000799400000, 0x0000000799600000, 0x0000000799600000|100%|HC|  |TAMS 0x0000000799600000| PB 0x0000000799400000| Complete |  0
| 715|0x0000000799600000, 0x0000000799800000, 0x0000000799800000|100%|HC|  |TAMS 0x0000000799800000| PB 0x0000000799600000| Complete |  0
| 716|0x0000000799800000, 0x0000000799a00000, 0x0000000799a00000|100%|HC|  |TAMS 0x0000000799a00000| PB 0x0000000799800000| Complete |  0
| 717|0x0000000799a00000, 0x0000000799c00000, 0x0000000799c00000|100%|HC|  |TAMS 0x0000000799c00000| PB 0x0000000799a00000| Complete |  0
| 718|0x0000000799c00000, 0x0000000799e00000, 0x0000000799e00000|100%|HC|  |TAMS 0x0000000799e00000| PB 0x0000000799c00000| Complete |  0
| 719|0x0000000799e00000, 0x000000079a000000, 0x000000079a000000|100%|HC|  |TAMS 0x000000079a000000| PB 0x0000000799e00000| Complete |  0
| 720|0x000000079a000000, 0x000000079a200000, 0x000000079a200000|100%|HC|  |TAMS 0x000000079a200000| PB 0x000000079a000000| Complete |  0
| 721|0x000000079a200000, 0x000000079a400000, 0x000000079a400000|100%|HC|  |TAMS 0x000000079a400000| PB 0x000000079a200000| Complete |  0
| 722|0x000000079a400000, 0x000000079a600000, 0x000000079a600000|100%|HC|  |TAMS 0x000000079a600000| PB 0x000000079a400000| Complete |  0
| 723|0x000000079a600000, 0x000000079a800000, 0x000000079a800000|100%|HC|  |TAMS 0x000000079a800000| PB 0x000000079a600000| Complete |  0
| 724|0x000000079a800000, 0x000000079aa00000, 0x000000079aa00000|100%|HC|  |TAMS 0x000000079aa00000| PB 0x000000079a800000| Complete |  0
| 725|0x000000079aa00000, 0x000000079ac00000, 0x000000079ac00000|100%|HC|  |TAMS 0x000000079ac00000| PB 0x000000079aa00000| Complete |  0
| 726|0x000000079ac00000, 0x000000079ae00000, 0x000000079ae00000|100%|HC|  |TAMS 0x000000079ae00000| PB 0x000000079ac00000| Complete |  0
| 727|0x000000079ae00000, 0x000000079b000000, 0x000000079b000000|100%|HC|  |TAMS 0x000000079b000000| PB 0x000000079ae00000| Complete |  0
| 728|0x000000079b000000, 0x000000079b200000, 0x000000079b200000|100%|HC|  |TAMS 0x000000079b200000| PB 0x000000079b000000| Complete |  0
| 729|0x000000079b200000, 0x000000079b400000, 0x000000079b400000|100%|HC|  |TAMS 0x000000079b400000| PB 0x000000079b200000| Complete |  0
| 730|0x000000079b400000, 0x000000079b600000, 0x000000079b600000|100%|HC|  |TAMS 0x000000079b600000| PB 0x000000079b400000| Complete |  0
| 731|0x000000079b600000, 0x000000079b800000, 0x000000079b800000|100%|HC|  |TAMS 0x000000079b800000| PB 0x000000079b600000| Complete |  0
| 732|0x000000079b800000, 0x000000079ba00000, 0x000000079ba00000|100%|HC|  |TAMS 0x000000079ba00000| PB 0x000000079b800000| Complete |  0
| 733|0x000000079ba00000, 0x000000079bc00000, 0x000000079bc00000|100%|HC|  |TAMS 0x000000079bc00000| PB 0x000000079ba00000| Complete |  0
| 734|0x000000079bc00000, 0x000000079be00000, 0x000000079be00000|100%|HC|  |TAMS 0x000000079be00000| PB 0x000000079bc00000| Complete |  0
| 735|0x000000079be00000, 0x000000079c000000, 0x000000079c000000|100%|HC|  |TAMS 0x000000079c000000| PB 0x000000079be00000| Complete |  0
| 736|0x000000079c000000, 0x000000079c200000, 0x000000079c200000|100%|HC|  |TAMS 0x000000079c200000| PB 0x000000079c000000| Complete |  0
| 737|0x000000079c200000, 0x000000079c400000, 0x000000079c400000|100%|HC|  |TAMS 0x000000079c400000| PB 0x000000079c200000| Complete |  0
| 738|0x000000079c400000, 0x000000079c600000, 0x000000079c600000|100%|HC|  |TAMS 0x000000079c600000| PB 0x000000079c400000| Complete |  0
| 739|0x000000079c600000, 0x000000079c800000, 0x000000079c800000|100%|HC|  |TAMS 0x000000079c800000| PB 0x000000079c600000| Complete |  0
| 740|0x000000079c800000, 0x000000079ca00000, 0x000000079ca00000|100%|HC|  |TAMS 0x000000079ca00000| PB 0x000000079c800000| Complete |  0
| 741|0x000000079ca00000, 0x000000079cc00000, 0x000000079cc00000|100%|HC|  |TAMS 0x000000079cc00000| PB 0x000000079ca00000| Complete |  0
| 742|0x000000079cc00000, 0x000000079ce00000, 0x000000079ce00000|100%|HC|  |TAMS 0x000000079ce00000| PB 0x000000079cc00000| Complete |  0
| 743|0x000000079ce00000, 0x000000079d000000, 0x000000079d000000|100%|HC|  |TAMS 0x000000079d000000| PB 0x000000079ce00000| Complete |  0
| 744|0x000000079d000000, 0x000000079d200000, 0x000000079d200000|100%|HC|  |TAMS 0x000000079d200000| PB 0x000000079d000000| Complete |  0
| 745|0x000000079d200000, 0x000000079d400000, 0x000000079d400000|100%|HC|  |TAMS 0x000000079d400000| PB 0x000000079d200000| Complete |  0
| 746|0x000000079d400000, 0x000000079d600000, 0x000000079d600000|100%|HC|  |TAMS 0x000000079d600000| PB 0x000000079d400000| Complete |  0
| 747|0x000000079d600000, 0x000000079d800000, 0x000000079d800000|100%|HC|  |TAMS 0x000000079d800000| PB 0x000000079d600000| Complete |  0
| 748|0x000000079d800000, 0x000000079da00000, 0x000000079da00000|100%| O|  |TAMS 0x000000079da00000| PB 0x000000079da00000| Untracked |  0
| 749|0x000000079da00000, 0x000000079dc00000, 0x000000079dc00000|100%| O|  |TAMS 0x000000079dc00000| PB 0x000000079dc00000| Untracked |  0
| 750|0x000000079dc00000, 0x000000079de00000, 0x000000079de00000|100%| O|  |TAMS 0x000000079de00000| PB 0x000000079de00000| Untracked |  0
| 751|0x000000079de00000, 0x000000079e000000, 0x000000079e000000|100%| O|  |TAMS 0x000000079e000000| PB 0x000000079e000000| Untracked |  0
| 752|0x000000079e000000, 0x000000079e200000, 0x000000079e200000|100%| O|  |TAMS 0x000000079e200000| PB 0x000000079e200000| Untracked |  0
| 753|0x000000079e200000, 0x000000079e400000, 0x000000079e400000|100%| O|  |TAMS 0x000000079e400000| PB 0x000000079e400000| Untracked |  0
| 754|0x000000079e400000, 0x000000079e600000, 0x000000079e600000|100%| O|  |TAMS 0x000000079e600000| PB 0x000000079e600000| Untracked |  0
| 755|0x000000079e600000, 0x000000079e800000, 0x000000079e800000|100%| O|  |TAMS 0x000000079e800000| PB 0x000000079e800000| Untracked |  0
| 756|0x000000079e800000, 0x000000079ea00000, 0x000000079ea00000|100%| O|  |TAMS 0x000000079ea00000| PB 0x000000079ea00000| Untracked |  0
| 757|0x000000079ea00000, 0x000000079ec00000, 0x000000079ec00000|100%| O|  |TAMS 0x000000079ec00000| PB 0x000000079ec00000| Untracked |  0
| 758|0x000000079ec00000, 0x000000079ee00000, 0x000000079ee00000|100%| O|  |TAMS 0x000000079ee00000| PB 0x000000079ee00000| Untracked |  0
| 759|0x000000079ee00000, 0x000000079f000000, 0x000000079f000000|100%| O|Cm|TAMS 0x000000079f000000| PB 0x000000079f000000| Updating |  0
| 760|0x000000079f000000, 0x000000079f200000, 0x000000079f200000|100%| O|  |TAMS 0x000000079f200000| PB 0x000000079f200000| Untracked |  0
| 761|0x000000079f200000, 0x000000079f400000, 0x000000079f400000|100%| O|  |TAMS 0x000000079f400000| PB 0x000000079f400000| Untracked |  0
| 762|0x000000079f400000, 0x000000079f600000, 0x000000079f600000|100%| O|  |TAMS 0x000000079f600000| PB 0x000000079f600000| Untracked |  0
| 763|0x000000079f600000, 0x000000079f800000, 0x000000079f800000|100%| O|  |TAMS 0x000000079f800000| PB 0x000000079f800000| Untracked |  0
| 764|0x000000079f800000, 0x000000079fa00000, 0x000000079fa00000|100%| O|  |TAMS 0x000000079fa00000| PB 0x000000079fa00000| Untracked |  0
| 765|0x000000079fa00000, 0x000000079fc00000, 0x000000079fc00000|100%| O|  |TAMS 0x000000079fc00000| PB 0x000000079fc00000| Untracked |  0
| 766|0x000000079fc00000, 0x000000079fe00000, 0x000000079fe00000|100%| O|  |TAMS 0x000000079fe00000| PB 0x000000079fe00000| Untracked |  0
| 767|0x000000079fe00000, 0x00000007a0000000, 0x00000007a0000000|100%| O|  |TAMS 0x00000007a0000000| PB 0x00000007a0000000| Untracked |  0
| 768|0x00000007a0000000, 0x00000007a0200000, 0x00000007a0200000|100%| O|  |TAMS 0x00000007a0200000| PB 0x00000007a0200000| Untracked |  0
| 769|0x00000007a0200000, 0x00000007a0400000, 0x00000007a0400000|100%| O|  |TAMS 0x00000007a0400000| PB 0x00000007a0400000| Untracked |  0
| 770|0x00000007a0400000, 0x00000007a0600000, 0x00000007a0600000|100%| O|  |TAMS 0x00000007a0600000| PB 0x00000007a0600000| Untracked |  0
| 771|0x00000007a0600000, 0x00000007a0800000, 0x00000007a0800000|100%| O|  |TAMS 0x00000007a0800000| PB 0x00000007a0800000| Untracked |  0
| 772|0x00000007a0800000, 0x00000007a0a00000, 0x00000007a0a00000|100%| O|  |TAMS 0x00000007a0a00000| PB 0x00000007a0a00000| Untracked |  0
| 773|0x00000007a0a00000, 0x00000007a0c00000, 0x00000007a0c00000|100%| O|  |TAMS 0x00000007a0c00000| PB 0x00000007a0c00000| Untracked |  0
| 774|0x00000007a0c00000, 0x00000007a0e00000, 0x00000007a0e00000|100%| O|  |TAMS 0x00000007a0e00000| PB 0x00000007a0e00000| Untracked |  0
| 775|0x00000007a0e00000, 0x00000007a1000000, 0x00000007a1000000|100%| O|  |TAMS 0x00000007a1000000| PB 0x00000007a1000000| Untracked |  0
| 776|0x00000007a1000000, 0x00000007a1200000, 0x00000007a1200000|100%| O|  |TAMS 0x00000007a1200000| PB 0x00000007a1200000| Untracked |  0
| 777|0x00000007a1200000, 0x00000007a1400000, 0x00000007a1400000|100%| O|  |TAMS 0x00000007a1400000| PB 0x00000007a1400000| Untracked |  0
| 778|0x00000007a1400000, 0x00000007a1600000, 0x00000007a1600000|100%| O|  |TAMS 0x00000007a1600000| PB 0x00000007a1600000| Untracked |  0
| 779|0x00000007a1600000, 0x00000007a1800000, 0x00000007a1800000|100%| O|  |TAMS 0x00000007a1800000| PB 0x00000007a1800000| Untracked |  0
| 780|0x00000007a1800000, 0x00000007a1a00000, 0x00000007a1a00000|100%| O|  |TAMS 0x00000007a1a00000| PB 0x00000007a1a00000| Untracked |  0
| 781|0x00000007a1a00000, 0x00000007a1c00000, 0x00000007a1c00000|100%| O|  |TAMS 0x00000007a1c00000| PB 0x00000007a1c00000| Untracked |  0
| 782|0x00000007a1c00000, 0x00000007a1e00000, 0x00000007a1e00000|100%| O|  |TAMS 0x00000007a1e00000| PB 0x00000007a1e00000| Untracked |  0
| 783|0x00000007a1e00000, 0x00000007a2000000, 0x00000007a2000000|100%| O|  |TAMS 0x00000007a2000000| PB 0x00000007a2000000| Untracked |  0
| 784|0x00000007a2000000, 0x00000007a2200000, 0x00000007a2200000|100%| O|  |TAMS 0x00000007a2200000| PB 0x00000007a2200000| Untracked |  0
| 785|0x00000007a2200000, 0x00000007a2400000, 0x00000007a2400000|100%| O|  |TAMS 0x00000007a2400000| PB 0x00000007a2400000| Untracked |  0
| 786|0x00000007a2400000, 0x00000007a2600000, 0x00000007a2600000|100%| O|  |TAMS 0x00000007a2600000| PB 0x00000007a2600000| Untracked |  0
| 787|0x00000007a2600000, 0x00000007a2800000, 0x00000007a2800000|100%| O|  |TAMS 0x00000007a2800000| PB 0x00000007a2800000| Untracked |  0
| 788|0x00000007a2800000, 0x00000007a2a00000, 0x00000007a2a00000|100%| O|  |TAMS 0x00000007a2a00000| PB 0x00000007a2a00000| Untracked |  0
| 789|0x00000007a2a00000, 0x00000007a2c00000, 0x00000007a2c00000|100%| O|  |TAMS 0x00000007a2c00000| PB 0x00000007a2c00000| Untracked |  0
| 790|0x00000007a2c00000, 0x00000007a2e00000, 0x00000007a2e00000|100%| O|  |TAMS 0x00000007a2e00000| PB 0x00000007a2e00000| Untracked |  0
| 791|0x00000007a2e00000, 0x00000007a3000000, 0x00000007a3000000|100%| O|  |TAMS 0x00000007a3000000| PB 0x00000007a3000000| Untracked |  0
| 792|0x00000007a3000000, 0x00000007a3200000, 0x00000007a3200000|100%| O|  |TAMS 0x00000007a3200000| PB 0x00000007a3200000| Untracked |  0
| 793|0x00000007a3200000, 0x00000007a3400000, 0x00000007a3400000|100%| O|  |TAMS 0x00000007a3400000| PB 0x00000007a3400000| Untracked |  0
| 794|0x00000007a3400000, 0x00000007a3600000, 0x00000007a3600000|100%| O|  |TAMS 0x00000007a3600000| PB 0x00000007a3600000| Untracked |  0
| 795|0x00000007a3600000, 0x00000007a3800000, 0x00000007a3800000|100%| O|  |TAMS 0x00000007a3800000| PB 0x00000007a3800000| Untracked |  0
| 796|0x00000007a3800000, 0x00000007a3a00000, 0x00000007a3a00000|100%| O|  |TAMS 0x00000007a3a00000| PB 0x00000007a3a00000| Untracked |  0
| 797|0x00000007a3a00000, 0x00000007a3c00000, 0x00000007a3c00000|100%| O|  |TAMS 0x00000007a3c00000| PB 0x00000007a3c00000| Untracked |  0
| 798|0x00000007a3c00000, 0x00000007a3e00000, 0x00000007a3e00000|100%| O|  |TAMS 0x00000007a3e00000| PB 0x00000007a3e00000| Untracked |  0
| 799|0x00000007a3e00000, 0x00000007a4000000, 0x00000007a4000000|100%| O|  |TAMS 0x00000007a4000000| PB 0x00000007a4000000| Untracked |  0
| 800|0x00000007a4000000, 0x00000007a4200000, 0x00000007a4200000|100%| O|  |TAMS 0x00000007a4200000| PB 0x00000007a4200000| Untracked |  0
| 801|0x00000007a4200000, 0x00000007a4400000, 0x00000007a4400000|100%| O|  |TAMS 0x00000007a4400000| PB 0x00000007a4400000| Untracked |  0
| 802|0x00000007a4400000, 0x00000007a4600000, 0x00000007a4600000|100%| O|  |TAMS 0x00000007a4600000| PB 0x00000007a4600000| Untracked |  0
| 803|0x00000007a4600000, 0x00000007a4800000, 0x00000007a4800000|100%| O|  |TAMS 0x00000007a4800000| PB 0x00000007a4800000| Untracked |  0
| 804|0x00000007a4800000, 0x00000007a4a00000, 0x00000007a4a00000|100%| O|  |TAMS 0x00000007a4a00000| PB 0x00000007a4a00000| Untracked |  0
| 805|0x00000007a4a00000, 0x00000007a4c00000, 0x00000007a4c00000|100%| O|  |TAMS 0x00000007a4c00000| PB 0x00000007a4c00000| Untracked |  0
| 806|0x00000007a4c00000, 0x00000007a4e00000, 0x00000007a4e00000|100%| O|  |TAMS 0x00000007a4e00000| PB 0x00000007a4e00000| Untracked |  0
| 807|0x00000007a4e00000, 0x00000007a5000000, 0x00000007a5000000|100%| O|  |TAMS 0x00000007a5000000| PB 0x00000007a5000000| Untracked |  0
| 808|0x00000007a5000000, 0x00000007a5200000, 0x00000007a5200000|100%| O|  |TAMS 0x00000007a5200000| PB 0x00000007a5200000| Untracked |  0
| 809|0x00000007a5200000, 0x00000007a5400000, 0x00000007a5400000|100%| O|  |TAMS 0x00000007a5400000| PB 0x00000007a5400000| Untracked |  0
| 810|0x00000007a5400000, 0x00000007a5600000, 0x00000007a5600000|100%| O|  |TAMS 0x00000007a5600000| PB 0x00000007a5600000| Untracked |  0
| 811|0x00000007a5600000, 0x00000007a5800000, 0x00000007a5800000|100%| O|  |TAMS 0x00000007a5800000| PB 0x00000007a5800000| Untracked |  0
| 812|0x00000007a5800000, 0x00000007a5a00000, 0x00000007a5a00000|100%| O|  |TAMS 0x00000007a5a00000| PB 0x00000007a5a00000| Untracked |  0
| 813|0x00000007a5a00000, 0x00000007a5c00000, 0x00000007a5c00000|100%| O|  |TAMS 0x00000007a5c00000| PB 0x00000007a5c00000| Untracked |  0
| 814|0x00000007a5c00000, 0x00000007a5e00000, 0x00000007a5e00000|100%| O|  |TAMS 0x00000007a5e00000| PB 0x00000007a5e00000| Untracked |  0
| 815|0x00000007a5e00000, 0x00000007a6000000, 0x00000007a6000000|100%| O|  |TAMS 0x00000007a6000000| PB 0x00000007a6000000| Untracked |  0
| 816|0x00000007a6000000, 0x00000007a6200000, 0x00000007a6200000|100%| O|  |TAMS 0x00000007a6200000| PB 0x00000007a6200000| Untracked |  0
| 817|0x00000007a6200000, 0x00000007a6400000, 0x00000007a6400000|100%| O|  |TAMS 0x00000007a6400000| PB 0x00000007a6400000| Untracked |  0
| 818|0x00000007a6400000, 0x00000007a6600000, 0x00000007a6600000|100%| O|  |TAMS 0x00000007a6600000| PB 0x00000007a6600000| Untracked |  0
| 819|0x00000007a6600000, 0x00000007a6800000, 0x00000007a6800000|100%| O|  |TAMS 0x00000007a6800000| PB 0x00000007a6800000| Untracked |  0
| 820|0x00000007a6800000, 0x00000007a6a00000, 0x00000007a6a00000|100%| O|  |TAMS 0x00000007a6a00000| PB 0x00000007a6a00000| Untracked |  0
| 821|0x00000007a6a00000, 0x00000007a6c00000, 0x00000007a6c00000|100%| O|  |TAMS 0x00000007a6c00000| PB 0x00000007a6c00000| Untracked |  0
| 822|0x00000007a6c00000, 0x00000007a6e00000, 0x00000007a6e00000|100%| O|  |TAMS 0x00000007a6e00000| PB 0x00000007a6e00000| Untracked |  0
| 823|0x00000007a6e00000, 0x00000007a7000000, 0x00000007a7000000|100%| O|  |TAMS 0x00000007a7000000| PB 0x00000007a7000000| Untracked |  0
| 824|0x00000007a7000000, 0x00000007a7200000, 0x00000007a7200000|100%| O|  |TAMS 0x00000007a7200000| PB 0x00000007a7200000| Untracked |  0
| 825|0x00000007a7200000, 0x00000007a7400000, 0x00000007a7400000|100%| O|  |TAMS 0x00000007a7400000| PB 0x00000007a7400000| Untracked |  0
| 826|0x00000007a7400000, 0x00000007a7600000, 0x00000007a7600000|100%| O|  |TAMS 0x00000007a7600000| PB 0x00000007a7600000| Untracked |  0
| 827|0x00000007a7600000, 0x00000007a7800000, 0x00000007a7800000|100%| O|  |TAMS 0x00000007a7800000| PB 0x00000007a7800000| Untracked |  0
| 828|0x00000007a7800000, 0x00000007a7a00000, 0x00000007a7a00000|100%| O|  |TAMS 0x00000007a7a00000| PB 0x00000007a7a00000| Untracked |  0
| 829|0x00000007a7a00000, 0x00000007a7c00000, 0x00000007a7c00000|100%| O|  |TAMS 0x00000007a7c00000| PB 0x00000007a7c00000| Untracked |  0
| 830|0x00000007a7c00000, 0x00000007a7e00000, 0x00000007a7e00000|100%| O|  |TAMS 0x00000007a7e00000| PB 0x00000007a7e00000| Untracked |  0
| 831|0x00000007a7e00000, 0x00000007a8000000, 0x00000007a8000000|100%| O|  |TAMS 0x00000007a8000000| PB 0x00000007a8000000| Untracked |  0
| 832|0x00000007a8000000, 0x00000007a8200000, 0x00000007a8200000|100%| O|  |TAMS 0x00000007a8200000| PB 0x00000007a8200000| Untracked |  0
| 833|0x00000007a8200000, 0x00000007a8400000, 0x00000007a8400000|100%| O|  |TAMS 0x00000007a8400000| PB 0x00000007a8400000| Untracked |  0
| 834|0x00000007a8400000, 0x00000007a8600000, 0x00000007a8600000|100%| O|  |TAMS 0x00000007a8600000| PB 0x00000007a8600000| Untracked |  0
| 835|0x00000007a8600000, 0x00000007a8800000, 0x00000007a8800000|100%| O|  |TAMS 0x00000007a8800000| PB 0x00000007a8800000| Untracked |  0
| 836|0x00000007a8800000, 0x00000007a8a00000, 0x00000007a8a00000|100%| O|  |TAMS 0x00000007a8a00000| PB 0x00000007a8a00000| Untracked |  0
| 837|0x00000007a8a00000, 0x00000007a8c00000, 0x00000007a8c00000|100%| O|  |TAMS 0x00000007a8c00000| PB 0x00000007a8c00000| Untracked |  0
| 838|0x00000007a8c00000, 0x00000007a8e00000, 0x00000007a8e00000|100%| O|  |TAMS 0x00000007a8e00000| PB 0x00000007a8e00000| Untracked |  0
| 839|0x00000007a8e00000, 0x00000007a9000000, 0x00000007a9000000|100%| O|  |TAMS 0x00000007a9000000| PB 0x00000007a9000000| Untracked |  0
| 840|0x00000007a9000000, 0x00000007a9200000, 0x00000007a9200000|100%| O|  |TAMS 0x00000007a9200000| PB 0x00000007a9200000| Untracked |  0
| 841|0x00000007a9200000, 0x00000007a9400000, 0x00000007a9400000|100%| O|  |TAMS 0x00000007a9400000| PB 0x00000007a9400000| Untracked |  0
| 842|0x00000007a9400000, 0x00000007a9600000, 0x00000007a9600000|100%| O|  |TAMS 0x00000007a9600000| PB 0x00000007a9600000| Untracked |  0
| 843|0x00000007a9600000, 0x00000007a9800000, 0x00000007a9800000|100%| O|  |TAMS 0x00000007a9800000| PB 0x00000007a9800000| Untracked |  0
| 844|0x00000007a9800000, 0x00000007a9a00000, 0x00000007a9a00000|100%| O|  |TAMS 0x00000007a9a00000| PB 0x00000007a9a00000| Untracked |  0
| 845|0x00000007a9a00000, 0x00000007a9c00000, 0x00000007a9c00000|100%| O|  |TAMS 0x00000007a9c00000| PB 0x00000007a9c00000| Untracked |  0
| 846|0x00000007a9c00000, 0x00000007a9e00000, 0x00000007a9e00000|100%| O|  |TAMS 0x00000007a9e00000| PB 0x00000007a9e00000| Untracked |  0
| 847|0x00000007a9e00000, 0x00000007aa000000, 0x00000007aa000000|100%| O|  |TAMS 0x00000007aa000000| PB 0x00000007aa000000| Untracked |  0
| 848|0x00000007aa000000, 0x00000007aa200000, 0x00000007aa200000|100%| O|  |TAMS 0x00000007aa200000| PB 0x00000007aa200000| Untracked |  0
| 849|0x00000007aa200000, 0x00000007aa400000, 0x00000007aa400000|100%| O|  |TAMS 0x00000007aa400000| PB 0x00000007aa400000| Untracked |  0
| 850|0x00000007aa400000, 0x00000007aa600000, 0x00000007aa600000|100%| O|  |TAMS 0x00000007aa600000| PB 0x00000007aa600000| Untracked |  0
| 851|0x00000007aa600000, 0x00000007aa800000, 0x00000007aa800000|100%| O|  |TAMS 0x00000007aa800000| PB 0x00000007aa800000| Untracked |  0
| 852|0x00000007aa800000, 0x00000007aaa00000, 0x00000007aaa00000|100%| O|  |TAMS 0x00000007aaa00000| PB 0x00000007aaa00000| Untracked |  0
| 853|0x00000007aaa00000, 0x00000007aac00000, 0x00000007aac00000|100%| O|  |TAMS 0x00000007aac00000| PB 0x00000007aac00000| Untracked |  0
| 854|0x00000007aac00000, 0x00000007aae00000, 0x00000007aae00000|100%| O|  |TAMS 0x00000007aae00000| PB 0x00000007aae00000| Untracked |  0
| 855|0x00000007aae00000, 0x00000007ab000000, 0x00000007ab000000|100%| O|  |TAMS 0x00000007ab000000| PB 0x00000007ab000000| Untracked |  0
| 856|0x00000007ab000000, 0x00000007ab200000, 0x00000007ab200000|100%| O|  |TAMS 0x00000007ab200000| PB 0x00000007ab200000| Untracked |  0
| 857|0x00000007ab200000, 0x00000007ab400000, 0x00000007ab400000|100%| O|  |TAMS 0x00000007ab400000| PB 0x00000007ab400000| Untracked |  0
| 858|0x00000007ab400000, 0x00000007ab600000, 0x00000007ab600000|100%| O|  |TAMS 0x00000007ab600000| PB 0x00000007ab600000| Untracked |  0
| 859|0x00000007ab600000, 0x00000007ab800000, 0x00000007ab800000|100%| O|  |TAMS 0x00000007ab800000| PB 0x00000007ab800000| Untracked |  0
| 860|0x00000007ab800000, 0x00000007aba00000, 0x00000007aba00000|100%| O|  |TAMS 0x00000007aba00000| PB 0x00000007aba00000| Untracked |  0
| 861|0x00000007aba00000, 0x00000007abc00000, 0x00000007abc00000|100%| O|  |TAMS 0x00000007abc00000| PB 0x00000007abc00000| Untracked |  0
| 862|0x00000007abc00000, 0x00000007abe00000, 0x00000007abe00000|100%| O|  |TAMS 0x00000007abe00000| PB 0x00000007abe00000| Untracked |  0
| 863|0x00000007abe00000, 0x00000007ac000000, 0x00000007ac000000|100%| O|  |TAMS 0x00000007ac000000| PB 0x00000007ac000000| Untracked |  0
| 864|0x00000007ac000000, 0x00000007ac200000, 0x00000007ac200000|100%| O|  |TAMS 0x00000007ac200000| PB 0x00000007ac200000| Untracked |  0
| 865|0x00000007ac200000, 0x00000007ac400000, 0x00000007ac400000|100%| O|  |TAMS 0x00000007ac400000| PB 0x00000007ac400000| Untracked |  0
| 866|0x00000007ac400000, 0x00000007ac600000, 0x00000007ac600000|100%| O|  |TAMS 0x00000007ac600000| PB 0x00000007ac600000| Untracked |  0
| 867|0x00000007ac600000, 0x00000007ac800000, 0x00000007ac800000|100%| O|  |TAMS 0x00000007ac800000| PB 0x00000007ac800000| Untracked |  0
| 868|0x00000007ac800000, 0x00000007aca00000, 0x00000007aca00000|100%| O|  |TAMS 0x00000007aca00000| PB 0x00000007aca00000| Untracked |  0
| 869|0x00000007aca00000, 0x00000007acc00000, 0x00000007acc00000|100%| O|  |TAMS 0x00000007acc00000| PB 0x00000007acc00000| Untracked |  0
| 870|0x00000007acc00000, 0x00000007ace00000, 0x00000007ace00000|100%| O|  |TAMS 0x00000007ace00000| PB 0x00000007ace00000| Untracked |  0
| 871|0x00000007ace00000, 0x00000007ad000000, 0x00000007ad000000|100%| O|  |TAMS 0x00000007ad000000| PB 0x00000007ad000000| Untracked |  0
| 872|0x00000007ad000000, 0x00000007ad200000, 0x00000007ad200000|100%| O|  |TAMS 0x00000007ad200000| PB 0x00000007ad200000| Untracked |  0
| 873|0x00000007ad200000, 0x00000007ad400000, 0x00000007ad400000|100%| O|  |TAMS 0x00000007ad400000| PB 0x00000007ad400000| Untracked |  0
| 874|0x00000007ad400000, 0x00000007ad600000, 0x00000007ad600000|100%| O|  |TAMS 0x00000007ad600000| PB 0x00000007ad600000| Untracked |  0
| 875|0x00000007ad600000, 0x00000007ad800000, 0x00000007ad800000|100%| O|  |TAMS 0x00000007ad800000| PB 0x00000007ad800000| Untracked |  0
| 876|0x00000007ad800000, 0x00000007ada00000, 0x00000007ada00000|100%| O|  |TAMS 0x00000007ada00000| PB 0x00000007ada00000| Untracked |  0
| 877|0x00000007ada00000, 0x00000007adc00000, 0x00000007adc00000|100%| O|  |TAMS 0x00000007adc00000| PB 0x00000007adc00000| Untracked |  0
| 878|0x00000007adc00000, 0x00000007ade00000, 0x00000007ade00000|100%| O|  |TAMS 0x00000007ade00000| PB 0x00000007ade00000| Untracked |  0
| 879|0x00000007ade00000, 0x00000007ae000000, 0x00000007ae000000|100%| O|  |TAMS 0x00000007ae000000| PB 0x00000007ae000000| Untracked |  0
| 880|0x00000007ae000000, 0x00000007ae200000, 0x00000007ae200000|100%| O|  |TAMS 0x00000007ae200000| PB 0x00000007ae200000| Untracked |  0
| 881|0x00000007ae200000, 0x00000007ae400000, 0x00000007ae400000|100%| O|  |TAMS 0x00000007ae400000| PB 0x00000007ae400000| Untracked |  0
| 882|0x00000007ae400000, 0x00000007ae600000, 0x00000007ae600000|100%| O|  |TAMS 0x00000007ae600000| PB 0x00000007ae600000| Untracked |  0
| 883|0x00000007ae600000, 0x00000007ae800000, 0x00000007ae800000|100%| O|  |TAMS 0x00000007ae800000| PB 0x00000007ae800000| Untracked |  0
| 884|0x00000007ae800000, 0x00000007aea00000, 0x00000007aea00000|100%| O|  |TAMS 0x00000007aea00000| PB 0x00000007aea00000| Untracked |  0
| 885|0x00000007aea00000, 0x00000007aec00000, 0x00000007aec00000|100%| O|  |TAMS 0x00000007aec00000| PB 0x00000007aec00000| Untracked |  0
| 886|0x00000007aec00000, 0x00000007aee00000, 0x00000007aee00000|100%| O|  |TAMS 0x00000007aee00000| PB 0x00000007aee00000| Untracked |  0
| 887|0x00000007aee00000, 0x00000007af000000, 0x00000007af000000|100%| O|  |TAMS 0x00000007af000000| PB 0x00000007af000000| Untracked |  0
| 888|0x00000007af000000, 0x00000007af200000, 0x00000007af200000|100%| O|  |TAMS 0x00000007af200000| PB 0x00000007af200000| Untracked |  0
| 889|0x00000007af200000, 0x00000007af400000, 0x00000007af400000|100%| O|  |TAMS 0x00000007af400000| PB 0x00000007af400000| Untracked |  0
| 890|0x00000007af400000, 0x00000007af600000, 0x00000007af600000|100%| O|  |TAMS 0x00000007af600000| PB 0x00000007af600000| Untracked |  0
| 891|0x00000007af600000, 0x00000007af800000, 0x00000007af800000|100%| O|  |TAMS 0x00000007af800000| PB 0x00000007af800000| Untracked |  0
| 892|0x00000007af800000, 0x00000007afa00000, 0x00000007afa00000|100%| O|  |TAMS 0x00000007afa00000| PB 0x00000007afa00000| Untracked |  0
| 893|0x00000007afa00000, 0x00000007afc00000, 0x00000007afc00000|100%| O|  |TAMS 0x00000007afc00000| PB 0x00000007afc00000| Untracked |  0
| 894|0x00000007afc00000, 0x00000007afe00000, 0x00000007afe00000|100%| O|  |TAMS 0x00000007afe00000| PB 0x00000007afe00000| Untracked |  0
| 895|0x00000007afe00000, 0x00000007b0000000, 0x00000007b0000000|100%| O|  |TAMS 0x00000007b0000000| PB 0x00000007b0000000| Untracked |  0
| 896|0x00000007b0000000, 0x00000007b0200000, 0x00000007b0200000|100%| O|  |TAMS 0x00000007b0200000| PB 0x00000007b0200000| Untracked |  0
| 897|0x00000007b0200000, 0x00000007b0400000, 0x00000007b0400000|100%| O|  |TAMS 0x00000007b0400000| PB 0x00000007b0400000| Untracked |  0
| 898|0x00000007b0400000, 0x00000007b0600000, 0x00000007b0600000|100%| O|  |TAMS 0x00000007b0600000| PB 0x00000007b0600000| Untracked |  0
| 899|0x00000007b0600000, 0x00000007b0800000, 0x00000007b0800000|100%| O|  |TAMS 0x00000007b0800000| PB 0x00000007b0800000| Untracked |  0
| 900|0x00000007b0800000, 0x00000007b0a00000, 0x00000007b0a00000|100%| O|  |TAMS 0x00000007b0a00000| PB 0x00000007b0a00000| Untracked |  0
| 901|0x00000007b0a00000, 0x00000007b0c00000, 0x00000007b0c00000|100%| O|  |TAMS 0x00000007b0c00000| PB 0x00000007b0c00000| Untracked |  0
| 902|0x00000007b0c00000, 0x00000007b0e00000, 0x00000007b0e00000|100%| O|  |TAMS 0x00000007b0e00000| PB 0x00000007b0e00000| Untracked |  0
| 903|0x00000007b0e00000, 0x00000007b1000000, 0x00000007b1000000|100%| O|  |TAMS 0x00000007b1000000| PB 0x00000007b1000000| Untracked |  0
| 904|0x00000007b1000000, 0x00000007b1200000, 0x00000007b1200000|100%| O|  |TAMS 0x00000007b1200000| PB 0x00000007b1200000| Untracked |  0
| 905|0x00000007b1200000, 0x00000007b1400000, 0x00000007b1400000|100%| O|  |TAMS 0x00000007b1400000| PB 0x00000007b1400000| Untracked |  0
| 906|0x00000007b1400000, 0x00000007b1400000, 0x00000007b1600000|  0%| F|  |TAMS 0x00000007b1400000| PB 0x00000007b1400000| Untracked |  0
| 907|0x00000007b1600000, 0x00000007b1600000, 0x00000007b1800000|  0%| F|  |TAMS 0x00000007b1600000| PB 0x00000007b1600000| Untracked |  0
| 908|0x00000007b1800000, 0x00000007b1800000, 0x00000007b1a00000|  0%| F|  |TAMS 0x00000007b1800000| PB 0x00000007b1800000| Untracked |  0
| 909|0x00000007b1a00000, 0x00000007b1a00000, 0x00000007b1c00000|  0%| F|  |TAMS 0x00000007b1a00000| PB 0x00000007b1a00000| Untracked |  0
| 910|0x00000007b1c00000, 0x00000007b1c00000, 0x00000007b1e00000|  0%| F|  |TAMS 0x00000007b1c00000| PB 0x00000007b1c00000| Untracked |  0
| 911|0x00000007b1e00000, 0x00000007b1e00000, 0x00000007b2000000|  0%| F|  |TAMS 0x00000007b1e00000| PB 0x00000007b1e00000| Untracked |  0
| 912|0x00000007b2000000, 0x00000007b2000000, 0x00000007b2200000|  0%| F|  |TAMS 0x00000007b2000000| PB 0x00000007b2000000| Untracked |  0
| 913|0x00000007b2200000, 0x00000007b2200000, 0x00000007b2400000|  0%| F|  |TAMS 0x00000007b2200000| PB 0x00000007b2200000| Untracked |  0
| 914|0x00000007b2400000, 0x00000007b2400000, 0x00000007b2600000|  0%| F|  |TAMS 0x00000007b2400000| PB 0x00000007b2400000| Untracked |  0
| 915|0x00000007b2600000, 0x00000007b2600000, 0x00000007b2800000|  0%| F|  |TAMS 0x00000007b2600000| PB 0x00000007b2600000| Untracked |  0
| 916|0x00000007b2800000, 0x00000007b2800000, 0x00000007b2a00000|  0%| F|  |TAMS 0x00000007b2800000| PB 0x00000007b2800000| Untracked |  0
| 917|0x00000007b2a00000, 0x00000007b2a00000, 0x00000007b2c00000|  0%| F|  |TAMS 0x00000007b2a00000| PB 0x00000007b2a00000| Untracked |  0
| 918|0x00000007b2c00000, 0x00000007b2c00000, 0x00000007b2e00000|  0%| F|  |TAMS 0x00000007b2c00000| PB 0x00000007b2c00000| Untracked |  0
| 919|0x00000007b2e00000, 0x00000007b2e00000, 0x00000007b3000000|  0%| F|  |TAMS 0x00000007b2e00000| PB 0x00000007b2e00000| Untracked |  0
| 920|0x00000007b3000000, 0x00000007b3000000, 0x00000007b3200000|  0%| F|  |TAMS 0x00000007b3000000| PB 0x00000007b3000000| Untracked |  0
| 921|0x00000007b3200000, 0x00000007b3200000, 0x00000007b3400000|  0%| F|  |TAMS 0x00000007b3200000| PB 0x00000007b3200000| Untracked |  0
| 922|0x00000007b3400000, 0x00000007b3400000, 0x00000007b3600000|  0%| F|  |TAMS 0x00000007b3400000| PB 0x00000007b3400000| Untracked |  0
| 923|0x00000007b3600000, 0x00000007b3600000, 0x00000007b3800000|  0%| F|  |TAMS 0x00000007b3600000| PB 0x00000007b3600000| Untracked |  0
| 924|0x00000007b3800000, 0x00000007b3800000, 0x00000007b3a00000|  0%| F|  |TAMS 0x00000007b3800000| PB 0x00000007b3800000| Untracked |  0
| 925|0x00000007b3a00000, 0x00000007b3a00000, 0x00000007b3c00000|  0%| F|  |TAMS 0x00000007b3a00000| PB 0x00000007b3a00000| Untracked |  0
| 926|0x00000007b3c00000, 0x00000007b3c00000, 0x00000007b3e00000|  0%| F|  |TAMS 0x00000007b3c00000| PB 0x00000007b3c00000| Untracked |  0
| 927|0x00000007b3e00000, 0x00000007b3e00000, 0x00000007b4000000|  0%| F|  |TAMS 0x00000007b3e00000| PB 0x00000007b3e00000| Untracked |  0
| 928|0x00000007b4000000, 0x00000007b4000000, 0x00000007b4200000|  0%| F|  |TAMS 0x00000007b4000000| PB 0x00000007b4000000| Untracked |  0
| 929|0x00000007b4200000, 0x00000007b4200000, 0x00000007b4400000|  0%| F|  |TAMS 0x00000007b4200000| PB 0x00000007b4200000| Untracked |  0
| 930|0x00000007b4400000, 0x00000007b4400000, 0x00000007b4600000|  0%| F|  |TAMS 0x00000007b4400000| PB 0x00000007b4400000| Untracked |  0
| 931|0x00000007b4600000, 0x00000007b4600000, 0x00000007b4800000|  0%| F|  |TAMS 0x00000007b4600000| PB 0x00000007b4600000| Untracked |  0
| 932|0x00000007b4800000, 0x00000007b4800000, 0x00000007b4a00000|  0%| F|  |TAMS 0x00000007b4800000| PB 0x00000007b4800000| Untracked |  0
| 933|0x00000007b4a00000, 0x00000007b4a00000, 0x00000007b4c00000|  0%| F|  |TAMS 0x00000007b4a00000| PB 0x00000007b4a00000| Untracked |  0
| 934|0x00000007b4c00000, 0x00000007b4c00000, 0x00000007b4e00000|  0%| F|  |TAMS 0x00000007b4c00000| PB 0x00000007b4c00000| Untracked |  0
| 935|0x00000007b4e00000, 0x00000007b4e00000, 0x00000007b5000000|  0%| F|  |TAMS 0x00000007b4e00000| PB 0x00000007b4e00000| Untracked |  0
| 936|0x00000007b5000000, 0x00000007b5200000, 0x00000007b5200000|100%| O|  |TAMS 0x00000007b5000000| PB 0x00000007b5000000| Untracked |  0
| 937|0x00000007b5200000, 0x00000007b5400000, 0x00000007b5400000|100%| O|  |TAMS 0x00000007b5200000| PB 0x00000007b5200000| Untracked |  0
| 938|0x00000007b5400000, 0x00000007b5600000, 0x00000007b5600000|100%| O|  |TAMS 0x00000007b5400000| PB 0x00000007b5400000| Untracked |  0
| 939|0x00000007b5600000, 0x00000007b5800000, 0x00000007b5800000|100%| O|  |TAMS 0x00000007b5600000| PB 0x00000007b5600000| Untracked |  0
| 940|0x00000007b5800000, 0x00000007b5a00000, 0x00000007b5a00000|100%| O|  |TAMS 0x00000007b5800000| PB 0x00000007b5800000| Untracked |  0
| 941|0x00000007b5a00000, 0x00000007b5c00000, 0x00000007b5c00000|100%| O|  |TAMS 0x00000007b5a00000| PB 0x00000007b5a00000| Untracked |  0
| 942|0x00000007b5c00000, 0x00000007b5e00000, 0x00000007b5e00000|100%| O|  |TAMS 0x00000007b5c00000| PB 0x00000007b5c00000| Untracked |  0
| 943|0x00000007b5e00000, 0x00000007b6000000, 0x00000007b6000000|100%| O|  |TAMS 0x00000007b5e00000| PB 0x00000007b5e00000| Untracked |  0
| 944|0x00000007b6000000, 0x00000007b6200000, 0x00000007b6200000|100%| O|  |TAMS 0x00000007b6000000| PB 0x00000007b6000000| Untracked |  0
| 945|0x00000007b6200000, 0x00000007b6400000, 0x00000007b6400000|100%| O|  |TAMS 0x00000007b6200000| PB 0x00000007b6200000| Untracked |  0
| 946|0x00000007b6400000, 0x00000007b6600000, 0x00000007b6600000|100%| O|  |TAMS 0x00000007b6400000| PB 0x00000007b6400000| Untracked |  0
| 947|0x00000007b6600000, 0x00000007b6800000, 0x00000007b6800000|100%| O|  |TAMS 0x00000007b6600000| PB 0x00000007b6600000| Untracked |  0
| 948|0x00000007b6800000, 0x00000007b6a00000, 0x00000007b6a00000|100%| O|  |TAMS 0x00000007b6800000| PB 0x00000007b6800000| Untracked |  0
| 949|0x00000007b6a00000, 0x00000007b6c00000, 0x00000007b6c00000|100%| O|  |TAMS 0x00000007b6a00000| PB 0x00000007b6a00000| Untracked |  0
| 950|0x00000007b6c00000, 0x00000007b6e00000, 0x00000007b6e00000|100%| O|  |TAMS 0x00000007b6c00000| PB 0x00000007b6c00000| Untracked |  0
| 951|0x00000007b6e00000, 0x00000007b7000000, 0x00000007b7000000|100%| O|  |TAMS 0x00000007b6e00000| PB 0x00000007b6e00000| Untracked |  0
| 952|0x00000007b7000000, 0x00000007b7200000, 0x00000007b7200000|100%| O|  |TAMS 0x00000007b7000000| PB 0x00000007b7000000| Untracked |  0
| 953|0x00000007b7200000, 0x00000007b7400000, 0x00000007b7400000|100%| O|  |TAMS 0x00000007b7200000| PB 0x00000007b7200000| Untracked |  0
| 954|0x00000007b7400000, 0x00000007b7600000, 0x00000007b7600000|100%| O|  |TAMS 0x00000007b7400000| PB 0x00000007b7400000| Untracked |  0
| 955|0x00000007b7600000, 0x00000007b7800000, 0x00000007b7800000|100%| O|  |TAMS 0x00000007b7600000| PB 0x00000007b7600000| Untracked |  0
| 956|0x00000007b7800000, 0x00000007b7a00000, 0x00000007b7a00000|100%| O|  |TAMS 0x00000007b7800000| PB 0x00000007b7800000| Untracked |  0
| 957|0x00000007b7a00000, 0x00000007b7c00000, 0x00000007b7c00000|100%| O|  |TAMS 0x00000007b7a00000| PB 0x00000007b7a00000| Untracked |  0
| 958|0x00000007b7c00000, 0x00000007b7e00000, 0x00000007b7e00000|100%| O|  |TAMS 0x00000007b7c00000| PB 0x00000007b7c00000| Untracked |  0
| 959|0x00000007b7e00000, 0x00000007b8000000, 0x00000007b8000000|100%| O|  |TAMS 0x00000007b7e00000| PB 0x00000007b7e00000| Untracked |  0
| 960|0x00000007b8000000, 0x00000007b8200000, 0x00000007b8200000|100%| O|  |TAMS 0x00000007b8000000| PB 0x00000007b8000000| Untracked |  0
| 961|0x00000007b8200000, 0x00000007b8400000, 0x00000007b8400000|100%| O|  |TAMS 0x00000007b8200000| PB 0x00000007b8200000| Untracked |  0
| 962|0x00000007b8400000, 0x00000007b8600000, 0x00000007b8600000|100%| O|  |TAMS 0x00000007b8400000| PB 0x00000007b8400000| Untracked |  0
| 963|0x00000007b8600000, 0x00000007b8800000, 0x00000007b8800000|100%| O|  |TAMS 0x00000007b8600000| PB 0x00000007b8600000| Untracked |  0
| 964|0x00000007b8800000, 0x00000007b8a00000, 0x00000007b8a00000|100%| O|  |TAMS 0x00000007b8800000| PB 0x00000007b8800000| Untracked |  0
| 965|0x00000007b8a00000, 0x00000007b8c00000, 0x00000007b8c00000|100%| O|  |TAMS 0x00000007b8a00000| PB 0x00000007b8a00000| Untracked |  0
| 966|0x00000007b8c00000, 0x00000007b8e00000, 0x00000007b8e00000|100%| O|  |TAMS 0x00000007b8c00000| PB 0x00000007b8c00000| Untracked |  0
| 967|0x00000007b8e00000, 0x00000007b9000000, 0x00000007b9000000|100%| O|  |TAMS 0x00000007b8e00000| PB 0x00000007b8e00000| Untracked |  0
| 968|0x00000007b9000000, 0x00000007b9200000, 0x00000007b9200000|100%| O|  |TAMS 0x00000007b9000000| PB 0x00000007b9000000| Untracked |  0
| 969|0x00000007b9200000, 0x00000007b9400000, 0x00000007b9400000|100%| O|  |TAMS 0x00000007b9200000| PB 0x00000007b9200000| Untracked |  0
| 970|0x00000007b9400000, 0x00000007b9600000, 0x00000007b9600000|100%| O|  |TAMS 0x00000007b9400000| PB 0x00000007b9400000| Untracked |  0
| 971|0x00000007b9600000, 0x00000007b9800000, 0x00000007b9800000|100%| O|  |TAMS 0x00000007b9600000| PB 0x00000007b9600000| Untracked |  0
| 972|0x00000007b9800000, 0x00000007b9a00000, 0x00000007b9a00000|100%| O|  |TAMS 0x00000007b9800000| PB 0x00000007b9800000| Untracked |  0
| 973|0x00000007b9a00000, 0x00000007b9c00000, 0x00000007b9c00000|100%| O|  |TAMS 0x00000007b9a00000| PB 0x00000007b9a00000| Untracked |  0
| 974|0x00000007b9c00000, 0x00000007b9e00000, 0x00000007b9e00000|100%| O|  |TAMS 0x00000007b9c00000| PB 0x00000007b9c00000| Untracked |  0
| 975|0x00000007b9e00000, 0x00000007ba000000, 0x00000007ba000000|100%| O|  |TAMS 0x00000007b9e00000| PB 0x00000007b9e00000| Untracked |  0
| 976|0x00000007ba000000, 0x00000007ba200000, 0x00000007ba200000|100%| O|  |TAMS 0x00000007ba000000| PB 0x00000007ba000000| Untracked |  0
| 977|0x00000007ba200000, 0x00000007ba400000, 0x00000007ba400000|100%| O|  |TAMS 0x00000007ba200000| PB 0x00000007ba200000| Untracked |  0
| 978|0x00000007ba400000, 0x00000007ba600000, 0x00000007ba600000|100%| O|  |TAMS 0x00000007ba400000| PB 0x00000007ba400000| Untracked |  0
| 979|0x00000007ba600000, 0x00000007ba800000, 0x00000007ba800000|100%| O|  |TAMS 0x00000007ba600000| PB 0x00000007ba600000| Untracked |  0
| 980|0x00000007ba800000, 0x00000007baa00000, 0x00000007baa00000|100%| O|  |TAMS 0x00000007ba800000| PB 0x00000007ba800000| Untracked |  0
| 981|0x00000007baa00000, 0x00000007bac00000, 0x00000007bac00000|100%| O|  |TAMS 0x00000007baa00000| PB 0x00000007baa00000| Untracked |  0
| 982|0x00000007bac00000, 0x00000007bae00000, 0x00000007bae00000|100%| O|  |TAMS 0x00000007bac00000| PB 0x00000007bac00000| Untracked |  0
| 983|0x00000007bae00000, 0x00000007bb000000, 0x00000007bb000000|100%| O|  |TAMS 0x00000007bae00000| PB 0x00000007bae00000| Untracked |  0
| 984|0x00000007bb000000, 0x00000007bb200000, 0x00000007bb200000|100%| O|  |TAMS 0x00000007bb000000| PB 0x00000007bb000000| Untracked |  0
| 985|0x00000007bb200000, 0x00000007bb400000, 0x00000007bb400000|100%| O|  |TAMS 0x00000007bb200000| PB 0x00000007bb200000| Untracked |  0
| 986|0x00000007bb400000, 0x00000007bb600000, 0x00000007bb600000|100%| O|  |TAMS 0x00000007bb400000| PB 0x00000007bb400000| Untracked |  0
| 987|0x00000007bb600000, 0x00000007bb800000, 0x00000007bb800000|100%| O|  |TAMS 0x00000007bb600000| PB 0x00000007bb600000| Untracked |  0
| 988|0x00000007bb800000, 0x00000007bba00000, 0x00000007bba00000|100%| O|  |TAMS 0x00000007bb800000| PB 0x00000007bb800000| Untracked |  0
| 989|0x00000007bba00000, 0x00000007bbc00000, 0x00000007bbc00000|100%| O|  |TAMS 0x00000007bba00000| PB 0x00000007bba00000| Untracked |  0
| 990|0x00000007bbc00000, 0x00000007bbe00000, 0x00000007bbe00000|100%| O|  |TAMS 0x00000007bbc00000| PB 0x00000007bbc00000| Untracked |  0
| 991|0x00000007bbe00000, 0x00000007bc000000, 0x00000007bc000000|100%| O|  |TAMS 0x00000007bbe00000| PB 0x00000007bbe00000| Untracked |  0
| 992|0x00000007bc000000, 0x00000007bc200000, 0x00000007bc200000|100%| O|  |TAMS 0x00000007bc000000| PB 0x00000007bc000000| Untracked |  0
| 993|0x00000007bc200000, 0x00000007bc400000, 0x00000007bc400000|100%| O|  |TAMS 0x00000007bc200000| PB 0x00000007bc200000| Untracked |  0
| 994|0x00000007bc400000, 0x00000007bc600000, 0x00000007bc600000|100%| O|  |TAMS 0x00000007bc400000| PB 0x00000007bc400000| Untracked |  0
| 995|0x00000007bc600000, 0x00000007bc800000, 0x00000007bc800000|100%| O|  |TAMS 0x00000007bc600000| PB 0x00000007bc600000| Untracked |  0
| 996|0x00000007bc800000, 0x00000007bca00000, 0x00000007bca00000|100%| O|  |TAMS 0x00000007bc800000| PB 0x00000007bc800000| Untracked |  0
| 997|0x00000007bca00000, 0x00000007bcc00000, 0x00000007bcc00000|100%| O|  |TAMS 0x00000007bca00000| PB 0x00000007bca00000| Untracked |  0
| 998|0x00000007bcc00000, 0x00000007bce00000, 0x00000007bce00000|100%| O|  |TAMS 0x00000007bcc00000| PB 0x00000007bcc00000| Untracked |  0
| 999|0x00000007bce00000, 0x00000007bd000000, 0x00000007bd000000|100%| O|  |TAMS 0x00000007bce00000| PB 0x00000007bce00000| Untracked |  0
|1000|0x00000007bd000000, 0x00000007bd200000, 0x00000007bd200000|100%| O|  |TAMS 0x00000007bd000000| PB 0x00000007bd000000| Untracked |  0
|1001|0x00000007bd200000, 0x00000007bd400000, 0x00000007bd400000|100%| O|  |TAMS 0x00000007bd200000| PB 0x00000007bd200000| Untracked |  0
|1002|0x00000007bd400000, 0x00000007bd600000, 0x00000007bd600000|100%| O|  |TAMS 0x00000007bd400000| PB 0x00000007bd400000| Untracked |  0
|1003|0x00000007bd600000, 0x00000007bd800000, 0x00000007bd800000|100%| O|  |TAMS 0x00000007bd600000| PB 0x00000007bd600000| Untracked |  0
|1004|0x00000007bd800000, 0x00000007bda00000, 0x00000007bda00000|100%| O|  |TAMS 0x00000007bd800000| PB 0x00000007bd800000| Untracked |  0
|1005|0x00000007bda00000, 0x00000007bdc00000, 0x00000007bdc00000|100%| O|  |TAMS 0x00000007bda00000| PB 0x00000007bda00000| Untracked |  0
|1006|0x00000007bdc00000, 0x00000007bde00000, 0x00000007bde00000|100%| O|  |TAMS 0x00000007bdc00000| PB 0x00000007bdc00000| Untracked |  0
|1007|0x00000007bde00000, 0x00000007be000000, 0x00000007be000000|100%| O|  |TAMS 0x00000007bde00000| PB 0x00000007bde00000| Untracked |  0
|1008|0x00000007be000000, 0x00000007be200000, 0x00000007be200000|100%| O|  |TAMS 0x00000007be000000| PB 0x00000007be000000| Untracked |  0
|1009|0x00000007be200000, 0x00000007be400000, 0x00000007be400000|100%| O|  |TAMS 0x00000007be200000| PB 0x00000007be200000| Untracked |  0
|1010|0x00000007be400000, 0x00000007be600000, 0x00000007be600000|100%| O|  |TAMS 0x00000007be400000| PB 0x00000007be400000| Untracked |  0
|1011|0x00000007be600000, 0x00000007be800000, 0x00000007be800000|100%| O|  |TAMS 0x00000007be600000| PB 0x00000007be600000| Untracked |  0
|1012|0x00000007be800000, 0x00000007bea00000, 0x00000007bea00000|100%| O|  |TAMS 0x00000007be800000| PB 0x00000007be800000| Untracked |  0
|1013|0x00000007bea00000, 0x00000007bec00000, 0x00000007bec00000|100%| O|  |TAMS 0x00000007bea00000| PB 0x00000007bea00000| Untracked |  0
|1014|0x00000007bec00000, 0x00000007bee00000, 0x00000007bee00000|100%| O|  |TAMS 0x00000007bec00000| PB 0x00000007bec00000| Untracked |  0
|1015|0x00000007bee00000, 0x00000007bf000000, 0x00000007bf000000|100%| O|  |TAMS 0x00000007bee00000| PB 0x00000007bee00000| Untracked |  0
|1016|0x00000007bf000000, 0x00000007bf200000, 0x00000007bf200000|100%| O|  |TAMS 0x00000007bf000000| PB 0x00000007bf000000| Untracked |  0
|1017|0x00000007bf200000, 0x00000007bf400000, 0x00000007bf400000|100%| O|  |TAMS 0x00000007bf200000| PB 0x00000007bf200000| Untracked |  0
|1018|0x00000007bf400000, 0x00000007bf600000, 0x00000007bf600000|100%| O|  |TAMS 0x00000007bf400000| PB 0x00000007bf400000| Untracked |  0
|1019|0x00000007bf600000, 0x00000007bf800000, 0x00000007bf800000|100%| O|  |TAMS 0x00000007bf600000| PB 0x00000007bf600000| Untracked |  0
|1020|0x00000007bf800000, 0x00000007bfa00000, 0x00000007bfa00000|100%| O|  |TAMS 0x00000007bf800000| PB 0x00000007bf800000| Untracked |  0
|1021|0x00000007bfa00000, 0x00000007bfc00000, 0x00000007bfc00000|100%| O|  |TAMS 0x00000007bfa00000| PB 0x00000007bfa00000| Untracked |  0
|1022|0x00000007bfc00000, 0x00000007bfe00000, 0x00000007bfe00000|100%| O|  |TAMS 0x00000007bfc00000| PB 0x00000007bfc00000| Untracked |  0
|1023|0x00000007bfe00000, 0x00000007c0000000, 0x00000007c0000000|100%| O|  |TAMS 0x00000007bfe00000| PB 0x00000007bfe00000| Untracked |  0
|1024|0x00000007c0000000, 0x00000007c0200000, 0x00000007c0200000|100%| O|  |TAMS 0x00000007c0000000| PB 0x00000007c0000000| Untracked |  0
|1025|0x00000007c0200000, 0x00000007c0400000, 0x00000007c0400000|100%| O|  |TAMS 0x00000007c0200000| PB 0x00000007c0200000| Untracked |  0
|1026|0x00000007c0400000, 0x00000007c0600000, 0x00000007c0600000|100%| O|  |TAMS 0x00000007c0400000| PB 0x00000007c0400000| Untracked |  0
|1027|0x00000007c0600000, 0x00000007c0800000, 0x00000007c0800000|100%| O|  |TAMS 0x00000007c0600000| PB 0x00000007c0600000| Untracked |  0
|1028|0x00000007c0800000, 0x00000007c0a00000, 0x00000007c0a00000|100%| O|  |TAMS 0x00000007c0800000| PB 0x00000007c0800000| Untracked |  0
|1029|0x00000007c0a00000, 0x00000007c0c00000, 0x00000007c0c00000|100%| O|  |TAMS 0x00000007c0a00000| PB 0x00000007c0a00000| Untracked |  0
|1030|0x00000007c0c00000, 0x00000007c0e00000, 0x00000007c0e00000|100%| O|  |TAMS 0x00000007c0c00000| PB 0x00000007c0c00000| Untracked |  0
|1031|0x00000007c0e00000, 0x00000007c1000000, 0x00000007c1000000|100%| O|  |TAMS 0x00000007c0e00000| PB 0x00000007c0e00000| Untracked |  0
|1032|0x00000007c1000000, 0x00000007c1200000, 0x00000007c1200000|100%| O|  |TAMS 0x00000007c1000000| PB 0x00000007c1000000| Untracked |  0
|1033|0x00000007c1200000, 0x00000007c1400000, 0x00000007c1400000|100%| O|  |TAMS 0x00000007c1200000| PB 0x00000007c1200000| Untracked |  0
|1034|0x00000007c1400000, 0x00000007c1500000, 0x00000007c1600000| 50%| O|  |TAMS 0x00000007c1400000| PB 0x00000007c1400000| Untracked |  0
|1035|0x00000007c1600000, 0x00000007c1600000, 0x00000007c1800000|  0%| F|  |TAMS 0x00000007c1600000| PB 0x00000007c1600000| Untracked |  0
|1036|0x00000007c1800000, 0x00000007c1800000, 0x00000007c1a00000|  0%| F|  |TAMS 0x00000007c1800000| PB 0x00000007c1800000| Untracked |  0
|1037|0x00000007c1a00000, 0x00000007c1a00000, 0x00000007c1c00000|  0%| F|  |TAMS 0x00000007c1a00000| PB 0x00000007c1a00000| Untracked |  0
|1038|0x00000007c1c00000, 0x00000007c1c00000, 0x00000007c1e00000|  0%| F|  |TAMS 0x00000007c1c00000| PB 0x00000007c1c00000| Untracked |  0
|1039|0x00000007c1e00000, 0x00000007c1e00000, 0x00000007c2000000|  0%| F|  |TAMS 0x00000007c1e00000| PB 0x00000007c1e00000| Untracked |  0
|1040|0x00000007c2000000, 0x00000007c2000000, 0x00000007c2200000|  0%| F|  |TAMS 0x00000007c2000000| PB 0x00000007c2000000| Untracked |  0
|1041|0x00000007c2200000, 0x00000007c2200000, 0x00000007c2400000|  0%| F|  |TAMS 0x00000007c2200000| PB 0x00000007c2200000| Untracked |  0
|1042|0x00000007c2400000, 0x00000007c2400000, 0x00000007c2600000|  0%| F|  |TAMS 0x00000007c2400000| PB 0x00000007c2400000| Untracked |  0
|1043|0x00000007c2600000, 0x00000007c2600000, 0x00000007c2800000|  0%| F|  |TAMS 0x00000007c2600000| PB 0x00000007c2600000| Untracked |  0
|1044|0x00000007c2800000, 0x00000007c2800000, 0x00000007c2a00000|  0%| F|  |TAMS 0x00000007c2800000| PB 0x00000007c2800000| Untracked |  0
|1045|0x00000007c2a00000, 0x00000007c2a00000, 0x00000007c2c00000|  0%| F|  |TAMS 0x00000007c2a00000| PB 0x00000007c2a00000| Untracked |  0
|1046|0x00000007c2c00000, 0x00000007c2c00000, 0x00000007c2e00000|  0%| F|  |TAMS 0x00000007c2c00000| PB 0x00000007c2c00000| Untracked |  0
|1047|0x00000007c2e00000, 0x00000007c2e00000, 0x00000007c3000000|  0%| F|  |TAMS 0x00000007c2e00000| PB 0x00000007c2e00000| Untracked |  0
|1048|0x00000007c3000000, 0x00000007c3000000, 0x00000007c3200000|  0%| F|  |TAMS 0x00000007c3000000| PB 0x00000007c3000000| Untracked |  0
|1049|0x00000007c3200000, 0x00000007c3200000, 0x00000007c3400000|  0%| F|  |TAMS 0x00000007c3200000| PB 0x00000007c3200000| Untracked |  0
|1050|0x00000007c3400000, 0x00000007c3400000, 0x00000007c3600000|  0%| F|  |TAMS 0x00000007c3400000| PB 0x00000007c3400000| Untracked |  0
|1051|0x00000007c3600000, 0x00000007c3600000, 0x00000007c3800000|  0%| F|  |TAMS 0x00000007c3600000| PB 0x00000007c3600000| Untracked |  0
|1052|0x00000007c3800000, 0x00000007c3800000, 0x00000007c3a00000|  0%| F|  |TAMS 0x00000007c3800000| PB 0x00000007c3800000| Untracked |  0
|1053|0x00000007c3a00000, 0x00000007c3a00000, 0x00000007c3c00000|  0%| F|  |TAMS 0x00000007c3a00000| PB 0x00000007c3a00000| Untracked |  0
|1054|0x00000007c3c00000, 0x00000007c3c00000, 0x00000007c3e00000|  0%| F|  |TAMS 0x00000007c3c00000| PB 0x00000007c3c00000| Untracked |  0
|1055|0x00000007c3e00000, 0x00000007c3e00000, 0x00000007c4000000|  0%| F|  |TAMS 0x00000007c3e00000| PB 0x00000007c3e00000| Untracked |  0
|1056|0x00000007c4000000, 0x00000007c4000000, 0x00000007c4200000|  0%| F|  |TAMS 0x00000007c4000000| PB 0x00000007c4000000| Untracked |  0
|1057|0x00000007c4200000, 0x00000007c4200000, 0x00000007c4400000|  0%| F|  |TAMS 0x00000007c4200000| PB 0x00000007c4200000| Untracked |  0
|1058|0x00000007c4400000, 0x00000007c4400000, 0x00000007c4600000|  0%| F|  |TAMS 0x00000007c4400000| PB 0x00000007c4400000| Untracked |  0
|1059|0x00000007c4600000, 0x00000007c4600000, 0x00000007c4800000|  0%| F|  |TAMS 0x00000007c4600000| PB 0x00000007c4600000| Untracked |  0
|1060|0x00000007c4800000, 0x00000007c4800000, 0x00000007c4a00000|  0%| F|  |TAMS 0x00000007c4800000| PB 0x00000007c4800000| Untracked |  0
|1061|0x00000007c4a00000, 0x00000007c4a00000, 0x00000007c4c00000|  0%| F|  |TAMS 0x00000007c4a00000| PB 0x00000007c4a00000| Untracked |  0
|1062|0x00000007c4c00000, 0x00000007c4c00000, 0x00000007c4e00000|  0%| F|  |TAMS 0x00000007c4c00000| PB 0x00000007c4c00000| Untracked |  0
|1063|0x00000007c4e00000, 0x00000007c4e00000, 0x00000007c5000000|  0%| F|  |TAMS 0x00000007c4e00000| PB 0x00000007c4e00000| Untracked |  0
|1064|0x00000007c5000000, 0x00000007c5000000, 0x00000007c5200000|  0%| F|  |TAMS 0x00000007c5000000| PB 0x00000007c5000000| Untracked |  0
|1065|0x00000007c5200000, 0x00000007c5200000, 0x00000007c5400000|  0%| F|  |TAMS 0x00000007c5200000| PB 0x00000007c5200000| Untracked |  0
|1066|0x00000007c5400000, 0x00000007c5400000, 0x00000007c5600000|  0%| F|  |TAMS 0x00000007c5400000| PB 0x00000007c5400000| Untracked |  0
|1067|0x00000007c5600000, 0x00000007c5600000, 0x00000007c5800000|  0%| F|  |TAMS 0x00000007c5600000| PB 0x00000007c5600000| Untracked |  0
|1068|0x00000007c5800000, 0x00000007c5800000, 0x00000007c5a00000|  0%| F|  |TAMS 0x00000007c5800000| PB 0x00000007c5800000| Untracked |  0
|1069|0x00000007c5a00000, 0x00000007c5a00000, 0x00000007c5c00000|  0%| F|  |TAMS 0x00000007c5a00000| PB 0x00000007c5a00000| Untracked |  0
|1070|0x00000007c5c00000, 0x00000007c5c00000, 0x00000007c5e00000|  0%| F|  |TAMS 0x00000007c5c00000| PB 0x00000007c5c00000| Untracked |  0
|1071|0x00000007c5e00000, 0x00000007c5e00000, 0x00000007c6000000|  0%| F|  |TAMS 0x00000007c5e00000| PB 0x00000007c5e00000| Untracked |  0
|1072|0x00000007c6000000, 0x00000007c6000000, 0x00000007c6200000|  0%| F|  |TAMS 0x00000007c6000000| PB 0x00000007c6000000| Untracked |  0
|1073|0x00000007c6200000, 0x00000007c6200000, 0x00000007c6400000|  0%| F|  |TAMS 0x00000007c6200000| PB 0x00000007c6200000| Untracked |  0
|1074|0x00000007c6400000, 0x00000007c6400000, 0x00000007c6600000|  0%| F|  |TAMS 0x00000007c6400000| PB 0x00000007c6400000| Untracked |  0
|1075|0x00000007c6600000, 0x00000007c6600000, 0x00000007c6800000|  0%| F|  |TAMS 0x00000007c6600000| PB 0x00000007c6600000| Untracked |  0
|1076|0x00000007c6800000, 0x00000007c6800000, 0x00000007c6a00000|  0%| F|  |TAMS 0x00000007c6800000| PB 0x00000007c6800000| Untracked |  0
|1077|0x00000007c6a00000, 0x00000007c6c00000, 0x00000007c6c00000|100%| S|CS|TAMS 0x00000007c6a00000| PB 0x00000007c6a00000| Complete |  0
|1078|0x00000007c6c00000, 0x00000007c6e00000, 0x00000007c6e00000|100%| S|CS|TAMS 0x00000007c6c00000| PB 0x00000007c6c00000| Complete |  0
|1079|0x00000007c6e00000, 0x00000007c7000000, 0x00000007c7000000|100%| S|CS|TAMS 0x00000007c6e00000| PB 0x00000007c6e00000| Complete |  0
|1080|0x00000007c7000000, 0x00000007c7200000, 0x00000007c7200000|100%| S|CS|TAMS 0x00000007c7000000| PB 0x00000007c7000000| Complete |  0
|1081|0x00000007c7200000, 0x00000007c7400000, 0x00000007c7400000|100%| S|CS|TAMS 0x00000007c7200000| PB 0x00000007c7200000| Complete |  0
|1082|0x00000007c7400000, 0x00000007c7600000, 0x00000007c7600000|100%| S|CS|TAMS 0x00000007c7400000| PB 0x00000007c7400000| Complete |  0
|1083|0x00000007c7600000, 0x00000007c7800000, 0x00000007c7800000|100%| S|CS|TAMS 0x00000007c7600000| PB 0x00000007c7600000| Complete |  0
|1084|0x00000007c7800000, 0x00000007c7a00000, 0x00000007c7a00000|100%| S|CS|TAMS 0x00000007c7800000| PB 0x00000007c7800000| Complete |  0
|1085|0x00000007c7a00000, 0x00000007c7c00000, 0x00000007c7c00000|100%| S|CS|TAMS 0x00000007c7a00000| PB 0x00000007c7a00000| Complete |  0
|1086|0x00000007c7c00000, 0x00000007c7e00000, 0x00000007c7e00000|100%| S|CS|TAMS 0x00000007c7c00000| PB 0x00000007c7c00000| Complete |  0
|1087|0x00000007c7e00000, 0x00000007c8000000, 0x00000007c8000000|100%| S|CS|TAMS 0x00000007c7e00000| PB 0x00000007c7e00000| Complete |  0
|1088|0x00000007c8000000, 0x00000007c8200000, 0x00000007c8200000|100%| S|CS|TAMS 0x00000007c8000000| PB 0x00000007c8000000| Complete |  0
|1089|0x00000007c8200000, 0x00000007c8400000, 0x00000007c8400000|100%| S|CS|TAMS 0x00000007c8200000| PB 0x00000007c8200000| Complete |  0
|1090|0x00000007c8400000, 0x00000007c8600000, 0x00000007c8600000|100%| S|CS|TAMS 0x00000007c8400000| PB 0x00000007c8400000| Complete |  0
|1091|0x00000007c8600000, 0x00000007c8800000, 0x00000007c8800000|100%| S|CS|TAMS 0x00000007c8600000| PB 0x00000007c8600000| Complete |  0
|1092|0x00000007c8800000, 0x00000007c8800000, 0x00000007c8a00000|  0%| F|  |TAMS 0x00000007c8800000| PB 0x00000007c8800000| Untracked |  0
|1093|0x00000007c8a00000, 0x00000007c8a00000, 0x00000007c8c00000|  0%| F|  |TAMS 0x00000007c8a00000| PB 0x00000007c8a00000| Untracked |  0
|1094|0x00000007c8c00000, 0x00000007c8c00000, 0x00000007c8e00000|  0%| F|  |TAMS 0x00000007c8c00000| PB 0x00000007c8c00000| Untracked |  0
|1095|0x00000007c8e00000, 0x00000007c8e00000, 0x00000007c9000000|  0%| F|  |TAMS 0x00000007c8e00000| PB 0x00000007c8e00000| Untracked |  0
|1096|0x00000007c9000000, 0x00000007c9000000, 0x00000007c9200000|  0%| F|  |TAMS 0x00000007c9000000| PB 0x00000007c9000000| Untracked |  0
|1097|0x00000007c9200000, 0x00000007c9200000, 0x00000007c9400000|  0%| F|  |TAMS 0x00000007c9200000| PB 0x00000007c9200000| Untracked |  0
|1098|0x00000007c9400000, 0x00000007c9400000, 0x00000007c9600000|  0%| F|  |TAMS 0x00000007c9400000| PB 0x00000007c9400000| Untracked |  0
|1099|0x00000007c9600000, 0x00000007c9600000, 0x00000007c9800000|  0%| F|  |TAMS 0x00000007c9600000| PB 0x00000007c9600000| Untracked |  0
|1100|0x00000007c9800000, 0x00000007c9800000, 0x00000007c9a00000|  0%| F|  |TAMS 0x00000007c9800000| PB 0x00000007c9800000| Untracked |  0
|1101|0x00000007c9a00000, 0x00000007c9a00000, 0x00000007c9c00000|  0%| F|  |TAMS 0x00000007c9a00000| PB 0x00000007c9a00000| Untracked |  0
|1102|0x00000007c9c00000, 0x00000007c9c00000, 0x00000007c9e00000|  0%| F|  |TAMS 0x00000007c9c00000| PB 0x00000007c9c00000| Untracked |  0
|1103|0x00000007c9e00000, 0x00000007c9e00000, 0x00000007ca000000|  0%| F|  |TAMS 0x00000007c9e00000| PB 0x00000007c9e00000| Untracked |  0
|1104|0x00000007ca000000, 0x00000007ca000000, 0x00000007ca200000|  0%| F|  |TAMS 0x00000007ca000000| PB 0x00000007ca000000| Untracked |  0
|1105|0x00000007ca200000, 0x00000007ca200000, 0x00000007ca400000|  0%| F|  |TAMS 0x00000007ca200000| PB 0x00000007ca200000| Untracked |  0
|1106|0x00000007ca400000, 0x00000007ca400000, 0x00000007ca600000|  0%| F|  |TAMS 0x00000007ca400000| PB 0x00000007ca400000| Untracked |  0
|1107|0x00000007ca600000, 0x00000007ca600000, 0x00000007ca800000|  0%| F|  |TAMS 0x00000007ca600000| PB 0x00000007ca600000| Untracked |  0
|1108|0x00000007ca800000, 0x00000007ca800000, 0x00000007caa00000|  0%| F|  |TAMS 0x00000007ca800000| PB 0x00000007ca800000| Untracked |  0
|1109|0x00000007caa00000, 0x00000007caa00000, 0x00000007cac00000|  0%| F|  |TAMS 0x00000007caa00000| PB 0x00000007caa00000| Untracked |  0
|1110|0x00000007cac00000, 0x00000007cac00000, 0x00000007cae00000|  0%| F|  |TAMS 0x00000007cac00000| PB 0x00000007cac00000| Untracked |  0
|1111|0x00000007cae00000, 0x00000007cae00000, 0x00000007cb000000|  0%| F|  |TAMS 0x00000007cae00000| PB 0x00000007cae00000| Untracked |  0
|1112|0x00000007cb000000, 0x00000007cb000000, 0x00000007cb200000|  0%| F|  |TAMS 0x00000007cb000000| PB 0x00000007cb000000| Untracked |  0
|1113|0x00000007cb200000, 0x00000007cb200000, 0x00000007cb400000|  0%| F|  |TAMS 0x00000007cb200000| PB 0x00000007cb200000| Untracked |  0
|1114|0x00000007cb400000, 0x00000007cb400000, 0x00000007cb600000|  0%| F|  |TAMS 0x00000007cb400000| PB 0x00000007cb400000| Untracked |  0
|1115|0x00000007cb600000, 0x00000007cb600000, 0x00000007cb800000|  0%| F|  |TAMS 0x00000007cb600000| PB 0x00000007cb600000| Untracked |  0
|1116|0x00000007cb800000, 0x00000007cb800000, 0x00000007cba00000|  0%| F|  |TAMS 0x00000007cb800000| PB 0x00000007cb800000| Untracked |  0
|1117|0x00000007cba00000, 0x00000007cba00000, 0x00000007cbc00000|  0%| F|  |TAMS 0x00000007cba00000| PB 0x00000007cba00000| Untracked |  0
|1118|0x00000007cbc00000, 0x00000007cbc00000, 0x00000007cbe00000|  0%| F|  |TAMS 0x00000007cbc00000| PB 0x00000007cbc00000| Untracked |  0
|1119|0x00000007cbe00000, 0x00000007cbe00000, 0x00000007cc000000|  0%| F|  |TAMS 0x00000007cbe00000| PB 0x00000007cbe00000| Untracked |  0
|1120|0x00000007cc000000, 0x00000007cc000000, 0x00000007cc200000|  0%| F|  |TAMS 0x00000007cc000000| PB 0x00000007cc000000| Untracked |  0
|1121|0x00000007cc200000, 0x00000007cc200000, 0x00000007cc400000|  0%| F|  |TAMS 0x00000007cc200000| PB 0x00000007cc200000| Untracked |  0
|1122|0x00000007cc400000, 0x00000007cc400000, 0x00000007cc600000|  0%| F|  |TAMS 0x00000007cc400000| PB 0x00000007cc400000| Untracked |  0
|1123|0x00000007cc600000, 0x00000007cc600000, 0x00000007cc800000|  0%| F|  |TAMS 0x00000007cc600000| PB 0x00000007cc600000| Untracked |  0
|1124|0x00000007cc800000, 0x00000007cc800000, 0x00000007cca00000|  0%| F|  |TAMS 0x00000007cc800000| PB 0x00000007cc800000| Untracked |  0
|1125|0x00000007cca00000, 0x00000007cca00000, 0x00000007ccc00000|  0%| F|  |TAMS 0x00000007cca00000| PB 0x00000007cca00000| Untracked |  0
|1126|0x00000007ccc00000, 0x00000007ccc00000, 0x00000007cce00000|  0%| F|  |TAMS 0x00000007ccc00000| PB 0x00000007ccc00000| Untracked |  0
|1127|0x00000007cce00000, 0x00000007cce00000, 0x00000007cd000000|  0%| F|  |TAMS 0x00000007cce00000| PB 0x00000007cce00000| Untracked |  0
|1128|0x00000007cd000000, 0x00000007cd000000, 0x00000007cd200000|  0%| F|  |TAMS 0x00000007cd000000| PB 0x00000007cd000000| Untracked |  0
|1129|0x00000007cd200000, 0x00000007cd200000, 0x00000007cd400000|  0%| F|  |TAMS 0x00000007cd200000| PB 0x00000007cd200000| Untracked |  0
|1130|0x00000007cd400000, 0x00000007cd400000, 0x00000007cd600000|  0%| F|  |TAMS 0x00000007cd400000| PB 0x00000007cd400000| Untracked |  0
|1131|0x00000007cd600000, 0x00000007cd600000, 0x00000007cd800000|  0%| F|  |TAMS 0x00000007cd600000| PB 0x00000007cd600000| Untracked |  0
|1132|0x00000007cd800000, 0x00000007cd800000, 0x00000007cda00000|  0%| F|  |TAMS 0x00000007cd800000| PB 0x00000007cd800000| Untracked |  0
|1133|0x00000007cda00000, 0x00000007cda00000, 0x00000007cdc00000|  0%| F|  |TAMS 0x00000007cda00000| PB 0x00000007cda00000| Untracked |  0
|1134|0x00000007cdc00000, 0x00000007cdc00000, 0x00000007cde00000|  0%| F|  |TAMS 0x00000007cdc00000| PB 0x00000007cdc00000| Untracked |  0
|1135|0x00000007cde00000, 0x00000007cde00000, 0x00000007ce000000|  0%| F|  |TAMS 0x00000007cde00000| PB 0x00000007cde00000| Untracked |  0
|1136|0x00000007ce000000, 0x00000007ce000000, 0x00000007ce200000|  0%| F|  |TAMS 0x00000007ce000000| PB 0x00000007ce000000| Untracked |  0
|1137|0x00000007ce200000, 0x00000007ce200000, 0x00000007ce400000|  0%| F|  |TAMS 0x00000007ce200000| PB 0x00000007ce200000| Untracked |  0
|1138|0x00000007ce400000, 0x00000007ce400000, 0x00000007ce600000|  0%| F|  |TAMS 0x00000007ce400000| PB 0x00000007ce400000| Untracked |  0
|1139|0x00000007ce600000, 0x00000007ce600000, 0x00000007ce800000|  0%| F|  |TAMS 0x00000007ce600000| PB 0x00000007ce600000| Untracked |  0
|1140|0x00000007ce800000, 0x00000007ce800000, 0x00000007cea00000|  0%| F|  |TAMS 0x00000007ce800000| PB 0x00000007ce800000| Untracked |  0
|1141|0x00000007cea00000, 0x00000007cea00000, 0x00000007cec00000|  0%| F|  |TAMS 0x00000007cea00000| PB 0x00000007cea00000| Untracked |  0
|1142|0x00000007cec00000, 0x00000007cec00000, 0x00000007cee00000|  0%| F|  |TAMS 0x00000007cec00000| PB 0x00000007cec00000| Untracked |  0
|1143|0x00000007cee00000, 0x00000007cee00000, 0x00000007cf000000|  0%| F|  |TAMS 0x00000007cee00000| PB 0x00000007cee00000| Untracked |  0
|1144|0x00000007cf000000, 0x00000007cf000000, 0x00000007cf200000|  0%| F|  |TAMS 0x00000007cf000000| PB 0x00000007cf000000| Untracked |  0
|1145|0x00000007cf200000, 0x00000007cf200000, 0x00000007cf400000|  0%| F|  |TAMS 0x00000007cf200000| PB 0x00000007cf200000| Untracked |  0
|1146|0x00000007cf400000, 0x00000007cf600000, 0x00000007cf600000|100%| E|  |TAMS 0x00000007cf400000| PB 0x00000007cf400000| Complete |  0
|1147|0x00000007cf600000, 0x00000007cf800000, 0x00000007cf800000|100%| E|CS|TAMS 0x00000007cf600000| PB 0x00000007cf600000| Complete |  0
|1148|0x00000007cf800000, 0x00000007cfa00000, 0x00000007cfa00000|100%| E|CS|TAMS 0x00000007cf800000| PB 0x00000007cf800000| Complete |  0
|1149|0x00000007cfa00000, 0x00000007cfc00000, 0x00000007cfc00000|100%| E|CS|TAMS 0x00000007cfa00000| PB 0x00000007cfa00000| Complete |  0
|1150|0x00000007cfc00000, 0x00000007cfe00000, 0x00000007cfe00000|100%| E|CS|TAMS 0x00000007cfc00000| PB 0x00000007cfc00000| Complete |  0
|1151|0x00000007cfe00000, 0x00000007d0000000, 0x00000007d0000000|100%| E|CS|TAMS 0x00000007cfe00000| PB 0x00000007cfe00000| Complete |  0
|1152|0x00000007d0000000, 0x00000007d0200000, 0x00000007d0200000|100%| E|CS|TAMS 0x00000007d0000000| PB 0x00000007d0000000| Complete |  0
|1153|0x00000007d0200000, 0x00000007d0400000, 0x00000007d0400000|100%| E|CS|TAMS 0x00000007d0200000| PB 0x00000007d0200000| Complete |  0
|1154|0x00000007d0400000, 0x00000007d0600000, 0x00000007d0600000|100%| E|CS|TAMS 0x00000007d0400000| PB 0x00000007d0400000| Complete |  0
|1155|0x00000007d0600000, 0x00000007d0800000, 0x00000007d0800000|100%| E|CS|TAMS 0x00000007d0600000| PB 0x00000007d0600000| Complete |  0
|1156|0x00000007d0800000, 0x00000007d0a00000, 0x00000007d0a00000|100%| E|CS|TAMS 0x00000007d0800000| PB 0x00000007d0800000| Complete |  0
|1157|0x00000007d0a00000, 0x00000007d0c00000, 0x00000007d0c00000|100%| E|CS|TAMS 0x00000007d0a00000| PB 0x00000007d0a00000| Complete |  0
|1158|0x00000007d0c00000, 0x00000007d0e00000, 0x00000007d0e00000|100%| E|CS|TAMS 0x00000007d0c00000| PB 0x00000007d0c00000| Complete |  0
|1159|0x00000007d0e00000, 0x00000007d1000000, 0x00000007d1000000|100%| E|CS|TAMS 0x00000007d0e00000| PB 0x00000007d0e00000| Complete |  0
|1160|0x00000007d1000000, 0x00000007d1200000, 0x00000007d1200000|100%| E|CS|TAMS 0x00000007d1000000| PB 0x00000007d1000000| Complete |  0
|1161|0x00000007d1200000, 0x00000007d1400000, 0x00000007d1400000|100%| E|CS|TAMS 0x00000007d1200000| PB 0x00000007d1200000| Complete |  0
|1162|0x00000007d1400000, 0x00000007d1600000, 0x00000007d1600000|100%| E|CS|TAMS 0x00000007d1400000| PB 0x00000007d1400000| Complete |  0
|1163|0x00000007d1600000, 0x00000007d1800000, 0x00000007d1800000|100%| E|CS|TAMS 0x00000007d1600000| PB 0x00000007d1600000| Complete |  0
|1164|0x00000007d1800000, 0x00000007d1a00000, 0x00000007d1a00000|100%| E|CS|TAMS 0x00000007d1800000| PB 0x00000007d1800000| Complete |  0
|1165|0x00000007d1a00000, 0x00000007d1c00000, 0x00000007d1c00000|100%| E|CS|TAMS 0x00000007d1a00000| PB 0x00000007d1a00000| Complete |  0
|1166|0x00000007d1c00000, 0x00000007d1e00000, 0x00000007d1e00000|100%| E|CS|TAMS 0x00000007d1c00000| PB 0x00000007d1c00000| Complete |  0
|1167|0x00000007d1e00000, 0x00000007d2000000, 0x00000007d2000000|100%| E|CS|TAMS 0x00000007d1e00000| PB 0x00000007d1e00000| Complete |  0
|1168|0x00000007d2000000, 0x00000007d2200000, 0x00000007d2200000|100%| E|CS|TAMS 0x00000007d2000000| PB 0x00000007d2000000| Complete |  0
|1169|0x00000007d2200000, 0x00000007d2400000, 0x00000007d2400000|100%| E|CS|TAMS 0x00000007d2200000| PB 0x00000007d2200000| Complete |  0
|1170|0x00000007d2400000, 0x00000007d2600000, 0x00000007d2600000|100%| E|CS|TAMS 0x00000007d2400000| PB 0x00000007d2400000| Complete |  0
|1171|0x00000007d2600000, 0x00000007d2800000, 0x00000007d2800000|100%| E|CS|TAMS 0x00000007d2600000| PB 0x00000007d2600000| Complete |  0
|1172|0x00000007d2800000, 0x00000007d2a00000, 0x00000007d2a00000|100%| E|CS|TAMS 0x00000007d2800000| PB 0x00000007d2800000| Complete |  0
|1173|0x00000007d2a00000, 0x00000007d2c00000, 0x00000007d2c00000|100%| E|CS|TAMS 0x00000007d2a00000| PB 0x00000007d2a00000| Complete |  0
|1497|0x00000007fb200000, 0x00000007fb400000, 0x00000007fb400000|100%| O|Cm|TAMS 0x00000007fb400000| PB 0x00000007fb400000| Updating |  0
|1498|0x00000007fb400000, 0x00000007fb600000, 0x00000007fb600000|100%| O|  |TAMS 0x00000007fb600000| PB 0x00000007fb600000| Untracked |  0
|1499|0x00000007fb600000, 0x00000007fb800000, 0x00000007fb800000|100%| O|  |TAMS 0x00000007fb800000| PB 0x00000007fb800000| Untracked |  0
|1500|0x00000007fb800000, 0x00000007fba00000, 0x00000007fba00000|100%| O|  |TAMS 0x00000007fba00000| PB 0x00000007fba00000| Untracked |  0
|1501|0x00000007fba00000, 0x00000007fbc00000, 0x00000007fbc00000|100%| O|  |TAMS 0x00000007fbc00000| PB 0x00000007fbc00000| Untracked |  0
|1502|0x00000007fbc00000, 0x00000007fbe00000, 0x00000007fbe00000|100%| O|  |TAMS 0x00000007fbe00000| PB 0x00000007fbe00000| Untracked |  0
|1503|0x00000007fbe00000, 0x00000007fc000000, 0x00000007fc000000|100%| O|  |TAMS 0x00000007fc000000| PB 0x00000007fc000000| Untracked |  0
|1504|0x00000007fc000000, 0x00000007fc200000, 0x00000007fc200000|100%| O|  |TAMS 0x00000007fc200000| PB 0x00000007fc200000| Untracked |  0
|1505|0x00000007fc200000, 0x00000007fc400000, 0x00000007fc400000|100%| O|  |TAMS 0x00000007fc400000| PB 0x00000007fc400000| Untracked |  0
|1506|0x00000007fc400000, 0x00000007fc600000, 0x00000007fc600000|100%| O|  |TAMS 0x00000007fc600000| PB 0x00000007fc600000| Untracked |  0
|1507|0x00000007fc600000, 0x00000007fc800000, 0x00000007fc800000|100%| O|  |TAMS 0x00000007fc800000| PB 0x00000007fc800000| Untracked |  0
|1508|0x00000007fc800000, 0x00000007fca00000, 0x00000007fca00000|100%| O|  |TAMS 0x00000007fca00000| PB 0x00000007fca00000| Untracked |  0
|1509|0x00000007fca00000, 0x00000007fcc00000, 0x00000007fcc00000|100%| O|  |TAMS 0x00000007fcc00000| PB 0x00000007fcc00000| Untracked |  0
|1510|0x00000007fcc00000, 0x00000007fce00000, 0x00000007fce00000|100%| O|  |TAMS 0x00000007fce00000| PB 0x00000007fce00000| Untracked |  0
|1511|0x00000007fce00000, 0x00000007fd000000, 0x00000007fd000000|100%| O|  |TAMS 0x00000007fd000000| PB 0x00000007fd000000| Untracked |  0
|1512|0x00000007fd000000, 0x00000007fd200000, 0x00000007fd200000|100%| O|  |TAMS 0x00000007fd200000| PB 0x00000007fd200000| Untracked |  0
|1513|0x00000007fd200000, 0x00000007fd400000, 0x00000007fd400000|100%| O|  |TAMS 0x00000007fd400000| PB 0x00000007fd400000| Untracked |  0
|1514|0x00000007fd400000, 0x00000007fd600000, 0x00000007fd600000|100%| O|  |TAMS 0x00000007fd600000| PB 0x00000007fd600000| Untracked |  0
|1515|0x00000007fd600000, 0x00000007fd800000, 0x00000007fd800000|100%| O|  |TAMS 0x00000007fd800000| PB 0x00000007fd800000| Untracked |  0
|1516|0x00000007fd800000, 0x00000007fda00000, 0x00000007fda00000|100%| O|  |TAMS 0x00000007fda00000| PB 0x00000007fda00000| Untracked |  0
|1517|0x00000007fda00000, 0x00000007fdc00000, 0x00000007fdc00000|100%| O|  |TAMS 0x00000007fdc00000| PB 0x00000007fdc00000| Untracked |  0
|1518|0x00000007fdc00000, 0x00000007fde00000, 0x00000007fde00000|100%| O|  |TAMS 0x00000007fde00000| PB 0x00000007fde00000| Untracked |  0
|1519|0x00000007fde00000, 0x00000007fe000000, 0x00000007fe000000|100%| O|  |TAMS 0x00000007fe000000| PB 0x00000007fe000000| Untracked |  0
|1520|0x00000007fe000000, 0x00000007fe200000, 0x00000007fe200000|100%| O|  |TAMS 0x00000007fe200000| PB 0x00000007fe200000| Untracked |  0
|1521|0x00000007fe200000, 0x00000007fe400000, 0x00000007fe400000|100%| O|  |TAMS 0x00000007fe400000| PB 0x00000007fe400000| Untracked |  0
|1522|0x00000007fe400000, 0x00000007fe600000, 0x00000007fe600000|100%| O|  |TAMS 0x00000007fe600000| PB 0x00000007fe600000| Untracked |  0
|1523|0x00000007fe600000, 0x00000007fe800000, 0x00000007fe800000|100%| O|  |TAMS 0x00000007fe800000| PB 0x00000007fe800000| Untracked |  0
|1524|0x00000007fe800000, 0x00000007fea00000, 0x00000007fea00000|100%| O|  |TAMS 0x00000007fea00000| PB 0x00000007fea00000| Untracked |  0
|1525|0x00000007fea00000, 0x00000007fec00000, 0x00000007fec00000|100%| O|  |TAMS 0x00000007fec00000| PB 0x00000007fec00000| Untracked |  0
|1526|0x00000007fec00000, 0x00000007fee00000, 0x00000007fee00000|100%| O|  |TAMS 0x00000007fee00000| PB 0x00000007fee00000| Untracked |  0
|1527|0x00000007fee00000, 0x00000007ff000000, 0x00000007ff000000|100%| O|  |TAMS 0x00000007ff000000| PB 0x00000007ff000000| Untracked |  0
|1528|0x00000007ff000000, 0x00000007ff200000, 0x00000007ff200000|100%| O|  |TAMS 0x00000007ff200000| PB 0x00000007ff200000| Untracked |  0
|1529|0x00000007ff200000, 0x00000007ff400000, 0x00000007ff400000|100%| O|  |TAMS 0x00000007ff400000| PB 0x00000007ff400000| Untracked |  0
|1530|0x00000007ff400000, 0x00000007ff600000, 0x00000007ff600000|100%| O|  |TAMS 0x00000007ff600000| PB 0x00000007ff600000| Untracked |  0
|1531|0x00000007ff600000, 0x00000007ff800000, 0x00000007ff800000|100%| O|  |TAMS 0x00000007ff800000| PB 0x00000007ff800000| Untracked |  0
|1532|0x00000007ff800000, 0x00000007ffa00000, 0x00000007ffa00000|100%| O|  |TAMS 0x00000007ffa00000| PB 0x00000007ffa00000| Untracked |  0
|1533|0x00000007ffa00000, 0x00000007ffc00000, 0x00000007ffc00000|100%| O|  |TAMS 0x00000007ffc00000| PB 0x00000007ffc00000| Untracked |  0
|1534|0x00000007ffc00000, 0x00000007ffe00000, 0x00000007ffe00000|100%| O|  |TAMS 0x00000007ffe00000| PB 0x00000007ffe00000| Untracked |  0
|1535|0x00000007ffe00000, 0x0000000800000000, 0x0000000800000000|100%| E|CS|TAMS 0x00000007ffe00000| PB 0x00000007ffe00000| Complete |  0

Card table byte_map: [0x000001ac635e0000,0x000001ac63be0000] _byte_map_base: 0x000001ac5fbe0000

Marking Bits: (CMBitMap*) 0x000001ac4ad242d0
 Bits: [0x000001ac63be0000, 0x000001ac66be0000)

Polling page: 0x000001ac48af0000

Metaspace:
Metaspace        used 16428K, committed 16640K, reserved 1114112K
 class space     used 2192K, committed 2304K, reserved 1048576K

Usage:
  Non-class:     13.90 MB used.
      Class:      2.14 MB used.
       Both:     16.04 MB used.

Virtual space:
  Non-class space:       64.00 MB reserved,      14.00 MB ( 22%) committed,  1 nodes.
      Class space:        1.00 GB reserved,       2.25 MB ( <1%) committed,  1 nodes.
             Both:        1.06 GB reserved,      16.25 MB (  1%) committed. 

Chunk freelists:
   Non-Class:  960.00 KB
       Class:  13.75 MB
        Both:  14.68 MB

MaxMetaspaceSize: unlimited
CompressedClassSpaceSize: 1.00 GB
Initial GC threshold: 21.00 MB
Current GC threshold: 27.12 MB
CDS: on
 - commit_granule_bytes: 65536.
 - commit_granule_words: 8192.
 - virtual_space_node_default_size: 8388608.
 - enlarge_chunks_in_place: 1.
UseCompressedClassPointers 1, UseCompactObjectHeaders 0
Narrow klass pointer bits 32, Max shift 3
Narrow klass base: 0x000000009f000000, Narrow klass shift: 0
Encoding Range: [0x000000009f000000 - 0x000000019f000000), (4294967296 bytes)
Klass Range:    [0x000000009f010000 - 0x00000000e0000000), (1090453504 bytes)
Klass ID Range:  [65536 - 1090519033) (1090453497)
Protection zone: [0x000000009f000000 - 0x000000009f010000), (65536 bytes)


Internal statistics:

num_allocs_failed_limit: 0.
num_arena_births: 150.
num_arena_deaths: 0.
num_vsnodes_births: 2.
num_vsnodes_deaths: 0.
num_space_committed: 260.
num_space_uncommitted: 0.
num_chunks_returned_to_freelist: 0.
num_chunks_taken_from_freelist: 711.
num_chunk_merges: 0.
num_chunk_splits: 517.
num_chunks_enlarged: 433.
num_inconsistent_stats: 0.

CodeHeap 'non-profiled nmethods': size=119232Kb used=1754Kb max_used=1968Kb free=117477Kb
 bounds [0x000001ac5b0d0000, 0x000001ac5b340000, 0x000001ac62540000]
CodeHeap 'profiled nmethods': size=119104Kb used=7215Kb max_used=8096Kb free=111889Kb
 bounds [0x000001ac53540000, 0x000001ac53d30000, 0x000001ac5a990000]
CodeHeap 'non-nmethods': size=7424Kb used=2828Kb max_used=3546Kb free=4595Kb
 bounds [0x000001ac5a990000, 0x000001ac5ad10000, 0x000001ac5b0d0000]
CodeCache: size=245760Kb, used=11797Kb, max_used=13610Kb, free=233961Kb
 total_blobs=5367, nmethods=4536, adapters=730, full_count=0
Compilation: enabled, stopped_count=0, restarted_count=0

Compilation events (20 events):
Event: 20.715 Thread 0x000001ac692f96e0 4966       4       com.sun.marlin.ArrayCacheInt$Reference::doCleanRef (14 bytes)
Event: 20.715 Thread 0x000001ac692f96e0 nmethod 4966 0x000001ac5b2ba388 code [0x000001ac5b2ba480, 0x000001ac5b2ba520]
Event: 20.715 Thread 0x000001ac692f96e0 4967       4       com.sun.javafx.image.impl.BaseByteToByteConverter::convert (120 bytes)
Event: 20.718 Thread 0x000001ac692f96e0 nmethod 4967 0x000001ac5b2ba688 code [0x000001ac5b2ba780, 0x000001ac5b2babd8]
Event: 20.737 Thread 0x000001ac6e0797b0 4968       3       com.sun.prism.impl.shape.DMarlinPrismUtils::feedConsumer (902 bytes)
Event: 20.738 Thread 0x000001ac6e0797b0 nmethod 4968 0x000001ac53d20108 code [0x000001ac53d20280, 0x000001ac53d22900]
Event: 20.741 Thread 0x000001ac6e0797b0 4969       3       com.sun.marlin.Renderer::dispose (460 bytes)
Event: 20.742 Thread 0x000001ac6e0797b0 nmethod 4969 0x000001ac53d22988 code [0x000001ac53d22a80, 0x000001ac53d250d8]
Event: 20.757 Thread 0x000001ac6e0797b0 4970       3       com.sun.marlin.Renderer::endRendering (390 bytes)
Event: 20.757 Thread 0x000001ac75c3aba0 4972   !   3       com.sun.prism.impl.shape.DMarlinRasterizer::getMaskData (367 bytes)
Event: 20.757 Thread 0x000001ac692f96e0 4971       4       com.sun.prism.impl.BaseContext::updateMaskTexture (465 bytes)
Event: 20.758 Thread 0x000001ac6e0797b0 nmethod 4970 0x000001ac53d25108 code [0x000001ac53d25220, 0x000001ac53d25ab8]
Event: 20.758 Thread 0x000001ac75c3aba0 nmethod 4972 0x000001ac53d25b08 code [0x000001ac53d25c00, 0x000001ac53d27fc8]
Event: 20.763 Thread 0x000001ac692f96e0 nmethod 4971 0x000001ac5b2bac08 code [0x000001ac5b2bad00, 0x000001ac5b2bb570]
Event: 20.806 Thread 0x000001ac6e0797b0 4973       3       javafx.scene.Node$1::intersects (7 bytes)
Event: 20.806 Thread 0x000001ac6e0797b0 nmethod 4973 0x000001ac53d28008 code [0x000001ac53d28100, 0x000001ac53d282d0]
Event: 20.807 Thread 0x000001ac692f96e0 4974       4       com.sun.javafx.sg.prism.NGRegion::createStroke (545 bytes)
Event: 20.809 Thread 0x000001ac692f96e0 nmethod 4974 0x000001ac5b2bb588 code [0x000001ac5b2bb6a0, 0x000001ac5b2bbb68]
Event: 20.809 Thread 0x000001ac692f96e0 4975       4       com.sun.prism.BasicStroke::<init> (23 bytes)
Event: 20.810 Thread 0x000001ac692f96e0 nmethod 4975 0x000001ac5b2bbc08 code [0x000001ac5b2bbd20, 0x000001ac5b2bc098]

GC Heap Usage History (14 events):
Event: 0.443 {heap Before GC invocations=0 (full 0):
 garbage-first heap   total reserved 3145728K, committed 264192K, used 48275K [0x0000000740000000, 0x0000000800000000)
  region size 2048K, 24 young (49152K), 0 survivors (0K)
}
Event: 0.446 {heap After GC invocations=1 (full 0):
 garbage-first heap   total reserved 3145728K, committed 264192K, used 5667K [0x0000000740000000, 0x0000000800000000)
  region size 2048K, 3 young (6144K), 3 survivors (6144K)
}
Event: 15.650 {heap Before GC invocations=1 (full 0):
 garbage-first heap   total reserved 3145728K, committed 264192K, used 52771K [0x0000000740000000, 0x0000000800000000)
  region size 2048K, 27 young (55296K), 3 survivors (6144K)
}
Event: 15.656 {heap After GC invocations=2 (full 0):
 garbage-first heap   total reserved 3145728K, committed 264192K, used 12041K [0x0000000740000000, 0x0000000800000000)
  region size 2048K, 5 young (10240K), 5 survivors (10240K)
}
Event: 20.646 {heap Before GC invocations=2 (full 0):
 garbage-first heap   total reserved 3145728K, committed 1533952K, used 1421065K [0x0000000740000000, 0x0000000800000000)
  region size 2048K, 73 young (149504K), 5 survivors (10240K)
}
Event: 20.684 {heap After GC invocations=3 (full 0):
 garbage-first heap   total reserved 3145728K, committed 1533952K, used 1382353K [0x0000000740000000, 0x0000000800000000)
  region size 2048K, 10 young (20480K), 10 survivors (20480K)
}
Event: 20.691 {heap Before GC invocations=3 (full 0):
 garbage-first heap   total reserved 3145728K, committed 1533952K, used 1443793K [0x0000000740000000, 0x0000000800000000)
  region size 2048K, 40 young (81920K), 10 survivors (20480K)
}
Event: 20.702 {heap After GC invocations=4 (full 0):
 garbage-first heap   total reserved 3145728K, committed 1533952K, used 1441543K [0x0000000740000000, 0x0000000800000000)
  region size 2048K, 5 young (10240K), 5 survivors (10240K)
}
Event: 20.723 {heap Before GC invocations=5 (full 0):
 garbage-first heap   total reserved 3145728K, committed 2406400K, used 1507079K [0x0000000740000000, 0x0000000800000000)
  region size 2048K, 37 young (75776K), 5 survivors (10240K)
}
Event: 20.735 {heap After GC invocations=6 (full 0):
 garbage-first heap   total reserved 3145728K, committed 2406400K, used 1510547K [0x0000000740000000, 0x0000000800000000)
  region size 2048K, 5 young (10240K), 5 survivors (10240K)
}
Event: 20.871 {heap Before GC invocations=6 (full 0):
 garbage-first heap   total reserved 3145728K, committed 2406400K, used 1987731K [0x0000000740000000, 0x0000000800000000)
  region size 2048K, 238 young (487424K), 5 survivors (10240K)
}
Event: 21.068 {heap After GC invocations=7 (full 0):
 garbage-first heap   total reserved 3145728K, committed 2484224K, used 1994752K [0x0000000740000000, 0x0000000800000000)
  region size 2048K, 30 young (61440K), 30 survivors (61440K)
}
Event: 21.094 {heap Before GC invocations=7 (full 0):
 garbage-first heap   total reserved 3145728K, committed 2484224K, used 2164736K [0x0000000740000000, 0x0000000800000000)
  region size 2048K, 113 young (231424K), 30 survivors (61440K)
}
Event: 21.121 {heap After GC invocations=8 (full 0):
 garbage-first heap   total reserved 3145728K, committed 2484224K, used 2165760K [0x0000000740000000, 0x0000000800000000)
  region size 2048K, 15 young (30720K), 15 survivors (30720K)
}

Metaspace Usage History (14 events):
Event: 0.443 {metaspace Before GC invocations=0 (full 0):
 Metaspace       used 8731K, committed 8896K, reserved 1114112K
  class space    used 1092K, committed 1152K, reserved 1048576K
}
Event: 0.446 {metaspace After GC invocations=1 (full 0):
 Metaspace       used 8731K, committed 8896K, reserved 1114112K
  class space    used 1092K, committed 1152K, reserved 1048576K
}
Event: 15.650 {metaspace Before GC invocations=1 (full 0):
 Metaspace       used 16026K, committed 16256K, reserved 1114112K
  class space    used 2192K, committed 2304K, reserved 1048576K
}
Event: 15.656 {metaspace After GC invocations=2 (full 0):
 Metaspace       used 16026K, committed 16256K, reserved 1114112K
  class space    used 2192K, committed 2304K, reserved 1048576K
}
Event: 20.646 {metaspace Before GC invocations=2 (full 0):
 Metaspace       used 16428K, committed 16640K, reserved 1114112K
  class space    used 2192K, committed 2304K, reserved 1048576K
}
Event: 20.684 {metaspace After GC invocations=3 (full 0):
 Metaspace       used 16428K, committed 16640K, reserved 1114112K
  class space    used 2192K, committed 2304K, reserved 1048576K
}
Event: 20.691 {metaspace Before GC invocations=3 (full 0):
 Metaspace       used 16428K, committed 16640K, reserved 1114112K
  class space    used 2192K, committed 2304K, reserved 1048576K
}
Event: 20.702 {metaspace After GC invocations=4 (full 0):
 Metaspace       used 16428K, committed 16640K, reserved 1114112K
  class space    used 2192K, committed 2304K, reserved 1048576K
}
Event: 20.723 {metaspace Before GC invocations=5 (full 0):
 Metaspace       used 16428K, committed 16640K, reserved 1114112K
  class space    used 2192K, committed 2304K, reserved 1048576K
}
Event: 20.735 {metaspace After GC invocations=6 (full 0):
 Metaspace       used 16428K, committed 16640K, reserved 1114112K
  class space    used 2192K, committed 2304K, reserved 1048576K
}
Event: 20.871 {metaspace Before GC invocations=6 (full 0):
 Metaspace       used 16428K, committed 16640K, reserved 1114112K
  class space    used 2192K, committed 2304K, reserved 1048576K
}
Event: 21.068 {metaspace After GC invocations=7 (full 0):
 Metaspace       used 16428K, committed 16640K, reserved 1114112K
  class space    used 2192K, committed 2304K, reserved 1048576K
}
Event: 21.094 {metaspace Before GC invocations=7 (full 0):
 Metaspace       used 16428K, committed 16640K, reserved 1114112K
  class space    used 2192K, committed 2304K, reserved 1048576K
}
Event: 21.121 {metaspace After GC invocations=8 (full 0):
 Metaspace       used 16428K, committed 16640K, reserved 1114112K
  class space    used 2192K, committed 2304K, reserved 1048576K
}

Dll operation events (20 events):
Event: 0.142 Loaded shared library C:\javafx-sdk-21\javafx-sdk-21\bin\api-ms-win-crt-locale-l1-1-0.dll
Event: 0.143 Loaded shared library C:\javafx-sdk-21\javafx-sdk-21\bin\api-ms-win-crt-math-l1-1-0.dll
Event: 0.144 Loaded shared library C:\javafx-sdk-21\javafx-sdk-21\bin\api-ms-win-crt-multibyte-l1-1-0.dll
Event: 0.145 Loaded shared library C:\javafx-sdk-21\javafx-sdk-21\bin\api-ms-win-crt-private-l1-1-0.dll
Event: 0.145 Loaded shared library C:\javafx-sdk-21\javafx-sdk-21\bin\api-ms-win-crt-process-l1-1-0.dll
Event: 0.146 Loaded shared library C:\javafx-sdk-21\javafx-sdk-21\bin\api-ms-win-crt-runtime-l1-1-0.dll
Event: 0.147 Loaded shared library C:\javafx-sdk-21\javafx-sdk-21\bin\api-ms-win-crt-stdio-l1-1-0.dll
Event: 0.147 Loaded shared library C:\javafx-sdk-21\javafx-sdk-21\bin\api-ms-win-crt-string-l1-1-0.dll
Event: 0.148 Loaded shared library C:\javafx-sdk-21\javafx-sdk-21\bin\api-ms-win-crt-time-l1-1-0.dll
Event: 0.149 Loaded shared library C:\javafx-sdk-21\javafx-sdk-21\bin\api-ms-win-crt-utility-l1-1-0.dll
Event: 0.150 Loaded shared library C:\javafx-sdk-21\javafx-sdk-21\bin\ucrtbase.dll
Event: 0.150 Loaded shared library C:\javafx-sdk-21\javafx-sdk-21\bin\vcruntime140.dll
Event: 0.151 Loaded shared library C:\javafx-sdk-21\javafx-sdk-21\bin\vcruntime140_1.dll
Event: 0.152 Loaded shared library C:\javafx-sdk-21\javafx-sdk-21\bin\msvcp140.dll
Event: 0.153 Loaded shared library C:\javafx-sdk-21\javafx-sdk-21\bin\msvcp140_1.dll
Event: 0.154 Loaded shared library C:\javafx-sdk-21\javafx-sdk-21\bin\msvcp140_2.dll
Event: 0.173 Loaded shared library C:\javafx-sdk-21\javafx-sdk-21\bin\prism_d3d.dll
Event: 0.230 Loaded shared library C:\javafx-sdk-21\javafx-sdk-21\bin\glass.dll
Event: 0.345 Loaded shared library C:\javafx-sdk-21\javafx-sdk-21\bin\javafx_font.dll
Event: 0.421 Loaded shared library C:\jdk-25\bin\jimage.dll

Deoptimization events (20 events):
Event: 20.690 Thread 0x000001ac6eed30f0 Uncommon trap: trap_request=0xffffff45 fr.pc=0x000001ac5b2a21c4 relative=0x0000000000000984
Event: 20.690 Thread 0x000001ac6eed30f0 Uncommon trap: reason=unstable_if action=reinterpret pc=0x000001ac5b2a21c4 method=com.sun.prism.impl.shape.DMarlinRasterizer.getMaskData(Lcom/sun/javafx/geom/Shape;Lcom/sun/prism/BasicStroke;Lcom/sun/javafx/geom/RectBounds;Lcom/sun/javafx/geom/transform/B
Event: 20.690 Thread 0x000001ac6eed30f0 DEOPT PACKING pc=0x000001ac5b2a21c4 sp=0x00000042908fd480
Event: 20.690 Thread 0x000001ac6eed30f0 DEOPT UNPACKING pc=0x000001ac5aaafc02 sp=0x00000042908fd3c8 mode 2
Event: 20.690 Thread 0x000001ac6eed30f0 Uncommon trap: trap_request=0xffffff45 fr.pc=0x000001ac5b2a356c relative=0x00000000000005ec
Event: 20.690 Thread 0x000001ac6eed30f0 Uncommon trap: reason=unstable_if action=reinterpret pc=0x000001ac5b2a356c method=com.sun.marlin.Renderer.dispose()V @ 293 c2
Event: 20.690 Thread 0x000001ac6eed30f0 DEOPT PACKING pc=0x000001ac5b2a356c sp=0x00000042908fd390
Event: 20.690 Thread 0x000001ac6eed30f0 DEOPT UNPACKING pc=0x000001ac5aaafc02 sp=0x00000042908fd358 mode 2
Event: 20.690 Thread 0x000001ac6eed30f0 Uncommon trap: trap_request=0xffffff66 fr.pc=0x000001ac5b29fc78 relative=0x00000000000008f8
Event: 20.690 Thread 0x000001ac6eed30f0 Uncommon trap: reason=loop_limit_check action=maybe_recompile pc=0x000001ac5b29fc78 method=com.sun.javafx.image.impl.BaseByteToByteConverter$ByteAnyToSameConverter.doConvert([BII[BIIII)V @ 5 c2
Event: 20.690 Thread 0x000001ac6eed30f0 DEOPT PACKING pc=0x000001ac5b29fc78 sp=0x00000042908fd450
Event: 20.690 Thread 0x000001ac6eed30f0 DEOPT UNPACKING pc=0x000001ac5aaafc02 sp=0x00000042908fd208 mode 2
Event: 20.690 Thread 0x000001ac6eed30f0 Uncommon trap: trap_request=0xffffff45 fr.pc=0x000001ac5b25db80 relative=0x0000000000000080
Event: 20.690 Thread 0x000001ac6eed30f0 Uncommon trap: reason=unstable_if action=reinterpret pc=0x000001ac5b25db80 method=com.sun.marlin.TransformingPathConsumer2D$PathClipFilter._closePath()V @ 6 c2
Event: 20.690 Thread 0x000001ac6eed30f0 DEOPT PACKING pc=0x000001ac5b25db80 sp=0x00000042908fd220
Event: 20.690 Thread 0x000001ac6eed30f0 DEOPT UNPACKING pc=0x000001ac5aaafc02 sp=0x00000042908fd1a8 mode 2
Event: 20.690 Thread 0x000001ac6eed30f0 Uncommon trap: trap_request=0xffffff66 fr.pc=0x000001ac5b264d28 relative=0x0000000000000528
Event: 20.690 Thread 0x000001ac6eed30f0 Uncommon trap: reason=loop_limit_check action=maybe_recompile pc=0x000001ac5b264d28 method=com.sun.javafx.image.impl.BaseByteToByteConverter$ByteAnyToSameConverter.doConvert([BII[BIIII)V @ 5 c2
Event: 20.690 Thread 0x000001ac6eed30f0 DEOPT PACKING pc=0x000001ac5b264d28 sp=0x00000042908fd1e0
Event: 20.690 Thread 0x000001ac6eed30f0 DEOPT UNPACKING pc=0x000001ac5aaafc02 sp=0x00000042908fd178 mode 2

Classes loaded (20 events):
Event: 0.796 Loading class java/util/stream/WhileOps$DropWhileSink done
Event: 0.796 Loading class java/util/stream/WhileOps$1Op$1OpSink done
Event: 0.796 Loading class java/util/Formatter$FixedString
Event: 0.796 Loading class java/util/Formatter$FixedString done
Event: 1.659 Loading class java/io/UnsupportedEncodingException
Event: 1.660 Loading class java/io/UnsupportedEncodingException done
Event: 5.572 Loading class java/lang/RuntimePermission
Event: 5.575 Loading class java/lang/RuntimePermission done
Event: 5.584 Loading class java/awt/image/RenderedImage
Event: 5.584 Loading class java/awt/image/RenderedImage done
Event: 15.644 Loading class java/util/zip/GZIPOutputStream
Event: 15.644 Loading class java/util/zip/DeflaterOutputStream
Event: 15.644 Loading class java/util/zip/DeflaterOutputStream done
Event: 15.644 Loading class java/util/zip/GZIPOutputStream done
Event: 15.644 Loading class java/util/zip/GZIPInputStream
Event: 15.644 Loading class java/util/zip/GZIPInputStream done
Event: 15.648 Loading class java/util/zip/CheckedInputStream
Event: 15.648 Loading class java/util/zip/CheckedInputStream done
Event: 17.056 Loading class java/lang/foreign/MemorySegment
Event: 17.057 Loading class java/lang/foreign/MemorySegment done

Classes unloaded (0 events):
No events

Classes redefined (0 events):
No events

Internal exceptions (20 events):
Event: 0.548 Thread 0x000001ac6eed5030 Exception <a 'java/lang/ClassNotFoundException'{0x000000074f06c6a0}: com/sun/javafx/scene/control/skin/resources/controls_en> (0x000000074f06c6a0) 
thrown [s\open\src\hotspot\share\prims\jni.cpp, line 534]
Event: 0.549 Thread 0x000001ac6eed5030 Exception <a 'java/lang/ClassNotFoundException'{0x000000074f06d838}: com/sun/javafx/scene/control/skin/resources/controls_en_ZA> (0x000000074f06d838) 
thrown [s\open\src\hotspot\share\prims\jni.cpp, line 534]
Event: 0.628 Thread 0x000001ac6eed5030 Exception <a 'java/lang/NoSuchMethodError'{0x000000074e577a38}: 'java.lang.Object java.lang.invoke.DelegatingMethodHandle$Holder.reinvoke_L(java.lang.Object, java.lang.Object, int, int, int, double)'> (0x000000074e577a38) 
thrown [s\open\src\hotspot\share\interpreter\linkResolver.cpp, line 804]
Event: 0.641 Thread 0x000001ac6eed5030 Exception <a 'java/lang/NoSuchMethodError'{0x000000074e23ea28}: 'java.lang.Object java.lang.invoke.DirectMethodHandle$Holder.invokeStatic(java.lang.Object, java.lang.Object, java.lang.Object, java.lang.Object, int)'> (0x000000074e23ea28) 
thrown [s\open\src\hotspot\share\interpreter\linkResolver.cpp, line 804]
Event: 0.669 Thread 0x000001ac6eed5030 Exception <a 'java/io/FileNotFoundException'{0x000000074e03b0e0}> (0x000000074e03b0e0) 
thrown [s\open\src\hotspot\share\prims\jni.cpp, line 516]
Event: 0.674 Thread 0x000001ac6eed5030 Exception <a 'java/io/FileNotFoundException'{0x000000074e08d768}> (0x000000074e08d768) 
thrown [s\open\src\hotspot\share\prims\jni.cpp, line 516]
Event: 0.675 Thread 0x000001ac6eed5030 Exception <a 'java/io/FileNotFoundException'{0x000000074e08eb08}> (0x000000074e08eb08) 
thrown [s\open\src\hotspot\share\prims\jni.cpp, line 516]
Event: 0.676 Thread 0x000001ac6eed5030 Exception <a 'java/io/FileNotFoundException'{0x000000074e0a1940}> (0x000000074e0a1940) 
thrown [s\open\src\hotspot\share\prims\jni.cpp, line 516]
Event: 0.676 Thread 0x000001ac6eed5030 Exception <a 'java/io/FileNotFoundException'{0x000000074e0a2ce0}> (0x000000074e0a2ce0) 
thrown [s\open\src\hotspot\share\prims\jni.cpp, line 516]
Event: 0.701 Thread 0x000001ac6eed5030 Exception <a 'java/lang/NoSuchMethodError'{0x000000074de9a950}: 'java.lang.Object java.lang.invoke.DirectMethodHandle$Holder.newInvokeSpecial(java.lang.Object, java.lang.Object, int)'> (0x000000074de9a950) 
thrown [s\open\src\hotspot\share\interpreter\linkResolver.cpp, line 804]
Event: 0.742 Thread 0x000001ac6eed30f0 Exception <a 'java/lang/NoSuchMethodError'{0x000000074dcd6430}: 'int java.lang.invoke.DirectMethodHandle$Holder.invokeStaticInit(java.lang.Object, java.lang.Object)'> (0x000000074dcd6430) 
thrown [s\open\src\hotspot\share\interpreter\linkResolver.cpp, line 804]
Event: 0.749 Thread 0x000001ac6eed30f0 Exception <a 'java/lang/NoSuchMethodError'{0x000000074da62798}: 'java.lang.Object java.lang.invoke.Invokers$Holder.invokeExact_MT(java.lang.Object, java.lang.Object, java.lang.Object, java.lang.Object, java.lang.Object)'> (0x000000074da62798) 
thrown [s\open\src\hotspot\share\interpreter\linkResolver.cpp, line 804]
Event: 0.751 Thread 0x000001ac6eed30f0 Exception <a 'java/lang/NoSuchMethodError'{0x000000074da9cbc8}: 'java.lang.Object java.lang.invoke.DirectMethodHandle$Holder.invokeStaticInit(java.lang.Object, int)'> (0x000000074da9cbc8) 
thrown [s\open\src\hotspot\share\interpreter\linkResolver.cpp, line 804]
Event: 1.673 Thread 0x000001ac6eed5030 Exception <a 'java/lang/NoSuchMethodError'{0x000000074d7994c0}: 'long java.lang.invoke.DirectMethodHandle$Holder.invokeStaticInit(java.lang.Object, java.lang.Object, java.lang.Object)'> (0x000000074d7994c0) 
thrown [s\open\src\hotspot\share\interpreter\linkResolver.cpp, line 804]
Event: 1.674 Thread 0x000001ac6eed5030 Exception <a 'java/lang/NoSuchMethodError'{0x000000074d7e40e0}: 'java.lang.Object java.lang.invoke.DirectMethodHandle$Holder.newInvokeSpecial(java.lang.Object, java.lang.Object, long)'> (0x000000074d7e40e0) 
thrown [s\open\src\hotspot\share\interpreter\linkResolver.cpp, line 804]
Event: 1.674 Thread 0x000001ac6eed5030 Exception <a 'java/lang/NoSuchMethodError'{0x000000074d7ecd30}: 'java.lang.Object java.lang.invoke.Invokers$Holder.linkToTargetMethod(java.lang.Object, long, java.lang.Object)'> (0x000000074d7ecd30) 
thrown [s\open\src\hotspot\share\interpreter\linkResolver.cpp, line 804]
Event: 5.585 Thread 0x000001ac758d89b0 Exception <a 'sun/nio/fs/WindowsException'{0x000000074d5d2110}> (0x000000074d5d2110) 
thrown [s\open\src\hotspot\share\prims\jni.cpp, line 516]
Event: 5.585 Thread 0x000001ac758d89b0 Exception <a 'sun/nio/fs/WindowsException'{0x000000074d5d2938}> (0x000000074d5d2938) 
thrown [s\open\src\hotspot\share\prims\jni.cpp, line 516]
Event: 5.585 Thread 0x000001ac758d89b0 Exception <a 'sun/nio/fs/WindowsException'{0x000000074d5d3148}> (0x000000074d5d3148) 
thrown [s\open\src\hotspot\share\prims\jni.cpp, line 516]
Event: 8.775 Thread 0x000001ac6eed5030 Exception <a 'java/lang/NoSuchMethodError'{0x000000074d341a10}: 'java.lang.Object java.lang.invoke.DirectMethodHandle$Holder.newInvokeSpecial(java.lang.Object, java.lang.Object, java.lang.Object, double, double, double, double, int, int, int, int, int, int, int, int, int)'> (0x000000074d341a10) 
thrown [s\open\src\hotspot\share\interpreter\linkResolver.cpp, line 804]

VM Operations (20 events):
Event: 15.648 Executing non-safepoint VM operation: HandshakeAllThreads (Deoptimize) done
Event: 15.650 Executing non-safepoint VM operation: HandshakeAllThreads (Deoptimize)
Event: 15.650 Executing non-safepoint VM operation: HandshakeAllThreads (Deoptimize) done
Event: 15.650 Executing safepoint VM operation: G1TryInitiateConcMark (G1 Humongous Allocation)
Event: 15.656 Executing safepoint VM operation: G1TryInitiateConcMark (G1 Humongous Allocation) done
Event: 20.646 Executing safepoint VM operation: G1CollectForAllocation (G1 Evacuation Pause)
Event: 20.684 Executing safepoint VM operation: G1CollectForAllocation (G1 Evacuation Pause) done
Event: 20.691 Executing safepoint VM operation: G1CollectForAllocation (G1 Evacuation Pause)
Event: 20.702 Executing safepoint VM operation: G1CollectForAllocation (G1 Evacuation Pause) done
Event: 20.708 Executing safepoint VM operation: G1PauseRemark
Event: 20.714 Executing safepoint VM operation: G1PauseRemark done
Event: 20.716 Executing safepoint VM operation: G1PauseCleanup
Event: 20.716 Executing safepoint VM operation: G1PauseCleanup done
Event: 20.723 Executing safepoint VM operation: G1CollectForAllocation (G1 Evacuation Pause)
Event: 20.735 Executing safepoint VM operation: G1CollectForAllocation (G1 Evacuation Pause) done
Event: 20.871 Executing safepoint VM operation: G1CollectForAllocation (G1 Evacuation Pause)
Event: 21.068 Executing safepoint VM operation: G1CollectForAllocation (G1 Evacuation Pause) done
Event: 21.094 Executing safepoint VM operation: G1CollectForAllocation (G1 Evacuation Pause)
Event: 21.121 Executing safepoint VM operation: G1CollectForAllocation (G1 Evacuation Pause) done
Event: 21.137 Executing safepoint VM operation: G1PauseRemark

Memory protections (0 events):
No events

Nmethod flushes (20 events):
Event: 21.172 Thread 0x000001ac692c8d70 flushing  nmethod 0x000001ac5385dd08
Event: 21.172 Thread 0x000001ac692c8d70 flushing  nmethod 0x000001ac53863488
Event: 21.172 Thread 0x000001ac692c8d70 flushing  nmethod 0x000001ac53864708
Event: 21.172 Thread 0x000001ac692c8d70 flushing  nmethod 0x000001ac53865588
Event: 21.172 Thread 0x000001ac692c8d70 flushing  nmethod 0x000001ac53866288
Event: 21.172 Thread 0x000001ac692c8d70 flushing  nmethod 0x000001ac53866c88
Event: 21.172 Thread 0x000001ac692c8d70 flushing  nmethod 0x000001ac538ea388
Event: 21.172 Thread 0x000001ac692c8d70 flushing  nmethod 0x000001ac538eac88
Event: 21.172 Thread 0x000001ac692c8d70 flushing  nmethod 0x000001ac538eb808
Event: 21.172 Thread 0x000001ac692c8d70 flushing  nmethod 0x000001ac538edc08
Event: 21.172 Thread 0x000001ac692c8d70 flushing  nmethod 0x000001ac53926108
Event: 21.172 Thread 0x000001ac692c8d70 flushing  nmethod 0x000001ac539d4588
Event: 21.172 Thread 0x000001ac692c8d70 flushing  nmethod 0x000001ac539d4e88
Event: 21.172 Thread 0x000001ac692c8d70 flushing  nmethod 0x000001ac539d5188
Event: 21.172 Thread 0x000001ac692c8d70 flushing  nmethod 0x000001ac539d5a88
Event: 21.173 Thread 0x000001ac692c8d70 flushing  nmethod 0x000001ac539d6b88
Event: 21.173 Thread 0x000001ac692c8d70 flushing  nmethod 0x000001ac539d7888
Event: 21.173 Thread 0x000001ac692c8d70 flushing  nmethod 0x000001ac539d8988
Event: 21.173 Thread 0x000001ac692c8d70 flushing  nmethod 0x000001ac539d9588
Event: 21.173 Thread 0x000001ac692c8d70 flushing  nmethod 0x000001ac53a54688

Events (20 events):
Event: 5.585 Thread 0x000001ac69300440 Thread added: 0x000001ac75c3bbc0
Event: 5.585 Thread 0x000001ac758d89b0 Thread exited: 0x000001ac758d89b0
Event: 5.585 Thread 0x000001ac6e173dd0 Thread added: 0x000001ac75c3c3d0
Event: 5.587 Thread 0x000001ac6e173dd0 Thread added: 0x000001ac75c3aba0
Event: 5.879 Thread 0x000001ac75c3aba0 Thread exited: 0x000001ac75c3aba0
Event: 5.879 Thread 0x000001ac75c3c3d0 Thread exited: 0x000001ac75c3c3d0
Event: 6.951 Thread 0x000001ac75c3bbc0 Thread exited: 0x000001ac75c3bbc0
Event: 10.715 Thread 0x000001ac6e173dd0 Thread exited: 0x000001ac6e173dd0
Event: 15.481 Thread 0x000001ac6e0797b0 Thread added: 0x000001ac75c3aba0
Event: 15.637 Thread 0x000001ac6eed5030 Thread added: 0x000001ac758dc830
Event: 15.640 Thread 0x000001ac75c3aba0 Thread added: 0x000001ac75c3f430
Event: 15.647 Thread 0x000001ac6e0797b0 Thread added: 0x000001ac75c3bbc0
Event: 17.322 Thread 0x000001ac75c3bbc0 Thread exited: 0x000001ac75c3bbc0
Event: 18.924 Thread 0x000001ac692f96e0 Thread added: 0x000001ac75c3dc00
Event: 18.924 Thread 0x000001ac692f96e0 Thread added: 0x000001ac75c3bbc0
Event: 18.989 Thread 0x000001ac75c3f430 Thread exited: 0x000001ac75c3f430
Event: 19.472 Thread 0x000001ac75c3bbc0 Thread exited: 0x000001ac75c3bbc0
Event: 19.473 Thread 0x000001ac75c3aba0 Thread added: 0x000001ac75c3f430
Event: 19.556 Thread 0x000001ac75c3dc00 Thread exited: 0x000001ac75c3dc00
Event: 20.622 Thread 0x000001ac75c3f430 Thread exited: 0x000001ac75c3f430


Dynamic libraries:
0x00007ff7eca00000 - 0x00007ff7eca0e000 	C:\jdk-25\bin\javaw.exe
0x00007ffbf6740000 - 0x00007ffbf69a9000 	C:\WINDOWS\SYSTEM32\ntdll.dll
0x00007ffbf51c0000 - 0x00007ffbf5289000 	C:\WINDOWS\System32\KERNEL32.DLL
0x00007ffbf38d0000 - 0x00007ffbf3cc3000 	C:\WINDOWS\System32\KERNELBASE.dll
0x000000006a750000 - 0x000000006a7ee000 	C:\ProgramData\Symantec\Symantec Endpoint Protection\14.3.9681.7000.105\Data\Sysfer\x64\sysfer.dll
0x00007ffbf3cd0000 - 0x00007ffbf3e1b000 	C:\WINDOWS\System32\ucrtbase.dll
0x00007ffbd0550000 - 0x00007ffbd0567000 	C:\jdk-25\bin\jli.dll
0x00007ffbca280000 - 0x00007ffbca29e000 	C:\jdk-25\bin\VCRUNTIME140.dll
0x00007ffbf47d0000 - 0x00007ffbf4994000 	C:\WINDOWS\System32\USER32.dll
0x00007ffbf4440000 - 0x00007ffbf4467000 	C:\WINDOWS\System32\win32u.dll
0x00007ffbd6750000 - 0x00007ffbd69e3000 	C:\WINDOWS\WinSxS\amd64_microsoft.windows.common-controls_6595b64144ccf1df_6.0.26100.5074_none_3e0d6f78e32fd63f\COMCTL32.dll
0x00007ffbf5aa0000 - 0x00007ffbf5acb000 	C:\WINDOWS\System32\GDI32.dll
0x00007ffbf49b0000 - 0x00007ffbf4a59000 	C:\WINDOWS\System32\msvcrt.dll
0x00007ffbf4060000 - 0x00007ffbf418d000 	C:\WINDOWS\System32\gdi32full.dll
0x00007ffbf4190000 - 0x00007ffbf4233000 	C:\WINDOWS\System32\msvcp_win.dll
0x00007ffbf5b60000 - 0x00007ffbf5b8f000 	C:\WINDOWS\System32\IMM32.DLL
0x00007ffbca2b0000 - 0x00007ffbca2bc000 	C:\jdk-25\bin\vcruntime140_1.dll
0x00007ffbb1390000 - 0x00007ffbb141d000 	C:\jdk-25\bin\msvcp140.dll
0x00007ffb7e640000 - 0x00007ffb7f49f000 	C:\jdk-25\bin\server\jvm.dll
0x00007ffbf5090000 - 0x00007ffbf5144000 	C:\WINDOWS\System32\ADVAPI32.dll
0x00007ffbf4ee0000 - 0x00007ffbf4f86000 	C:\WINDOWS\System32\sechost.dll
0x00007ffbf5e10000 - 0x00007ffbf5f28000 	C:\WINDOWS\System32\RPCRT4.dll
0x00007ffbf4a60000 - 0x00007ffbf4ad4000 	C:\WINDOWS\System32\WS2_32.dll
0x00007ffbf3730000 - 0x00007ffbf378e000 	C:\WINDOWS\SYSTEM32\POWRPROF.dll
0x00007ffbe9250000 - 0x00007ffbe9285000 	C:\WINDOWS\SYSTEM32\WINMM.dll
0x00007ffbdd590000 - 0x00007ffbdd59b000 	C:\WINDOWS\SYSTEM32\VERSION.dll
0x00007ffbf3660000 - 0x00007ffbf3674000 	C:\WINDOWS\SYSTEM32\UMPDC.dll
0x00007ffbf2670000 - 0x00007ffbf268b000 	C:\WINDOWS\SYSTEM32\kernel.appcore.dll
0x00007ffbc9f70000 - 0x00007ffbc9f7a000 	C:\jdk-25\bin\jimage.dll
0x00007ffbf0d40000 - 0x00007ffbf0f82000 	C:\WINDOWS\SYSTEM32\DBGHELP.DLL
0x00007ffbf5290000 - 0x00007ffbf560b000 	C:\WINDOWS\System32\combase.dll
0x00007ffbf46f0000 - 0x00007ffbf47c7000 	C:\WINDOWS\System32\OLEAUT32.dll
0x00007ffbc9db0000 - 0x00007ffbc9ded000 	C:\WINDOWS\SYSTEM32\dbgcore.DLL
0x00007ffbf4470000 - 0x00007ffbf4509000 	C:\WINDOWS\System32\bcryptPrimitives.dll
0x00007ffbb5830000 - 0x00007ffbb584f000 	C:\jdk-25\bin\java.dll
0x00007ffbf4d40000 - 0x00007ffbf4ed8000 	C:\WINDOWS\System32\ole32.dll
0x00007ffbf5fb0000 - 0x00007ffbf66fd000 	C:\WINDOWS\System32\SHELL32.dll
0x00007ffbf42d0000 - 0x00007ffbf443c000 	C:\WINDOWS\System32\wintypes.dll
0x00007ffbf13f0000 - 0x00007ffbf1c49000 	C:\WINDOWS\SYSTEM32\windows.storage.dll
0x00007ffbf4f90000 - 0x00007ffbf5080000 	C:\WINDOWS\System32\SHCORE.dll
0x00007ffbf5ba0000 - 0x00007ffbf5c02000 	C:\WINDOWS\System32\shlwapi.dll
0x00007ffbf37f0000 - 0x00007ffbf3819000 	C:\WINDOWS\SYSTEM32\profapi.dll
0x00007ffbb31d0000 - 0x00007ffbb31e2000 	C:\jdk-25\bin\net.dll
0x00007ffbf2bd0000 - 0x00007ffbf2c3b000 	C:\WINDOWS\system32\mswsock.dll
0x00007ffbb2120000 - 0x00007ffbb2136000 	C:\jdk-25\bin\nio.dll
0x00007ffbb2100000 - 0x00007ffbb2117000 	C:\jdk-25\bin\zip.dll
0x000001ac48b30000 - 0x000001ac48b33000 	C:\javafx-sdk-21\javafx-sdk-21\bin\api-ms-win-core-console-l1-1-0.dll
0x000001ac48b40000 - 0x000001ac48b43000 	C:\javafx-sdk-21\javafx-sdk-21\bin\api-ms-win-core-console-l1-2-0.dll
0x000001ac48b50000 - 0x000001ac48b53000 	C:\javafx-sdk-21\javafx-sdk-21\bin\api-ms-win-core-datetime-l1-1-0.dll
0x000001ac48b60000 - 0x000001ac48b63000 	C:\javafx-sdk-21\javafx-sdk-21\bin\api-ms-win-core-debug-l1-1-0.dll
0x000001ac48b70000 - 0x000001ac48b73000 	C:\javafx-sdk-21\javafx-sdk-21\bin\api-ms-win-core-errorhandling-l1-1-0.dll
0x000001ac48b80000 - 0x000001ac48b84000 	C:\javafx-sdk-21\javafx-sdk-21\bin\api-ms-win-core-file-l1-1-0.dll
0x000001ac48b90000 - 0x000001ac48b93000 	C:\javafx-sdk-21\javafx-sdk-21\bin\api-ms-win-core-file-l1-2-0.dll
0x000001ac48ec0000 - 0x000001ac48ec3000 	C:\javafx-sdk-21\javafx-sdk-21\bin\api-ms-win-core-file-l2-1-0.dll
0x000001ac69f70000 - 0x000001ac69f73000 	C:\javafx-sdk-21\javafx-sdk-21\bin\api-ms-win-core-handle-l1-1-0.dll
0x000001ac69f80000 - 0x000001ac69f83000 	C:\javafx-sdk-21\javafx-sdk-21\bin\api-ms-win-core-heap-l1-1-0.dll
0x000001ac69f90000 - 0x000001ac69f93000 	C:\javafx-sdk-21\javafx-sdk-21\bin\api-ms-win-core-interlocked-l1-1-0.dll
0x000001ac69fa0000 - 0x000001ac69fa3000 	C:\javafx-sdk-21\javafx-sdk-21\bin\api-ms-win-core-libraryloader-l1-1-0.dll
0x000001ac69fb0000 - 0x000001ac69fb3000 	C:\javafx-sdk-21\javafx-sdk-21\bin\api-ms-win-core-localization-l1-2-0.dll
0x000001ac69fc0000 - 0x000001ac69fc3000 	C:\javafx-sdk-21\javafx-sdk-21\bin\api-ms-win-core-memory-l1-1-0.dll
0x000001ac69fd0000 - 0x000001ac69fd3000 	C:\javafx-sdk-21\javafx-sdk-21\bin\api-ms-win-core-namedpipe-l1-1-0.dll
0x000001ac69fe0000 - 0x000001ac69fe3000 	C:\javafx-sdk-21\javafx-sdk-21\bin\api-ms-win-core-processenvironment-l1-1-0.dll
0x000001ac69ff0000 - 0x000001ac69ff3000 	C:\javafx-sdk-21\javafx-sdk-21\bin\api-ms-win-core-processthreads-l1-1-0.dll
0x000001ac6fbd0000 - 0x000001ac6fbd3000 	C:\javafx-sdk-21\javafx-sdk-21\bin\api-ms-win-core-processthreads-l1-1-1.dll
0x000001ac6fbe0000 - 0x000001ac6fbe3000 	C:\javafx-sdk-21\javafx-sdk-21\bin\api-ms-win-core-profile-l1-1-0.dll
0x000001ac6ff20000 - 0x000001ac6ff23000 	C:\javafx-sdk-21\javafx-sdk-21\bin\api-ms-win-core-rtlsupport-l1-1-0.dll
0x000001ac6ff30000 - 0x000001ac6ff33000 	C:\javafx-sdk-21\javafx-sdk-21\bin\api-ms-win-core-string-l1-1-0.dll
0x000001ac6ff40000 - 0x000001ac6ff43000 	C:\javafx-sdk-21\javafx-sdk-21\bin\api-ms-win-core-synch-l1-1-0.dll
0x000001ac6ff50000 - 0x000001ac6ff53000 	C:\javafx-sdk-21\javafx-sdk-21\bin\api-ms-win-core-synch-l1-2-0.dll
0x000001ac6fbf0000 - 0x000001ac6fbf3000 	C:\javafx-sdk-21\javafx-sdk-21\bin\api-ms-win-core-sysinfo-l1-1-0.dll
0x000001ac6fc00000 - 0x000001ac6fc03000 	C:\javafx-sdk-21\javafx-sdk-21\bin\api-ms-win-core-timezone-l1-1-0.dll
0x000001ac6fc10000 - 0x000001ac6fc13000 	C:\javafx-sdk-21\javafx-sdk-21\bin\api-ms-win-core-util-l1-1-0.dll
0x000001ac6fc20000 - 0x000001ac6fc23000 	C:\javafx-sdk-21\javafx-sdk-21\bin\api-ms-win-crt-conio-l1-1-0.dll
0x000001ac6fc30000 - 0x000001ac6fc34000 	C:\javafx-sdk-21\javafx-sdk-21\bin\api-ms-win-crt-convert-l1-1-0.dll
0x000001ac6fc40000 - 0x000001ac6fc43000 	C:\javafx-sdk-21\javafx-sdk-21\bin\api-ms-win-crt-environment-l1-1-0.dll
0x000001ac6fc50000 - 0x000001ac6fc53000 	C:\javafx-sdk-21\javafx-sdk-21\bin\api-ms-win-crt-filesystem-l1-1-0.dll
0x000001ac6fc60000 - 0x000001ac6fc63000 	C:\javafx-sdk-21\javafx-sdk-21\bin\api-ms-win-crt-heap-l1-1-0.dll
0x000001ac6fc70000 - 0x000001ac6fc73000 	C:\javafx-sdk-21\javafx-sdk-21\bin\api-ms-win-crt-locale-l1-1-0.dll
0x000001ac6fc80000 - 0x000001ac6fc85000 	C:\javafx-sdk-21\javafx-sdk-21\bin\api-ms-win-crt-math-l1-1-0.dll
0x000001ac6fc90000 - 0x000001ac6fc95000 	C:\javafx-sdk-21\javafx-sdk-21\bin\api-ms-win-crt-multibyte-l1-1-0.dll
0x000001ac6fca0000 - 0x000001ac6fcb0000 	C:\javafx-sdk-21\javafx-sdk-21\bin\api-ms-win-crt-private-l1-1-0.dll
0x000001ac6fcb0000 - 0x000001ac6fcb3000 	C:\javafx-sdk-21\javafx-sdk-21\bin\api-ms-win-crt-process-l1-1-0.dll
0x000001ac6fcc0000 - 0x000001ac6fcc4000 	C:\javafx-sdk-21\javafx-sdk-21\bin\api-ms-win-crt-runtime-l1-1-0.dll
0x000001ac6fcd0000 - 0x000001ac6fcd4000 	C:\javafx-sdk-21\javafx-sdk-21\bin\api-ms-win-crt-stdio-l1-1-0.dll
0x000001ac6fce0000 - 0x000001ac6fce4000 	C:\javafx-sdk-21\javafx-sdk-21\bin\api-ms-win-crt-string-l1-1-0.dll
0x000001ac6fcf0000 - 0x000001ac6fcf3000 	C:\javafx-sdk-21\javafx-sdk-21\bin\api-ms-win-crt-time-l1-1-0.dll
0x000001ac6fd00000 - 0x000001ac6fd03000 	C:\javafx-sdk-21\javafx-sdk-21\bin\api-ms-win-crt-utility-l1-1-0.dll
0x00007ffbc15f0000 - 0x00007ffbc16ec000 	C:\javafx-sdk-21\javafx-sdk-21\bin\ucrtbase.dll
0x00007ffbd0510000 - 0x00007ffbd052b000 	C:\javafx-sdk-21\javafx-sdk-21\bin\vcruntime140.dll
0x00007ffbef850000 - 0x00007ffbef85c000 	C:\javafx-sdk-21\javafx-sdk-21\bin\vcruntime140_1.dll
0x00007ffbb12a0000 - 0x00007ffbb132e000 	C:\javafx-sdk-21\javafx-sdk-21\bin\msvcp140.dll
0x00007ffbda700000 - 0x00007ffbda709000 	C:\javafx-sdk-21\javafx-sdk-21\bin\msvcp140_1.dll
0x00007ffbca330000 - 0x00007ffbca371000 	C:\javafx-sdk-21\javafx-sdk-21\bin\msvcp140_2.dll
0x00007ffbd04e0000 - 0x00007ffbd0510000 	C:\javafx-sdk-21\javafx-sdk-21\bin\prism_d3d.dll
0x00007ffbb00d0000 - 0x00007ffbb0281000 	C:\WINDOWS\system32\d3d9.dll
0x00007ffbf0740000 - 0x00007ffbf076b000 	C:\WINDOWS\SYSTEM32\dwmapi.dll
0x00007ffbf0590000 - 0x00007ffbf05d4000 	C:\WINDOWS\SYSTEM32\dxcore.dll
0x00007ffbf0480000 - 0x00007ffbf0528000 	C:\WINDOWS\system32\uxtheme.dll
0x00007ffb8dba0000 - 0x00007ffb8de3f000 	C:\WINDOWS\System32\DriverStore\FileRepository\iigd_dch.inf_amd64_cc53041c629cfdec\igdumdim64.dll
0x00007ffb7b0c0000 - 0x00007ffb7cd5a000 	C:\WINDOWS\System32\DriverStore\FileRepository\iigd_dch.inf_amd64_cc53041c629cfdec\igd9trinity64.dll
0x00007ffbf05e0000 - 0x00007ffbf071a000 	C:\WINDOWS\system32\dxgi.dll
0x00007ffbe8b80000 - 0x00007ffbe912b000 	C:\WINDOWS\System32\DriverStore\FileRepository\iigd_dch.inf_amd64_cc53041c629cfdec\igdgmm64.dll
0x00007ffbe36c0000 - 0x00007ffbe8974000 	C:\WINDOWS\System32\DriverStore\FileRepository\iigd_dch.inf_amd64_cc53041c629cfdec\igc64.dll
0x00007ffbf34a0000 - 0x00007ffbf34f7000 	C:\WINDOWS\SYSTEM32\CFGMGR32.dll
0x00007ffbeb490000 - 0x00007ffbeb4f0000 	C:\WINDOWS\SYSTEM32\directxdatabasehelper.dll
0x00007ffb79950000 - 0x00007ffb7b0bb000 	C:\WINDOWS\System32\DriverStore\FileRepository\iigd_dch.inf_amd64_cc53041c629cfdec\igd9dxva64.dll
0x00007ffbf5610000 - 0x00007ffbf5a97000 	C:\WINDOWS\System32\SETUPAPI.dll
0x00007ffbd1f50000 - 0x00007ffbd4023000 	C:\WINDOWS\System32\DriverStore\FileRepository\iigd_dch.inf_amd64_cc53041c629cfdec\media_bin_64.dll
0x00007ffbca0a0000 - 0x00007ffbca0e2000 	C:\javafx-sdk-21\javafx-sdk-21\bin\glass.dll
0x00007ffbf5d10000 - 0x00007ffbf5e01000 	C:\WINDOWS\System32\COMDLG32.dll
0x00007ffbf4590000 - 0x00007ffbf46e8000 	C:\WINDOWS\System32\MSCTF.dll
0x00007ffb8d9f0000 - 0x00007ffb8db91000 	C:\WINDOWS\System32\DriverStore\FileRepository\iigd_dch.inf_amd64_cc53041c629cfdec\igdml64.dll
0x00007ffbdfd40000 - 0x00007ffbdfd68000 	C:\WINDOWS\System32\DriverStore\FileRepository\iigd_dch.inf_amd64_cc53041c629cfdec\igdinfo64.dll
0x00007ffbcdd60000 - 0x00007ffbcdd74000 	C:\javafx-sdk-21\javafx-sdk-21\bin\javafx_font.dll
0x00007ffbed700000 - 0x00007ffbed967000 	C:\WINDOWS\SYSTEM32\dwrite.dll
0x00007ffbf5c40000 - 0x00007ffbf5cf1000 	C:\WINDOWS\System32\clbcatq.dll
0x00007ffbed4c0000 - 0x00007ffbed6ef000 	C:\WINDOWS\SYSTEM32\WindowsCodecs.dll
0x00007ffbae800000 - 0x00007ffbae85a000 	C:\WINDOWS\system32\dataexchange.dll
0x00007ffbe2db0000 - 0x00007ffbe2fe9000 	C:\WINDOWS\system32\twinapi.appcore.dll
0x00007ffbc9fd0000 - 0x00007ffbc9ffc000 	C:\Program Files\Common Files\Microsoft Shared\Ink\rtscom.dll
0x00007ffbe05b0000 - 0x00007ffbe06f9000 	C:\WINDOWS\SYSTEM32\textinputframework.dll
0x00007ffbee8b0000 - 0x00007ffbee9d5000 	C:\WINDOWS\SYSTEM32\CoreMessaging.dll
0x00007ffbeae00000 - 0x00007ffbeb0e3000 	C:\WINDOWS\SYSTEM32\CoreUIComponents.dll
0x00007ffbf2f00000 - 0x00007ffbf2f0c000 	C:\WINDOWS\SYSTEM32\CRYPTBASE.DLL
0x00007ffbef690000 - 0x00007ffbef794000 	C:\WINDOWS\SYSTEM32\PROPSYS.dll
0x00007ffb83fc0000 - 0x00007ffb8416c000 	C:\WINDOWS\SYSTEM32\DUI70.dll
0x00007ffbafed0000 - 0x00007ffbaff74000 	C:\WINDOWS\SYSTEM32\DUser.dll
0x00007ffbb11f0000 - 0x00007ffbb128e000 	C:\Program Files\Common Files\microsoft shared\ink\tiptsf.dll

JVMTI agents: none

dbghelp: loaded successfully - version: 4.0.5 - missing functions: none
symbol engine: initialized successfully - sym options: 0x614 - pdb path: .;C:\jdk-25\bin;C:\WINDOWS\SYSTEM32;C:\ProgramData\Symantec\Symantec Endpoint Protection\14.3.9681.7000.105\Data\Sysfer\x64;C:\WINDOWS\WinSxS\amd64_microsoft.windows.common-controls_6595b64144ccf1df_6.0.26100.5074_none_3e0d6f78e32fd63f;C:\jdk-25\bin\server;C:\javafx-sdk-21\javafx-sdk-21\bin;C:\WINDOWS\System32\DriverStore\FileRepository\iigd_dch.inf_amd64_cc53041c629cfdec;C:\Program Files\Common Files\Microsoft Shared\Ink;C:\WINDOWS\WinSxS\amd64_microsoft.windows.gdiplus_6595b64144ccf1df_1.1.26100.5074_none_6ef8625e3dc2500d

VM Arguments:
jvm_args: -Xms256m -Xmx3g --enable-native-access=javafx.graphics --module-path=C:\javafx-sdk-21\javafx-sdk-21\lib --add-modules=javafx.controls,javafx.fxml,javafx.graphics,javafx.base,javafx.media,javafx.swing,javafx.web -Dfile.encoding=UTF-8 -Dstdout.encoding=UTF-8 -Dstderr.encoding=UTF-8 -XX:+ShowCodeDetailsInExceptionMessages 
java_command: model.Main
java_class_path (initial): C:\Users\General\Downloads\Airway_Analysis\Airway_Analysis\bin;C:\Users\General\Downloads\Airway_Analysis\Airway_Analysis\lib\niftijio.jar;C:\javafx-sdk-21\javafx-sdk-21\lib\javafx.base.jar;C:\javafx-sdk-21\javafx-sdk-21\lib\javafx.controls.jar;C:\javafx-sdk-21\javafx-sdk-21\lib\javafx.fxml.jar;C:\javafx-sdk-21\javafx-sdk-21\lib\javafx.graphics.jar;C:\javafx-sdk-21\javafx-sdk-21\lib\javafx.media.jar;C:\javafx-sdk-21\javafx-sdk-21\lib\javafx.swing.jar;C:\javafx-sdk-21\javafx-sdk-21\lib\javafx.web.jar;C:\javafx-sdk-21\javafx-sdk-21\lib\javafx-swt.jar
Launcher Type: SUN_STANDARD

[Global flags]
     intx CICompilerCount                          = 12                                        {product} {ergonomic}
     uint ConcGCThreads                            = 4                                         {product} {ergonomic}
     uint G1ConcRefinementThreads                  = 15                                        {product} {ergonomic}
   size_t G1HeapRegionSize                         = 2097152                                   {product} {ergonomic}
   size_t InitialHeapSize                          = 268435456                                 {product} {command line}
   size_t MarkStackSize                            = 4194304                                   {product} {ergonomic}
   size_t MarkStackSizeMax                         = 536870912                                 {product} {ergonomic}
   size_t MaxHeapSize                              = 3221225472                                {product} {command line}
   size_t MaxNewSize                               = 1931476992                                {product} {ergonomic}
   size_t MinHeapDeltaBytes                        = 2097152                                   {product} {ergonomic}
   size_t MinHeapSize                              = 268435456                                 {product} {command line}
    uintx NonNMethodCodeHeapSize                   = 7602176                                {pd product} {ergonomic}
    uintx NonProfiledCodeHeapSize                  = 122093568                              {pd product} {ergonomic}
    uintx ProfiledCodeHeapSize                     = 121962496                              {pd product} {ergonomic}
    uintx ReservedCodeCacheSize                    = 251658240                              {pd product} {ergonomic}
     bool SegmentedCodeCache                       = true                                      {product} {ergonomic}
     bool ShowCodeDetailsInExceptionMessages       = true                                   {manageable} {command line}
   size_t SoftMaxHeapSize                          = 3221225472                             {manageable} {ergonomic}
     bool UseCompressedOops                        = true                           {product lp64_product} {ergonomic}
     bool UseG1GC                                  = true                                      {product} {ergonomic}
     bool UseLargePagesIndividualAllocation        = false                                  {pd product} {ergonomic}

Logging:
Log output configuration:
 #0: stdout all=warning uptime,level,tags foldmultilines=false
 #1: stderr all=off uptime,level,tags foldmultilines=false

Release file:
IMPLEMENTOR="Oracle Corporation" 
JAVA_RUNTIME_VERSION="25.0.1+8-27" 
JAVA_VERSION="25.0.1" 
JAVA_VERSION_DATE="2025-10-21" 
LIBC="default" 
MODULES="java.base java.compiler java.datatransfer java.xml java.prefs java.desktop java.instrument java.logging java.management java.security.sasl java.naming java.rmi java.management.rmi java.net.http java.scripting java.security.jgss java.transaction.xa java.sql java.sql.rowset java.xml.crypto java.se java.smartcardio jdk.accessibility jdk.internal.jvmstat jdk.attach jdk.charsets jdk.internal.opt jdk.zipfs jdk.compiler jdk.crypto.cryptoki jdk.crypto.ec jdk.crypto.mscapi jdk.dynalink jdk.internal.ed jdk.editpad jdk.internal.vm.ci jdk.graal.compiler jdk.graal.compiler.management jdk.hotspot.agent jdk.httpserver jdk.incubator.vector jdk.internal.le jdk.internal.md jdk.jartool jdk.javadoc jdk.jcmd jdk.management jdk.management.agent jdk.jconsole jdk.jdeps jdk.jdwp.agent jdk.jdi jdk.jfr jdk.jlink jdk.jpackage jdk.jshell jdk.jsobject jdk.jstatd jdk.localedata jdk.management.jfr jdk.naming.dns jdk.naming.rmi jdk.net jdk.nio.mapmode jdk.sctp jdk.security.auth jdk.security.jgss jdk.unsupported jdk.unsupported.desktop jdk.xml.dom" 
OS_ARCH="x86_64" 
OS_NAME="Windows" 
SOURCE=".:git:78770bfaefd2" 

Environment Variables:
PATH=C:\WINDOWS\system32;C:\WINDOWS;C:\WINDOWS\System32\Wbem;C:\WINDOWS\System32\WindowsPowerShell\v1.0\;C:\WINDOWS\System32\OpenSSH\;C:\Program Files (x86)\Microsoft SQL Server\160\Tools\Binn\;C:\Program Files\Microsoft SQL Server\160\Tools\Binn\;C:\Program Files\Microsoft SQL Server\Client SDK\ODBC\170\Tools\Binn\;C:\Program Files\Microsoft SQL Server\160\DTS\Binn\;C:\Program Files (x86)\Microsoft SQL Server\160\DTS\Binn\;C:\Program Files\Azure Data Studio\bin;C:\Program Files\Microsoft SQL Server\130\Tools\Binn\;C:\Program Files (x86)\Windows Kits\10\Windows Performance Toolkit\;C:\Program Files (x86)\Windows Kits\10\Microsoft Application Virtualization\Sequencer\;C:\Users\General\AppData\Local\Microsoft\WindowsApps;
USERNAME=General
OS=Windows_NT
PROCESSOR_IDENTIFIER=Intel64 Family 6 Model 191 Stepping 2, GenuineIntel
TMP=C:\Users\General\AppData\Local\Temp
TEMP=C:\Users\General\AppData\Local\Temp




Compilation memory statistics disabled.

Periodic native trim disabled

---------------  S Y S T E M  ---------------

OS:
 Windows 11 , 64 bit Build 26100 (10.0.26100.5074)
OS uptime: 1 days 8:34 hours
Hyper-V role detected

CPU: total 20 (initial active 20) (10 cores per cpu, 2 threads per core) family 6 model 191 stepping 2 microcode 0x3a, cx8, cmov, fxsr, ht, mmx, 3dnowpref, sse, sse2, sse3, ssse3, sse4.1, sse4.2, popcnt, lzcnt, tsc, tscinvbit, avx, avx2, aes, erms, clmul, bmi1, bmi2, adx, sha, fma, vzeroupper, clflush, clflushopt, clwb, hv, serialize, rdtscp, rdpid, fsrm, gfni, f16c, cet_ibt, cet_ss
Processor Information for the first 20 processors :
  Max Mhz: 2600, Current Mhz: 2600, Mhz Limit: 2600

Memory: 4k page, system-wide physical 7878M (1101M free)
TotalPageFile size 16070M (AvailPageFile size 622M)
current process WorkingSet (physical memory assigned to process): 1865M, peak: 2239M
current process commit charge ("private bytes"): 2812M, peak: 3456M

vm_info: OpenJDK 64-Bit Server VM (25.0.1+8-27) for windows-amd64 JRE (25.0.1+8-27), built on 2025-09-25T16:41:16Z with unknown MS VC++:1943

END.
